INFO:OptimizedDDPG:环境初始化，状态维度=17，动作维度=59
INFO:OptimizedDDPG:训练参数：50个用户，3个UAV，场景：default
WARNING:absl:At this time, the v2.11+ optimizer `tf.keras.optimizers.Adam` runs slowly on M1/M2 Macs, please use the legacy Keras optimizer instead, located at `tf.keras.optimizers.legacy.Adam`.
WARNING:absl:At this time, the v2.11+ optimizer `tf.keras.optimizers.Adam` runs slowly on M1/M2 Macs, please use the legacy Keras optimizer instead, located at `tf.keras.optimizers.legacy.Adam`.
INFO:OptimizedDDPG:开始预填充经验回放缓冲区 (5000 步)...
INFO:OptimizedDDPG:开始训练 5000 个回合...
INFO:OptimizedDDPG:回合 1/5000 - 奖励: -0.22, 延迟: 68.1531s, 能耗: 0.0000J, 成功率: 38.0%, 步数: 1, 时间: 0.1s
INFO:tensorflow:Assets written to: python/saved_models/ddpg_default_best_actor_saved_model/assets
INFO:tensorflow:Assets written to: python/saved_models/ddpg_default_best_critic_saved_model/assets
INFO:OptimizedDDPG:发现更好的模型 (奖励: -0.22)，已保存到 python/saved_models/ddpg_default_best
INFO:OptimizedDDPG:回合 10/5000 - 奖励: -0.22, 延迟: 68.1531s, 能耗: 0.0000J, 成功率: 38.0%, 步数: 1, 时间: 0.0s
INFO:OptimizedDDPG:回合 20/5000 - 奖励: -0.22, 延迟: 68.1531s, 能耗: 0.0000J, 成功率: 38.0%, 步数: 1, 时间: 0.0s
INFO:OptimizedDDPG:回合 30/5000 - 奖励: -0.22, 延迟: 68.1531s, 能耗: 0.0000J, 成功率: 38.0%, 步数: 1, 时间: 0.0s
INFO:OptimizedDDPG:回合 40/5000 - 奖励: -0.22, 延迟: 68.1531s, 能耗: 0.0000J, 成功率: 38.0%, 步数: 1, 时间: 0.0s
INFO:OptimizedDDPG:回合 50/5000 - 奖励: -0.22, 延迟: 68.1531s, 能耗: 0.0000J, 成功率: 38.0%, 步数: 1, 时间: 0.0s
INFO:OptimizedDDPG:回合 60/5000 - 奖励: -0.22, 延迟: 68.1531s, 能耗: 0.0000J, 成功率: 38.0%, 步数: 1, 时间: 0.0s
INFO:OptimizedDDPG:回合 70/5000 - 奖励: -0.22, 延迟: 68.1531s, 能耗: 0.0000J, 成功率: 38.0%, 步数: 1, 时间: 0.0s
INFO:OptimizedDDPG:回合 80/5000 - 奖励: -0.22, 延迟: 68.1531s, 能耗: 0.0000J, 成功率: 38.0%, 步数: 1, 时间: 0.0s
INFO:OptimizedDDPG:回合 90/5000 - 奖励: -0.22, 延迟: 68.1531s, 能耗: 0.0000J, 成功率: 38.0%, 步数: 1, 时间: 0.0s
INFO:OptimizedDDPG:回合 100/5000 - 奖励: -0.22, 延迟: 68.1531s, 能耗: 0.0000J, 成功率: 38.0%, 步数: 1, 时间: 0.0s
INFO:tensorflow:Assets written to: python/saved_models/ddpg_default_ep100_actor_saved_model/assets
INFO:tensorflow:Assets written to: python/saved_models/ddpg_default_ep100_critic_saved_model/assets
INFO:OptimizedDDPG:检查点已保存到 python/saved_models/ddpg_default_ep100
INFO:OptimizedDDPG:回合 110/5000 - 奖励: -0.22, 延迟: 68.1531s, 能耗: 0.0000J, 成功率: 38.0%, 步数: 1, 时间: 0.0s
INFO:OptimizedDDPG:回合 120/5000 - 奖励: -0.22, 延迟: 68.1531s, 能耗: 0.0000J, 成功率: 38.0%, 步数: 1, 时间: 0.0s
INFO:OptimizedDDPG:回合 130/5000 - 奖励: -0.22, 延迟: 68.1531s, 能耗: 0.0000J, 成功率: 38.0%, 步数: 1, 时间: 0.0s
INFO:OptimizedDDPG:回合 140/5000 - 奖励: -0.22, 延迟: 68.1531s, 能耗: 0.0000J, 成功率: 38.0%, 步数: 1, 时间: 0.0s
INFO:OptimizedDDPG:回合 150/5000 - 奖励: -0.22, 延迟: 68.1531s, 能耗: 0.0000J, 成功率: 38.0%, 步数: 1, 时间: 0.0s
INFO:OptimizedDDPG:回合 160/5000 - 奖励: -0.22, 延迟: 68.1531s, 能耗: 0.0000J, 成功率: 38.0%, 步数: 1, 时间: 0.0s
INFO:OptimizedDDPG:回合 170/5000 - 奖励: -0.22, 延迟: 68.1531s, 能耗: 0.0000J, 成功率: 38.0%, 步数: 1, 时间: 0.0s
INFO:OptimizedDDPG:回合 180/5000 - 奖励: -0.22, 延迟: 68.1531s, 能耗: 0.0000J, 成功率: 38.0%, 步数: 1, 时间: 0.0s
INFO:OptimizedDDPG:回合 190/5000 - 奖励: -0.22, 延迟: 68.1531s, 能耗: 0.0000J, 成功率: 38.0%, 步数: 1, 时间: 0.0s
INFO:OptimizedDDPG:回合 200/5000 - 奖励: -0.22, 延迟: 68.1531s, 能耗: 0.0000J, 成功率: 38.0%, 步数: 1, 时间: 0.0s
INFO:tensorflow:Assets written to: python/saved_models/ddpg_default_ep200_actor_saved_model/assets
INFO:tensorflow:Assets written to: python/saved_models/ddpg_default_ep200_critic_saved_model/assets
INFO:OptimizedDDPG:检查点已保存到 python/saved_models/ddpg_default_ep200
INFO:OptimizedDDPG:回合 210/5000 - 奖励: -0.22, 延迟: 68.1531s, 能耗: 0.0000J, 成功率: 38.0%, 步数: 1, 时间: 0.0s
INFO:OptimizedDDPG:回合 220/5000 - 奖励: -0.22, 延迟: 68.1531s, 能耗: 0.0000J, 成功率: 38.0%, 步数: 1, 时间: 0.0s
INFO:OptimizedDDPG:回合 230/5000 - 奖励: -0.22, 延迟: 68.1531s, 能耗: 0.0000J, 成功率: 38.0%, 步数: 1, 时间: 0.0s
INFO:OptimizedDDPG:回合 240/5000 - 奖励: -0.22, 延迟: 68.1531s, 能耗: 0.0000J, 成功率: 38.0%, 步数: 1, 时间: 0.0s
INFO:OptimizedDDPG:回合 250/5000 - 奖励: -0.22, 延迟: 68.1531s, 能耗: 0.0000J, 成功率: 38.0%, 步数: 1, 时间: 0.1s
INFO:OptimizedDDPG:回合 260/5000 - 奖励: -0.22, 延迟: 68.1531s, 能耗: 0.0000J, 成功率: 38.0%, 步数: 1, 时间: 0.1s
INFO:OptimizedDDPG:回合 270/5000 - 奖励: -0.22, 延迟: 68.1531s, 能耗: 0.0000J, 成功率: 38.0%, 步数: 1, 时间: 0.0s
INFO:OptimizedDDPG:回合 280/5000 - 奖励: -0.22, 延迟: 68.1531s, 能耗: 0.0000J, 成功率: 38.0%, 步数: 1, 时间: 0.0s
INFO:OptimizedDDPG:回合 290/5000 - 奖励: -0.22, 延迟: 68.1531s, 能耗: 0.0000J, 成功率: 38.0%, 步数: 1, 时间: 0.0s
INFO:OptimizedDDPG:回合 300/5000 - 奖励: -0.22, 延迟: 68.1531s, 能耗: 0.0000J, 成功率: 38.0%, 步数: 1, 时间: 0.0s
INFO:tensorflow:Assets written to: python/saved_models/ddpg_default_ep300_actor_saved_model/assets
INFO:tensorflow:Assets written to: python/saved_models/ddpg_default_ep300_critic_saved_model/assets
INFO:OptimizedDDPG:检查点已保存到 python/saved_models/ddpg_default_ep300
INFO:OptimizedDDPG:回合 310/5000 - 奖励: -0.22, 延迟: 68.1531s, 能耗: 0.0000J, 成功率: 38.0%, 步数: 1, 时间: 0.0s
INFO:OptimizedDDPG:回合 320/5000 - 奖励: -0.22, 延迟: 68.1531s, 能耗: 0.0000J, 成功率: 38.0%, 步数: 1, 时间: 0.1s
INFO:OptimizedDDPG:回合 330/5000 - 奖励: -0.22, 延迟: 68.1531s, 能耗: 0.0000J, 成功率: 38.0%, 步数: 1, 时间: 0.0s
INFO:OptimizedDDPG:回合 340/5000 - 奖励: -0.22, 延迟: 68.1531s, 能耗: 0.0000J, 成功率: 38.0%, 步数: 1, 时间: 0.1s
INFO:OptimizedDDPG:回合 350/5000 - 奖励: -0.22, 延迟: 68.1531s, 能耗: 0.0000J, 成功率: 38.0%, 步数: 1, 时间: 0.0s
INFO:OptimizedDDPG:回合 360/5000 - 奖励: -0.22, 延迟: 68.1531s, 能耗: 0.0000J, 成功率: 38.0%, 步数: 1, 时间: 0.0s
INFO:OptimizedDDPG:回合 370/5000 - 奖励: -0.22, 延迟: 68.1531s, 能耗: 0.0000J, 成功率: 38.0%, 步数: 1, 时间: 0.1s
INFO:OptimizedDDPG:回合 380/5000 - 奖励: -0.22, 延迟: 68.1531s, 能耗: 0.0000J, 成功率: 38.0%, 步数: 1, 时间: 0.1s
INFO:OptimizedDDPG:回合 390/5000 - 奖励: -0.22, 延迟: 68.1531s, 能耗: 0.0000J, 成功率: 38.0%, 步数: 1, 时间: 0.0s
INFO:OptimizedDDPG:回合 400/5000 - 奖励: -0.22, 延迟: 68.1531s, 能耗: 0.0000J, 成功率: 38.0%, 步数: 1, 时间: 0.0s
INFO:tensorflow:Assets written to: python/saved_models/ddpg_default_ep400_actor_saved_model/assets
INFO:tensorflow:Assets written to: python/saved_models/ddpg_default_ep400_critic_saved_model/assets
INFO:OptimizedDDPG:检查点已保存到 python/saved_models/ddpg_default_ep400
INFO:OptimizedDDPG:回合 410/5000 - 奖励: -0.22, 延迟: 68.1531s, 能耗: 0.0000J, 成功率: 38.0%, 步数: 1, 时间: 0.0s
INFO:OptimizedDDPG:回合 420/5000 - 奖励: -0.22, 延迟: 68.1531s, 能耗: 0.0000J, 成功率: 38.0%, 步数: 1, 时间: 0.0s
INFO:OptimizedDDPG:回合 430/5000 - 奖励: -0.22, 延迟: 68.1531s, 能耗: 0.0000J, 成功率: 38.0%, 步数: 1, 时间: 0.0s
INFO:OptimizedDDPG:回合 440/5000 - 奖励: -0.22, 延迟: 68.1531s, 能耗: 0.0000J, 成功率: 38.0%, 步数: 1, 时间: 0.0s
INFO:OptimizedDDPG:回合 450/5000 - 奖励: -0.22, 延迟: 68.1531s, 能耗: 0.0000J, 成功率: 38.0%, 步数: 1, 时间: 0.0s
INFO:OptimizedDDPG:回合 460/5000 - 奖励: -0.22, 延迟: 68.1531s, 能耗: 0.0000J, 成功率: 38.0%, 步数: 1, 时间: 0.0s
INFO:OptimizedDDPG:回合 470/5000 - 奖励: -0.22, 延迟: 68.1531s, 能耗: 0.0000J, 成功率: 38.0%, 步数: 1, 时间: 0.0s
INFO:OptimizedDDPG:回合 480/5000 - 奖励: -0.22, 延迟: 68.1531s, 能耗: 0.0000J, 成功率: 38.0%, 步数: 1, 时间: 0.0s
INFO:OptimizedDDPG:回合 490/5000 - 奖励: -0.22, 延迟: 68.1531s, 能耗: 0.0000J, 成功率: 38.0%, 步数: 1, 时间: 0.0s
INFO:OptimizedDDPG:回合 500/5000 - 奖励: -0.22, 延迟: 68.1531s, 能耗: 0.0000J, 成功率: 38.0%, 步数: 1, 时间: 0.0s
INFO:tensorflow:Assets written to: python/saved_models/ddpg_default_ep500_actor_saved_model/assets
INFO:tensorflow:Assets written to: python/saved_models/ddpg_default_ep500_critic_saved_model/assets
INFO:OptimizedDDPG:检查点已保存到 python/saved_models/ddpg_default_ep500
INFO:OptimizedDDPG:回合 510/5000 - 奖励: -0.22, 延迟: 68.1531s, 能耗: 0.0000J, 成功率: 38.0%, 步数: 1, 时间: 0.0s
INFO:OptimizedDDPG:回合 520/5000 - 奖励: -0.22, 延迟: 68.1531s, 能耗: 0.0000J, 成功率: 38.0%, 步数: 1, 时间: 0.0s
INFO:OptimizedDDPG:回合 530/5000 - 奖励: -0.22, 延迟: 68.1531s, 能耗: 0.0000J, 成功率: 38.0%, 步数: 1, 时间: 0.0s
INFO:OptimizedDDPG:回合 540/5000 - 奖励: -0.22, 延迟: 68.1531s, 能耗: 0.0000J, 成功率: 38.0%, 步数: 1, 时间: 0.0s
INFO:OptimizedDDPG:回合 550/5000 - 奖励: -0.22, 延迟: 68.1531s, 能耗: 0.0000J, 成功率: 38.0%, 步数: 1, 时间: 0.0s
INFO:OptimizedDDPG:回合 560/5000 - 奖励: -0.22, 延迟: 68.1531s, 能耗: 0.0000J, 成功率: 38.0%, 步数: 1, 时间: 0.0s
INFO:OptimizedDDPG:回合 570/5000 - 奖励: -0.22, 延迟: 68.1531s, 能耗: 0.0000J, 成功率: 38.0%, 步数: 1, 时间: 0.0s
INFO:OptimizedDDPG:回合 580/5000 - 奖励: -0.22, 延迟: 68.1531s, 能耗: 0.0000J, 成功率: 38.0%, 步数: 1, 时间: 0.0s
INFO:OptimizedDDPG:回合 590/5000 - 奖励: -0.22, 延迟: 68.1531s, 能耗: 0.0000J, 成功率: 38.0%, 步数: 1, 时间: 0.0s
INFO:OptimizedDDPG:回合 600/5000 - 奖励: -0.22, 延迟: 68.1531s, 能耗: 0.0000J, 成功率: 38.0%, 步数: 1, 时间: 0.0s
INFO:tensorflow:Assets written to: python/saved_models/ddpg_default_ep600_actor_saved_model/assets
INFO:tensorflow:Assets written to: python/saved_models/ddpg_default_ep600_critic_saved_model/assets
INFO:OptimizedDDPG:检查点已保存到 python/saved_models/ddpg_default_ep600
INFO:OptimizedDDPG:回合 610/5000 - 奖励: -0.22, 延迟: 68.1531s, 能耗: 0.0000J, 成功率: 38.0%, 步数: 1, 时间: 0.0s
INFO:OptimizedDDPG:回合 620/5000 - 奖励: -0.22, 延迟: 68.1531s, 能耗: 0.0000J, 成功率: 38.0%, 步数: 1, 时间: 0.0s
INFO:OptimizedDDPG:回合 630/5000 - 奖励: -0.22, 延迟: 68.1531s, 能耗: 0.0000J, 成功率: 38.0%, 步数: 1, 时间: 0.0s
INFO:OptimizedDDPG:回合 640/5000 - 奖励: -0.22, 延迟: 68.1531s, 能耗: 0.0000J, 成功率: 38.0%, 步数: 1, 时间: 0.0s
INFO:OptimizedDDPG:回合 650/5000 - 奖励: -0.22, 延迟: 68.1531s, 能耗: 0.0000J, 成功率: 38.0%, 步数: 1, 时间: 0.0s
INFO:OptimizedDDPG:回合 660/5000 - 奖励: -0.22, 延迟: 68.1531s, 能耗: 0.0000J, 成功率: 38.0%, 步数: 1, 时间: 0.0s
INFO:OptimizedDDPG:回合 670/5000 - 奖励: -0.22, 延迟: 68.1531s, 能耗: 0.0000J, 成功率: 38.0%, 步数: 1, 时间: 0.0s
INFO:OptimizedDDPG:回合 680/5000 - 奖励: -0.22, 延迟: 68.1531s, 能耗: 0.0000J, 成功率: 38.0%, 步数: 1, 时间: 0.0s
INFO:OptimizedDDPG:回合 690/5000 - 奖励: -0.22, 延迟: 68.1531s, 能耗: 0.0000J, 成功率: 38.0%, 步数: 1, 时间: 0.0s
INFO:OptimizedDDPG:回合 700/5000 - 奖励: -0.22, 延迟: 68.1531s, 能耗: 0.0000J, 成功率: 38.0%, 步数: 1, 时间: 0.0s
INFO:tensorflow:Assets written to: python/saved_models/ddpg_default_ep700_actor_saved_model/assets
INFO:tensorflow:Assets written to: python/saved_models/ddpg_default_ep700_critic_saved_model/assets
INFO:OptimizedDDPG:检查点已保存到 python/saved_models/ddpg_default_ep700
INFO:tensorflow:Assets written to: python/saved_models/ddpg_default_best_actor_saved_model/assets
INFO:tensorflow:Assets written to: python/saved_models/ddpg_default_best_critic_saved_model/assets
INFO:OptimizedDDPG:发现更好的模型 (奖励: -0.21)，已保存到 python/saved_models/ddpg_default_best
INFO:tensorflow:Assets written to: python/saved_models/ddpg_default_best_actor_saved_model/assets
INFO:tensorflow:Assets written to: python/saved_models/ddpg_default_best_critic_saved_model/assets
INFO:OptimizedDDPG:发现更好的模型 (奖励: -0.20)，已保存到 python/saved_models/ddpg_default_best
INFO:OptimizedDDPG:回合 710/5000 - 奖励: -0.20, 延迟: 65.2542s, 能耗: 0.0038J, 成功率: 42.0%, 步数: 1, 时间: 0.1s
INFO:tensorflow:Assets written to: python/saved_models/ddpg_default_best_actor_saved_model/assets
INFO:tensorflow:Assets written to: python/saved_models/ddpg_default_best_critic_saved_model/assets
INFO:OptimizedDDPG:发现更好的模型 (奖励: -0.20)，已保存到 python/saved_models/ddpg_default_best
INFO:OptimizedDDPG:回合 720/5000 - 奖励: -0.22, 延迟: 68.1531s, 能耗: 0.0000J, 成功率: 38.0%, 步数: 1, 时间: 0.0s
INFO:tensorflow:Assets written to: python/saved_models/ddpg_default_best_actor_saved_model/assets
INFO:tensorflow:Assets written to: python/saved_models/ddpg_default_best_critic_saved_model/assets
INFO:OptimizedDDPG:发现更好的模型 (奖励: -0.20)，已保存到 python/saved_models/ddpg_default_best
INFO:tensorflow:Assets written to: python/saved_models/ddpg_default_best_actor_saved_model/assets
INFO:tensorflow:Assets written to: python/saved_models/ddpg_default_best_critic_saved_model/assets
INFO:OptimizedDDPG:发现更好的模型 (奖励: -0.20)，已保存到 python/saved_models/ddpg_default_best
INFO:OptimizedDDPG:回合 730/5000 - 奖励: -0.21, 延迟: 66.5727s, 能耗: 0.0013J, 成功率: 40.0%, 步数: 1, 时间: 0.0s
INFO:OptimizedDDPG:回合 740/5000 - 奖励: -0.22, 延迟: 68.1531s, 能耗: 0.0000J, 成功率: 38.0%, 步数: 1, 时间: 0.0s
INFO:OptimizedDDPG:回合 750/5000 - 奖励: -0.22, 延迟: 68.1531s, 能耗: 0.0000J, 成功率: 38.0%, 步数: 1, 时间: 0.0s
INFO:tensorflow:Assets written to: python/saved_models/ddpg_default_best_actor_saved_model/assets
INFO:tensorflow:Assets written to: python/saved_models/ddpg_default_best_critic_saved_model/assets
INFO:OptimizedDDPG:发现更好的模型 (奖励: -0.20)，已保存到 python/saved_models/ddpg_default_best
INFO:tensorflow:Assets written to: python/saved_models/ddpg_default_best_actor_saved_model/assets
INFO:tensorflow:Assets written to: python/saved_models/ddpg_default_best_critic_saved_model/assets
INFO:OptimizedDDPG:发现更好的模型 (奖励: -0.19)，已保存到 python/saved_models/ddpg_default_best
INFO:OptimizedDDPG:回合 760/5000 - 奖励: -0.20, 延迟: 64.9766s, 能耗: 0.0035J, 成功率: 42.0%, 步数: 1, 时间: 0.0s
INFO:OptimizedDDPG:回合 770/5000 - 奖励: -0.22, 延迟: 68.1531s, 能耗: 0.0000J, 成功率: 38.0%, 步数: 1, 时间: 0.0s
INFO:OptimizedDDPG:回合 780/5000 - 奖励: -0.20, 延迟: 64.7830s, 能耗: 0.0029J, 成功率: 42.0%, 步数: 1, 时间: 0.0s
INFO:OptimizedDDPG:回合 790/5000 - 奖励: -0.22, 延迟: 68.1531s, 能耗: 0.0000J, 成功率: 38.0%, 步数: 1, 时间: 0.0s
INFO:OptimizedDDPG:回合 800/5000 - 奖励: -0.22, 延迟: 68.1531s, 能耗: 0.0000J, 成功率: 38.0%, 步数: 1, 时间: 0.0s
INFO:tensorflow:Assets written to: python/saved_models/ddpg_default_ep800_actor_saved_model/assets
INFO:tensorflow:Assets written to: python/saved_models/ddpg_default_ep800_critic_saved_model/assets
INFO:OptimizedDDPG:检查点已保存到 python/saved_models/ddpg_default_ep800
INFO:OptimizedDDPG:回合 810/5000 - 奖励: -0.22, 延迟: 68.1531s, 能耗: 0.0000J, 成功率: 38.0%, 步数: 1, 时间: 0.0s
INFO:OptimizedDDPG:回合 820/5000 - 奖励: -0.22, 延迟: 68.1531s, 能耗: 0.0000J, 成功率: 38.0%, 步数: 1, 时间: 0.0s
INFO:OptimizedDDPG:回合 830/5000 - 奖励: -0.22, 延迟: 68.1531s, 能耗: 0.0000J, 成功率: 38.0%, 步数: 1, 时间: 0.0s
INFO:OptimizedDDPG:回合 840/5000 - 奖励: -0.22, 延迟: 67.5086s, 能耗: 0.0003J, 成功率: 38.0%, 步数: 1, 时间: 0.0s
INFO:OptimizedDDPG:回合 850/5000 - 奖励: -0.22, 延迟: 67.7315s, 能耗: 0.0018J, 成功率: 38.0%, 步数: 1, 时间: 0.0s
INFO:OptimizedDDPG:回合 860/5000 - 奖励: -0.22, 延迟: 68.1531s, 能耗: 0.0000J, 成功率: 38.0%, 步数: 1, 时间: 0.0s
INFO:OptimizedDDPG:回合 870/5000 - 奖励: -0.22, 延迟: 68.1531s, 能耗: 0.0000J, 成功率: 38.0%, 步数: 1, 时间: 0.0s
INFO:OptimizedDDPG:回合 880/5000 - 奖励: -0.20, 延迟: 64.3542s, 能耗: 0.0061J, 成功率: 42.0%, 步数: 1, 时间: 0.0s
INFO:OptimizedDDPG:回合 890/5000 - 奖励: -0.20, 延迟: 63.7398s, 能耗: 0.0064J, 成功率: 44.0%, 步数: 1, 时间: 0.0s
INFO:OptimizedDDPG:回合 900/5000 - 奖励: -0.22, 延迟: 68.1531s, 能耗: 0.0000J, 成功率: 38.0%, 步数: 1, 时间: 0.0s
INFO:tensorflow:Assets written to: python/saved_models/ddpg_default_ep900_actor_saved_model/assets
INFO:tensorflow:Assets written to: python/saved_models/ddpg_default_ep900_critic_saved_model/assets
INFO:OptimizedDDPG:检查点已保存到 python/saved_models/ddpg_default_ep900
INFO:OptimizedDDPG:回合 910/5000 - 奖励: -0.22, 延迟: 68.1531s, 能耗: 0.0000J, 成功率: 38.0%, 步数: 1, 时间: 0.0s
INFO:OptimizedDDPG:回合 920/5000 - 奖励: -0.22, 延迟: 68.1531s, 能耗: 0.0000J, 成功率: 38.0%, 步数: 1, 时间: 0.0s
INFO:OptimizedDDPG:回合 930/5000 - 奖励: -0.22, 延迟: 68.1531s, 能耗: 0.0000J, 成功率: 38.0%, 步数: 1, 时间: 0.0s
INFO:OptimizedDDPG:回合 940/5000 - 奖励: -0.21, 延迟: 67.0788s, 能耗: 0.0035J, 成功率: 40.0%, 步数: 1, 时间: 0.0s
INFO:OptimizedDDPG:回合 950/5000 - 奖励: -0.22, 延迟: 67.8296s, 能耗: 0.0025J, 成功率: 38.0%, 步数: 1, 时间: 0.0s
INFO:OptimizedDDPG:回合 960/5000 - 奖励: -0.22, 延迟: 68.1531s, 能耗: 0.0000J, 成功率: 38.0%, 步数: 1, 时间: 0.0s
INFO:OptimizedDDPG:回合 970/5000 - 奖励: -0.22, 延迟: 68.1531s, 能耗: 0.0000J, 成功率: 38.0%, 步数: 1, 时间: 0.0s
INFO:OptimizedDDPG:回合 980/5000 - 奖励: -0.22, 延迟: 68.1531s, 能耗: 0.0000J, 成功率: 38.0%, 步数: 1, 时间: 0.0s
INFO:OptimizedDDPG:回合 990/5000 - 奖励: -0.22, 延迟: 68.1531s, 能耗: 0.0000J, 成功率: 38.0%, 步数: 1, 时间: 0.0s
INFO:OptimizedDDPG:回合 1000/5000 - 奖励: -0.22, 延迟: 68.1531s, 能耗: 0.0000J, 成功率: 38.0%, 步数: 1, 时间: 0.0s
INFO:tensorflow:Assets written to: python/saved_models/ddpg_default_ep1000_actor_saved_model/assets
INFO:tensorflow:Assets written to: python/saved_models/ddpg_default_ep1000_critic_saved_model/assets
INFO:OptimizedDDPG:检查点已保存到 python/saved_models/ddpg_default_ep1000
INFO:OptimizedDDPG:回合 1010/5000 - 奖励: -0.22, 延迟: 68.1531s, 能耗: 0.0000J, 成功率: 38.0%, 步数: 1, 时间: 0.0s
INFO:OptimizedDDPG:回合 1020/5000 - 奖励: -0.22, 延迟: 68.1531s, 能耗: 0.0000J, 成功率: 38.0%, 步数: 1, 时间: 0.0s
INFO:OptimizedDDPG:回合 1030/5000 - 奖励: -0.22, 延迟: 68.1531s, 能耗: 0.0000J, 成功率: 38.0%, 步数: 1, 时间: 0.0s
INFO:OptimizedDDPG:回合 1040/5000 - 奖励: -0.21, 延迟: 66.7203s, 能耗: 0.0059J, 成功率: 40.0%, 步数: 1, 时间: 0.0s
INFO:OptimizedDDPG:回合 1050/5000 - 奖励: -0.22, 延迟: 68.1531s, 能耗: 0.0000J, 成功率: 38.0%, 步数: 1, 时间: 0.0s
INFO:OptimizedDDPG:回合 1060/5000 - 奖励: -0.22, 延迟: 68.1531s, 能耗: 0.0000J, 成功率: 38.0%, 步数: 1, 时间: 0.0s
INFO:OptimizedDDPG:回合 1070/5000 - 奖励: -0.22, 延迟: 68.1531s, 能耗: 0.0000J, 成功率: 38.0%, 步数: 1, 时间: 0.0s
INFO:OptimizedDDPG:回合 1080/5000 - 奖励: -0.22, 延迟: 68.1531s, 能耗: 0.0000J, 成功率: 38.0%, 步数: 1, 时间: 0.0s
INFO:OptimizedDDPG:回合 1090/5000 - 奖励: -0.22, 延迟: 68.1531s, 能耗: 0.0000J, 成功率: 38.0%, 步数: 1, 时间: 0.0s
INFO:OptimizedDDPG:回合 1100/5000 - 奖励: -0.22, 延迟: 68.1531s, 能耗: 0.0000J, 成功率: 38.0%, 步数: 1, 时间: 0.1s
INFO:tensorflow:Assets written to: python/saved_models/ddpg_default_ep1100_actor_saved_model/assets
INFO:tensorflow:Assets written to: python/saved_models/ddpg_default_ep1100_critic_saved_model/assets
INFO:OptimizedDDPG:检查点已保存到 python/saved_models/ddpg_default_ep1100
INFO:OptimizedDDPG:回合 1110/5000 - 奖励: -0.22, 延迟: 67.8072s, 能耗: 0.0017J, 成功率: 38.0%, 步数: 1, 时间: 0.0s
INFO:OptimizedDDPG:回合 1120/5000 - 奖励: -0.20, 延迟: 64.1822s, 能耗: 0.0074J, 成功率: 42.0%, 步数: 1, 时间: 0.0s
INFO:OptimizedDDPG:回合 1130/5000 - 奖励: -0.22, 延迟: 68.1531s, 能耗: 0.0000J, 成功率: 38.0%, 步数: 1, 时间: 0.0s
INFO:OptimizedDDPG:回合 1140/5000 - 奖励: -0.22, 延迟: 68.1531s, 能耗: 0.0000J, 成功率: 38.0%, 步数: 1, 时间: 0.0s
INFO:OptimizedDDPG:回合 1150/5000 - 奖励: -0.22, 延迟: 67.8172s, 能耗: 0.0027J, 成功率: 38.0%, 步数: 1, 时间: 0.0s
INFO:OptimizedDDPG:回合 1160/5000 - 奖励: -0.22, 延迟: 68.1531s, 能耗: 0.0000J, 成功率: 38.0%, 步数: 1, 时间: 0.0s
INFO:OptimizedDDPG:回合 1170/5000 - 奖励: -0.22, 延迟: 68.1531s, 能耗: 0.0000J, 成功率: 38.0%, 步数: 1, 时间: 0.0s
INFO:OptimizedDDPG:回合 1180/5000 - 奖励: -0.22, 延迟: 68.1531s, 能耗: 0.0000J, 成功率: 38.0%, 步数: 1, 时间: 0.0s
INFO:OptimizedDDPG:回合 1190/5000 - 奖励: -0.22, 延迟: 68.1531s, 能耗: 0.0000J, 成功率: 38.0%, 步数: 1, 时间: 0.0s
INFO:OptimizedDDPG:回合 1200/5000 - 奖励: -0.22, 延迟: 68.1531s, 能耗: 0.0000J, 成功率: 38.0%, 步数: 1, 时间: 0.0s
INFO:tensorflow:Assets written to: python/saved_models/ddpg_default_ep1200_actor_saved_model/assets
INFO:tensorflow:Assets written to: python/saved_models/ddpg_default_ep1200_critic_saved_model/assets
INFO:OptimizedDDPG:检查点已保存到 python/saved_models/ddpg_default_ep1200
INFO:OptimizedDDPG:回合 1210/5000 - 奖励: -0.21, 延迟: 67.4050s, 能耗: 0.0029J, 成功率: 40.0%, 步数: 1, 时间: 0.0s
INFO:OptimizedDDPG:回合 1220/5000 - 奖励: -0.22, 延迟: 68.1531s, 能耗: 0.0000J, 成功率: 38.0%, 步数: 1, 时间: 0.0s
INFO:OptimizedDDPG:回合 1230/5000 - 奖励: -0.22, 延迟: 68.1531s, 能耗: 0.0000J, 成功率: 38.0%, 步数: 1, 时间: 0.0s
INFO:OptimizedDDPG:回合 1240/5000 - 奖励: -0.22, 延迟: 67.5779s, 能耗: 0.0007J, 成功率: 38.0%, 步数: 1, 时间: 0.0s
INFO:OptimizedDDPG:回合 1250/5000 - 奖励: -0.22, 延迟: 66.9332s, 能耗: 0.0037J, 成功率: 38.0%, 步数: 1, 时间: 0.0s
INFO:OptimizedDDPG:回合 1260/5000 - 奖励: -0.21, 延迟: 66.9001s, 能耗: 0.0035J, 成功率: 40.0%, 步数: 1, 时间: 0.0s
INFO:OptimizedDDPG:回合 1270/5000 - 奖励: -0.21, 延迟: 66.4770s, 能耗: 0.0068J, 成功率: 40.0%, 步数: 1, 时间: 0.0s
INFO:OptimizedDDPG:回合 1280/5000 - 奖励: -0.22, 延迟: 68.1531s, 能耗: 0.0000J, 成功率: 38.0%, 步数: 1, 时间: 0.0s
INFO:OptimizedDDPG:回合 1290/5000 - 奖励: -0.22, 延迟: 68.1531s, 能耗: 0.0000J, 成功率: 38.0%, 步数: 1, 时间: 0.0s
INFO:OptimizedDDPG:回合 1300/5000 - 奖励: -0.22, 延迟: 68.1531s, 能耗: 0.0000J, 成功率: 38.0%, 步数: 1, 时间: 0.0s
INFO:tensorflow:Assets written to: python/saved_models/ddpg_default_ep1300_actor_saved_model/assets
INFO:tensorflow:Assets written to: python/saved_models/ddpg_default_ep1300_critic_saved_model/assets
INFO:OptimizedDDPG:检查点已保存到 python/saved_models/ddpg_default_ep1300
INFO:OptimizedDDPG:回合 1310/5000 - 奖励: -0.22, 延迟: 68.1531s, 能耗: 0.0000J, 成功率: 38.0%, 步数: 1, 时间: 0.0s
INFO:tensorflow:Assets written to: python/saved_models/ddpg_default_best_actor_saved_model/assets
INFO:tensorflow:Assets written to: python/saved_models/ddpg_default_best_critic_saved_model/assets
INFO:OptimizedDDPG:发现更好的模型 (奖励: -0.19)，已保存到 python/saved_models/ddpg_default_best
INFO:OptimizedDDPG:回合 1320/5000 - 奖励: -0.21, 延迟: 65.8822s, 能耗: 0.0010J, 成功率: 40.0%, 步数: 1, 时间: 0.0s
INFO:OptimizedDDPG:回合 1330/5000 - 奖励: -0.22, 延迟: 68.1531s, 能耗: 0.0000J, 成功率: 38.0%, 步数: 1, 时间: 0.0s
INFO:tensorflow:Assets written to: python/saved_models/ddpg_default_best_actor_saved_model/assets
INFO:tensorflow:Assets written to: python/saved_models/ddpg_default_best_critic_saved_model/assets
INFO:OptimizedDDPG:发现更好的模型 (奖励: -0.18)，已保存到 python/saved_models/ddpg_default_best
INFO:OptimizedDDPG:回合 1340/5000 - 奖励: -0.20, 延迟: 64.1778s, 能耗: 0.0069J, 成功率: 42.0%, 步数: 1, 时间: 0.0s
INFO:OptimizedDDPG:回合 1350/5000 - 奖励: -0.21, 延迟: 65.5707s, 能耗: 0.0017J, 成功率: 40.0%, 步数: 1, 时间: 0.0s
INFO:OptimizedDDPG:回合 1360/5000 - 奖励: -0.22, 延迟: 68.1531s, 能耗: 0.0000J, 成功率: 38.0%, 步数: 1, 时间: 0.0s
INFO:OptimizedDDPG:回合 1370/5000 - 奖励: -0.22, 延迟: 68.1531s, 能耗: 0.0000J, 成功率: 38.0%, 步数: 1, 时间: 0.0s
INFO:OptimizedDDPG:回合 1380/5000 - 奖励: -0.22, 延迟: 68.1531s, 能耗: 0.0000J, 成功率: 38.0%, 步数: 1, 时间: 0.0s
INFO:OptimizedDDPG:回合 1390/5000 - 奖励: -0.22, 延迟: 68.1531s, 能耗: 0.0000J, 成功率: 38.0%, 步数: 1, 时间: 0.0s
INFO:OptimizedDDPG:回合 1400/5000 - 奖励: -0.20, 延迟: 63.4801s, 能耗: 0.0073J, 成功率: 42.0%, 步数: 1, 时间: 0.0s
INFO:tensorflow:Assets written to: python/saved_models/ddpg_default_ep1400_actor_saved_model/assets
INFO:tensorflow:Assets written to: python/saved_models/ddpg_default_ep1400_critic_saved_model/assets
INFO:OptimizedDDPG:检查点已保存到 python/saved_models/ddpg_default_ep1400
INFO:OptimizedDDPG:回合 1410/5000 - 奖励: -0.20, 延迟: 63.8864s, 能耗: 0.0034J, 成功率: 42.0%, 步数: 1, 时间: 0.0s
INFO:OptimizedDDPG:回合 1420/5000 - 奖励: -0.22, 延迟: 68.1531s, 能耗: 0.0000J, 成功率: 38.0%, 步数: 1, 时间: 0.0s
INFO:OptimizedDDPG:回合 1430/5000 - 奖励: -0.21, 延迟: 64.5966s, 能耗: 0.0035J, 成功率: 40.0%, 步数: 1, 时间: 0.0s
INFO:OptimizedDDPG:回合 1440/5000 - 奖励: -0.22, 延迟: 68.1531s, 能耗: 0.0000J, 成功率: 38.0%, 步数: 1, 时间: 0.0s
INFO:OptimizedDDPG:回合 1450/5000 - 奖励: -0.21, 延迟: 64.9553s, 能耗: 0.0029J, 成功率: 40.0%, 步数: 1, 时间: 0.0s
INFO:OptimizedDDPG:回合 1460/5000 - 奖励: -0.22, 延迟: 68.1531s, 能耗: 0.0000J, 成功率: 38.0%, 步数: 1, 时间: 0.0s
INFO:OptimizedDDPG:回合 1470/5000 - 奖励: -0.22, 延迟: 67.1562s, 能耗: 0.0019J, 成功率: 38.0%, 步数: 1, 时间: 0.0s
INFO:OptimizedDDPG:回合 1480/5000 - 奖励: -0.21, 延迟: 64.0066s, 能耗: 0.0044J, 成功率: 40.0%, 步数: 1, 时间: 0.0s
INFO:OptimizedDDPG:回合 1490/5000 - 奖励: -0.22, 延迟: 68.1531s, 能耗: 0.0000J, 成功率: 38.0%, 步数: 1, 时间: 0.0s
INFO:OptimizedDDPG:回合 1500/5000 - 奖励: -0.22, 延迟: 68.1531s, 能耗: 0.0000J, 成功率: 38.0%, 步数: 1, 时间: 0.0s
INFO:tensorflow:Assets written to: python/saved_models/ddpg_default_ep1500_actor_saved_model/assets
INFO:tensorflow:Assets written to: python/saved_models/ddpg_default_ep1500_critic_saved_model/assets
INFO:OptimizedDDPG:检查点已保存到 python/saved_models/ddpg_default_ep1500
INFO:OptimizedDDPG:回合 1510/5000 - 奖励: -0.22, 延迟: 68.1531s, 能耗: 0.0000J, 成功率: 38.0%, 步数: 1, 时间: 0.0s
INFO:OptimizedDDPG:回合 1520/5000 - 奖励: -0.22, 延迟: 68.1531s, 能耗: 0.0000J, 成功率: 38.0%, 步数: 1, 时间: 0.0s
INFO:OptimizedDDPG:回合 1530/5000 - 奖励: -0.21, 延迟: 63.8497s, 能耗: 0.0061J, 成功率: 40.0%, 步数: 1, 时间: 0.0s
INFO:OptimizedDDPG:回合 1540/5000 - 奖励: -0.22, 延迟: 68.1531s, 能耗: 0.0000J, 成功率: 38.0%, 步数: 1, 时间: 0.0s
INFO:OptimizedDDPG:回合 1550/5000 - 奖励: -0.22, 延迟: 68.1531s, 能耗: 0.0000J, 成功率: 38.0%, 步数: 1, 时间: 0.0s
INFO:OptimizedDDPG:回合 1560/5000 - 奖励: -0.21, 延迟: 64.9166s, 能耗: 0.0025J, 成功率: 40.0%, 步数: 1, 时间: 0.0s
INFO:OptimizedDDPG:回合 1570/5000 - 奖励: -0.22, 延迟: 68.1531s, 能耗: 0.0000J, 成功率: 38.0%, 步数: 1, 时间: 0.0s
INFO:OptimizedDDPG:回合 1580/5000 - 奖励: -0.22, 延迟: 68.1531s, 能耗: 0.0000J, 成功率: 38.0%, 步数: 1, 时间: 0.0s
INFO:OptimizedDDPG:回合 1590/5000 - 奖励: -0.22, 延迟: 67.0553s, 能耗: 0.0035J, 成功率: 38.0%, 步数: 1, 时间: 0.0s
INFO:OptimizedDDPG:回合 1600/5000 - 奖励: -0.22, 延迟: 67.6479s, 能耗: 0.0022J, 成功率: 38.0%, 步数: 1, 时间: 0.0s
INFO:tensorflow:Assets written to: python/saved_models/ddpg_default_ep1600_actor_saved_model/assets
INFO:tensorflow:Assets written to: python/saved_models/ddpg_default_ep1600_critic_saved_model/assets
INFO:OptimizedDDPG:检查点已保存到 python/saved_models/ddpg_default_ep1600
INFO:OptimizedDDPG:回合 1610/5000 - 奖励: -0.22, 延迟: 68.1531s, 能耗: 0.0000J, 成功率: 38.0%, 步数: 1, 时间: 0.0s
INFO:OptimizedDDPG:回合 1620/5000 - 奖励: -0.20, 延迟: 64.1027s, 能耗: 0.0071J, 成功率: 42.0%, 步数: 1, 时间: 0.0s
INFO:OptimizedDDPG:回合 1630/5000 - 奖励: -0.22, 延迟: 67.9227s, 能耗: 0.0031J, 成功率: 38.0%, 步数: 1, 时间: 0.0s
INFO:OptimizedDDPG:回合 1640/5000 - 奖励: -0.22, 延迟: 68.1531s, 能耗: 0.0000J, 成功率: 38.0%, 步数: 1, 时间: 0.0s
INFO:OptimizedDDPG:回合 1650/5000 - 奖励: -0.22, 延迟: 65.5901s, 能耗: 0.0036J, 成功率: 38.0%, 步数: 1, 时间: 0.0s
INFO:OptimizedDDPG:回合 1660/5000 - 奖励: -0.21, 延迟: 66.5167s, 能耗: 0.0077J, 成功率: 40.0%, 步数: 1, 时间: 0.0s
INFO:OptimizedDDPG:回合 1670/5000 - 奖励: -0.22, 延迟: 68.1531s, 能耗: 0.0000J, 成功率: 38.0%, 步数: 1, 时间: 0.0s
INFO:OptimizedDDPG:回合 1680/5000 - 奖励: -0.22, 延迟: 68.1531s, 能耗: 0.0000J, 成功率: 38.0%, 步数: 1, 时间: 0.0s
INFO:OptimizedDDPG:回合 1690/5000 - 奖励: -0.21, 延迟: 66.4506s, 能耗: 0.0042J, 成功率: 40.0%, 步数: 1, 时间: 0.0s
INFO:OptimizedDDPG:回合 1700/5000 - 奖励: -0.22, 延迟: 68.1531s, 能耗: 0.0000J, 成功率: 38.0%, 步数: 1, 时间: 0.0s
INFO:tensorflow:Assets written to: python/saved_models/ddpg_default_ep1700_actor_saved_model/assets
INFO:tensorflow:Assets written to: python/saved_models/ddpg_default_ep1700_critic_saved_model/assets
INFO:OptimizedDDPG:检查点已保存到 python/saved_models/ddpg_default_ep1700
INFO:OptimizedDDPG:回合 1710/5000 - 奖励: -0.22, 延迟: 68.1531s, 能耗: 0.0000J, 成功率: 38.0%, 步数: 1, 时间: 0.0s
INFO:OptimizedDDPG:回合 1720/5000 - 奖励: -0.22, 延迟: 68.1531s, 能耗: 0.0000J, 成功率: 38.0%, 步数: 1, 时间: 0.0s
INFO:OptimizedDDPG:回合 1730/5000 - 奖励: -0.20, 延迟: 64.6626s, 能耗: 0.0035J, 成功率: 42.0%, 步数: 1, 时间: 0.0s
INFO:OptimizedDDPG:回合 1740/5000 - 奖励: -0.22, 延迟: 68.1531s, 能耗: 0.0000J, 成功率: 38.0%, 步数: 1, 时间: 0.0s
INFO:OptimizedDDPG:回合 1750/5000 - 奖励: -0.22, 延迟: 68.1531s, 能耗: 0.0000J, 成功率: 38.0%, 步数: 1, 时间: 0.0s
INFO:OptimizedDDPG:回合 1760/5000 - 奖励: -0.22, 延迟: 68.1531s, 能耗: 0.0000J, 成功率: 38.0%, 步数: 1, 时间: 0.0s
INFO:OptimizedDDPG:回合 1770/5000 - 奖励: -0.22, 延迟: 68.1531s, 能耗: 0.0000J, 成功率: 38.0%, 步数: 1, 时间: 0.0s
INFO:OptimizedDDPG:回合 1780/5000 - 奖励: -0.22, 延迟: 68.1531s, 能耗: 0.0000J, 成功率: 38.0%, 步数: 1, 时间: 0.0s
INFO:OptimizedDDPG:回合 1790/5000 - 奖励: -0.22, 延迟: 68.1531s, 能耗: 0.0000J, 成功率: 38.0%, 步数: 1, 时间: 0.0s
INFO:OptimizedDDPG:回合 1800/5000 - 奖励: -0.21, 延迟: 65.7420s, 能耗: 0.0022J, 成功率: 40.0%, 步数: 1, 时间: 0.0s
INFO:tensorflow:Assets written to: python/saved_models/ddpg_default_ep1800_actor_saved_model/assets
INFO:tensorflow:Assets written to: python/saved_models/ddpg_default_ep1800_critic_saved_model/assets
INFO:OptimizedDDPG:检查点已保存到 python/saved_models/ddpg_default_ep1800
INFO:OptimizedDDPG:回合 1810/5000 - 奖励: -0.22, 延迟: 68.1531s, 能耗: 0.0000J, 成功率: 38.0%, 步数: 1, 时间: 0.0s
INFO:OptimizedDDPG:回合 1820/5000 - 奖励: -0.20, 延迟: 64.1344s, 能耗: 0.0049J, 成功率: 44.0%, 步数: 1, 时间: 0.0s
INFO:OptimizedDDPG:回合 1830/5000 - 奖励: -0.22, 延迟: 68.1531s, 能耗: 0.0000J, 成功率: 38.0%, 步数: 1, 时间: 0.0s
INFO:OptimizedDDPG:回合 1840/5000 - 奖励: -0.22, 延迟: 68.1531s, 能耗: 0.0000J, 成功率: 38.0%, 步数: 1, 时间: 0.0s
INFO:OptimizedDDPG:回合 1850/5000 - 奖励: -0.22, 延迟: 68.1531s, 能耗: 0.0000J, 成功率: 38.0%, 步数: 1, 时间: 0.0s
INFO:OptimizedDDPG:回合 1860/5000 - 奖励: -0.22, 延迟: 68.1531s, 能耗: 0.0000J, 成功率: 38.0%, 步数: 1, 时间: 0.0s
INFO:OptimizedDDPG:回合 1870/5000 - 奖励: -0.20, 延迟: 64.0665s, 能耗: 0.0054J, 成功率: 42.0%, 步数: 1, 时间: 0.0s
INFO:OptimizedDDPG:回合 1880/5000 - 奖励: -0.21, 延迟: 66.1296s, 能耗: 0.0031J, 成功率: 40.0%, 步数: 1, 时间: 0.0s
INFO:OptimizedDDPG:回合 1890/5000 - 奖励: -0.22, 延迟: 68.1531s, 能耗: 0.0000J, 成功率: 38.0%, 步数: 1, 时间: 0.0s
INFO:OptimizedDDPG:回合 1900/5000 - 奖励: -0.22, 延迟: 68.1531s, 能耗: 0.0000J, 成功率: 38.0%, 步数: 1, 时间: 0.0s
INFO:tensorflow:Assets written to: python/saved_models/ddpg_default_ep1900_actor_saved_model/assets
INFO:tensorflow:Assets written to: python/saved_models/ddpg_default_ep1900_critic_saved_model/assets
INFO:OptimizedDDPG:检查点已保存到 python/saved_models/ddpg_default_ep1900
INFO:OptimizedDDPG:回合 1910/5000 - 奖励: -0.20, 延迟: 61.3741s, 能耗: 0.0098J, 成功率: 44.0%, 步数: 1, 时间: 0.0s
INFO:OptimizedDDPG:回合 1920/5000 - 奖励: -0.22, 延迟: 68.1531s, 能耗: 0.0000J, 成功率: 38.0%, 步数: 1, 时间: 0.0s
INFO:OptimizedDDPG:回合 1930/5000 - 奖励: -0.22, 延迟: 68.1531s, 能耗: 0.0000J, 成功率: 38.0%, 步数: 1, 时间: 0.0s
INFO:OptimizedDDPG:回合 1940/5000 - 奖励: -0.20, 延迟: 63.3427s, 能耗: 0.0069J, 成功率: 42.0%, 步数: 1, 时间: 0.0s
INFO:OptimizedDDPG:回合 1950/5000 - 奖励: -0.20, 延迟: 64.8635s, 能耗: 0.0028J, 成功率: 42.0%, 步数: 1, 时间: 0.0s
INFO:OptimizedDDPG:回合 1960/5000 - 奖励: -0.22, 延迟: 68.1531s, 能耗: 0.0000J, 成功率: 38.0%, 步数: 1, 时间: 0.0s
INFO:tensorflow:Assets written to: python/saved_models/ddpg_default_best_actor_saved_model/assets
INFO:tensorflow:Assets written to: python/saved_models/ddpg_default_best_critic_saved_model/assets
INFO:OptimizedDDPG:发现更好的模型 (奖励: -0.18)，已保存到 python/saved_models/ddpg_default_best
INFO:OptimizedDDPG:回合 1970/5000 - 奖励: -0.21, 延迟: 65.3586s, 能耗: 0.0038J, 成功率: 40.0%, 步数: 1, 时间: 0.0s
INFO:OptimizedDDPG:回合 1980/5000 - 奖励: -0.22, 延迟: 68.1531s, 能耗: 0.0000J, 成功率: 38.0%, 步数: 1, 时间: 0.0s
INFO:OptimizedDDPG:回合 1990/5000 - 奖励: -0.20, 延迟: 63.0143s, 能耗: 0.0101J, 成功率: 44.0%, 步数: 1, 时间: 0.0s
INFO:OptimizedDDPG:回合 2000/5000 - 奖励: -0.22, 延迟: 68.1531s, 能耗: 0.0000J, 成功率: 38.0%, 步数: 1, 时间: 0.0s
INFO:tensorflow:Assets written to: python/saved_models/ddpg_default_ep2000_actor_saved_model/assets
INFO:tensorflow:Assets written to: python/saved_models/ddpg_default_ep2000_critic_saved_model/assets
INFO:OptimizedDDPG:检查点已保存到 python/saved_models/ddpg_default_ep2000
INFO:OptimizedDDPG:回合 2010/5000 - 奖励: -0.22, 延迟: 68.1531s, 能耗: 0.0000J, 成功率: 38.0%, 步数: 1, 时间: 0.0s
INFO:OptimizedDDPG:回合 2020/5000 - 奖励: -0.22, 延迟: 68.1531s, 能耗: 0.0000J, 成功率: 38.0%, 步数: 1, 时间: 0.0s
INFO:OptimizedDDPG:回合 2030/5000 - 奖励: -0.20, 延迟: 66.4029s, 能耗: 0.0057J, 成功率: 42.0%, 步数: 1, 时间: 0.0s
INFO:tensorflow:Assets written to: python/saved_models/ddpg_default_best_actor_saved_model/assets
INFO:tensorflow:Assets written to: python/saved_models/ddpg_default_best_critic_saved_model/assets
INFO:OptimizedDDPG:发现更好的模型 (奖励: -0.18)，已保存到 python/saved_models/ddpg_default_best
INFO:OptimizedDDPG:回合 2040/5000 - 奖励: -0.21, 延迟: 66.3371s, 能耗: 0.0012J, 成功率: 40.0%, 步数: 1, 时间: 0.0s
INFO:OptimizedDDPG:回合 2050/5000 - 奖励: -0.22, 延迟: 68.1531s, 能耗: 0.0000J, 成功率: 38.0%, 步数: 1, 时间: 0.0s
INFO:OptimizedDDPG:回合 2060/5000 - 奖励: -0.20, 延迟: 64.1461s, 能耗: 0.0047J, 成功率: 42.0%, 步数: 1, 时间: 0.0s
INFO:OptimizedDDPG:回合 2070/5000 - 奖励: -0.22, 延迟: 68.1531s, 能耗: 0.0000J, 成功率: 38.0%, 步数: 1, 时间: 0.0s
INFO:OptimizedDDPG:回合 2080/5000 - 奖励: -0.22, 延迟: 68.1531s, 能耗: 0.0000J, 成功率: 38.0%, 步数: 1, 时间: 0.0s
INFO:OptimizedDDPG:回合 2090/5000 - 奖励: -0.21, 延迟: 64.6790s, 能耗: 0.0048J, 成功率: 40.0%, 步数: 1, 时间: 0.0s
INFO:OptimizedDDPG:回合 2100/5000 - 奖励: -0.21, 延迟: 65.2082s, 能耗: 0.0048J, 成功率: 40.0%, 步数: 1, 时间: 0.0s
INFO:tensorflow:Assets written to: python/saved_models/ddpg_default_ep2100_actor_saved_model/assets
INFO:tensorflow:Assets written to: python/saved_models/ddpg_default_ep2100_critic_saved_model/assets
INFO:OptimizedDDPG:检查点已保存到 python/saved_models/ddpg_default_ep2100
INFO:OptimizedDDPG:回合 2110/5000 - 奖励: -0.22, 延迟: 68.1531s, 能耗: 0.0000J, 成功率: 38.0%, 步数: 1, 时间: 0.0s
INFO:OptimizedDDPG:回合 2120/5000 - 奖励: -0.20, 延迟: 62.8522s, 能耗: 0.0043J, 成功率: 42.0%, 步数: 1, 时间: 0.0s
INFO:OptimizedDDPG:回合 2130/5000 - 奖励: -0.21, 延迟: 65.2718s, 能耗: 0.0040J, 成功率: 40.0%, 步数: 1, 时间: 0.0s
INFO:OptimizedDDPG:回合 2140/5000 - 奖励: -0.20, 延迟: 63.1513s, 能耗: 0.0093J, 成功率: 42.0%, 步数: 1, 时间: 0.0s
INFO:OptimizedDDPG:回合 2150/5000 - 奖励: -0.20, 延迟: 63.1202s, 能耗: 0.0063J, 成功率: 42.0%, 步数: 1, 时间: 0.0s
INFO:OptimizedDDPG:回合 2160/5000 - 奖励: -0.20, 延迟: 61.3285s, 能耗: 0.0098J, 成功率: 44.0%, 步数: 1, 时间: 0.0s
INFO:OptimizedDDPG:回合 2170/5000 - 奖励: -0.20, 延迟: 64.6305s, 能耗: 0.0032J, 成功率: 42.0%, 步数: 1, 时间: 0.0s
INFO:OptimizedDDPG:回合 2180/5000 - 奖励: -0.22, 延迟: 68.1531s, 能耗: 0.0000J, 成功率: 38.0%, 步数: 1, 时间: 0.0s
INFO:OptimizedDDPG:回合 2190/5000 - 奖励: -0.20, 延迟: 63.2953s, 能耗: 0.0090J, 成功率: 42.0%, 步数: 1, 时间: 0.0s
INFO:OptimizedDDPG:回合 2200/5000 - 奖励: -0.22, 延迟: 68.1531s, 能耗: 0.0000J, 成功率: 38.0%, 步数: 1, 时间: 0.0s
INFO:tensorflow:Assets written to: python/saved_models/ddpg_default_ep2200_actor_saved_model/assets
INFO:tensorflow:Assets written to: python/saved_models/ddpg_default_ep2200_critic_saved_model/assets
INFO:OptimizedDDPG:检查点已保存到 python/saved_models/ddpg_default_ep2200
INFO:OptimizedDDPG:回合 2210/5000 - 奖励: -0.22, 延迟: 68.1531s, 能耗: 0.0000J, 成功率: 38.0%, 步数: 1, 时间: 0.0s
INFO:OptimizedDDPG:回合 2220/5000 - 奖励: -0.21, 延迟: 65.1495s, 能耗: 0.0052J, 成功率: 40.0%, 步数: 1, 时间: 0.0s
INFO:OptimizedDDPG:回合 2230/5000 - 奖励: -0.22, 延迟: 68.1531s, 能耗: 0.0000J, 成功率: 38.0%, 步数: 1, 时间: 0.0s
INFO:OptimizedDDPG:回合 2240/5000 - 奖励: -0.22, 延迟: 68.1531s, 能耗: 0.0000J, 成功率: 38.0%, 步数: 1, 时间: 0.0s
INFO:OptimizedDDPG:回合 2250/5000 - 奖励: -0.22, 延迟: 67.8253s, 能耗: 0.0020J, 成功率: 38.0%, 步数: 1, 时间: 0.0s
INFO:OptimizedDDPG:回合 2260/5000 - 奖励: -0.22, 延迟: 68.1531s, 能耗: 0.0000J, 成功率: 38.0%, 步数: 1, 时间: 0.0s
INFO:OptimizedDDPG:回合 2270/5000 - 奖励: -0.20, 延迟: 63.8346s, 能耗: 0.0044J, 成功率: 44.0%, 步数: 1, 时间: 0.0s
INFO:OptimizedDDPG:回合 2280/5000 - 奖励: -0.20, 延迟: 64.1151s, 能耗: 0.0040J, 成功率: 42.0%, 步数: 1, 时间: 0.0s
INFO:OptimizedDDPG:回合 2290/5000 - 奖励: -0.22, 延迟: 68.1531s, 能耗: 0.0000J, 成功率: 38.0%, 步数: 1, 时间: 0.0s
INFO:OptimizedDDPG:回合 2300/5000 - 奖励: -0.22, 延迟: 68.1531s, 能耗: 0.0000J, 成功率: 38.0%, 步数: 1, 时间: 0.0s
INFO:tensorflow:Assets written to: python/saved_models/ddpg_default_ep2300_actor_saved_model/assets
INFO:tensorflow:Assets written to: python/saved_models/ddpg_default_ep2300_critic_saved_model/assets
INFO:OptimizedDDPG:检查点已保存到 python/saved_models/ddpg_default_ep2300
INFO:OptimizedDDPG:回合 2310/5000 - 奖励: -0.22, 延迟: 68.1531s, 能耗: 0.0000J, 成功率: 38.0%, 步数: 1, 时间: 0.0s
INFO:OptimizedDDPG:回合 2320/5000 - 奖励: -0.22, 延迟: 68.1531s, 能耗: 0.0000J, 成功率: 38.0%, 步数: 1, 时间: 0.0s
INFO:OptimizedDDPG:回合 2330/5000 - 奖励: -0.22, 延迟: 68.1531s, 能耗: 0.0000J, 成功率: 38.0%, 步数: 1, 时间: 0.0s
INFO:OptimizedDDPG:回合 2340/5000 - 奖励: -0.20, 延迟: 66.0690s, 能耗: 0.0045J, 成功率: 42.0%, 步数: 1, 时间: 0.0s
INFO:OptimizedDDPG:回合 2350/5000 - 奖励: -0.22, 延迟: 68.1531s, 能耗: 0.0000J, 成功率: 38.0%, 步数: 1, 时间: 0.0s
INFO:OptimizedDDPG:回合 2360/5000 - 奖励: -0.20, 延迟: 63.8053s, 能耗: 0.0066J, 成功率: 44.0%, 步数: 1, 时间: 0.0s
INFO:OptimizedDDPG:回合 2370/5000 - 奖励: -0.22, 延迟: 68.1531s, 能耗: 0.0000J, 成功率: 38.0%, 步数: 1, 时间: 0.0s
INFO:OptimizedDDPG:回合 2380/5000 - 奖励: -0.22, 延迟: 68.1531s, 能耗: 0.0000J, 成功率: 38.0%, 步数: 1, 时间: 0.1s
INFO:OptimizedDDPG:回合 2390/5000 - 奖励: -0.22, 延迟: 67.1554s, 能耗: 0.0010J, 成功率: 38.0%, 步数: 1, 时间: 0.0s
INFO:OptimizedDDPG:回合 2400/5000 - 奖励: -0.22, 延迟: 68.1531s, 能耗: 0.0000J, 成功率: 38.0%, 步数: 1, 时间: 0.0s
INFO:tensorflow:Assets written to: python/saved_models/ddpg_default_ep2400_actor_saved_model/assets
INFO:tensorflow:Assets written to: python/saved_models/ddpg_default_ep2400_critic_saved_model/assets
INFO:OptimizedDDPG:检查点已保存到 python/saved_models/ddpg_default_ep2400
INFO:tensorflow:Assets written to: python/saved_models/ddpg_default_best_actor_saved_model/assets
INFO:tensorflow:Assets written to: python/saved_models/ddpg_default_best_critic_saved_model/assets
INFO:OptimizedDDPG:发现更好的模型 (奖励: -0.18)，已保存到 python/saved_models/ddpg_default_best
INFO:OptimizedDDPG:回合 2410/5000 - 奖励: -0.20, 延迟: 63.5126s, 能耗: 0.0026J, 成功率: 44.0%, 步数: 1, 时间: 0.0s
INFO:OptimizedDDPG:回合 2420/5000 - 奖励: -0.20, 延迟: 64.5503s, 能耗: 0.0045J, 成功率: 42.0%, 步数: 1, 时间: 0.0s
INFO:OptimizedDDPG:回合 2430/5000 - 奖励: -0.22, 延迟: 68.1531s, 能耗: 0.0000J, 成功率: 38.0%, 步数: 1, 时间: 0.0s
INFO:OptimizedDDPG:回合 2440/5000 - 奖励: -0.22, 延迟: 68.1531s, 能耗: 0.0000J, 成功率: 38.0%, 步数: 1, 时间: 0.0s
INFO:tensorflow:Assets written to: python/saved_models/ddpg_default_best_actor_saved_model/assets
INFO:tensorflow:Assets written to: python/saved_models/ddpg_default_best_critic_saved_model/assets
INFO:OptimizedDDPG:发现更好的模型 (奖励: -0.18)，已保存到 python/saved_models/ddpg_default_best
INFO:OptimizedDDPG:回合 2450/5000 - 奖励: -0.21, 延迟: 64.9080s, 能耗: 0.0043J, 成功率: 40.0%, 步数: 1, 时间: 0.0s
INFO:tensorflow:Assets written to: python/saved_models/ddpg_default_best_actor_saved_model/assets
INFO:tensorflow:Assets written to: python/saved_models/ddpg_default_best_critic_saved_model/assets
INFO:OptimizedDDPG:发现更好的模型 (奖励: -0.18)，已保存到 python/saved_models/ddpg_default_best
INFO:OptimizedDDPG:回合 2460/5000 - 奖励: -0.22, 延迟: 68.1531s, 能耗: 0.0000J, 成功率: 38.0%, 步数: 1, 时间: 0.0s
INFO:OptimizedDDPG:回合 2470/5000 - 奖励: -0.22, 延迟: 68.1531s, 能耗: 0.0000J, 成功率: 38.0%, 步数: 1, 时间: 0.0s
INFO:tensorflow:Assets written to: python/saved_models/ddpg_default_best_actor_saved_model/assets
INFO:tensorflow:Assets written to: python/saved_models/ddpg_default_best_critic_saved_model/assets
INFO:OptimizedDDPG:发现更好的模型 (奖励: -0.18)，已保存到 python/saved_models/ddpg_default_best
INFO:OptimizedDDPG:回合 2480/5000 - 奖励: -0.18, 延迟: 60.4757s, 能耗: 0.0104J, 成功率: 48.0%, 步数: 1, 时间: 0.0s
INFO:tensorflow:Assets written to: python/saved_models/ddpg_default_best_actor_saved_model/assets
INFO:tensorflow:Assets written to: python/saved_models/ddpg_default_best_critic_saved_model/assets
INFO:OptimizedDDPG:发现更好的模型 (奖励: -0.17)，已保存到 python/saved_models/ddpg_default_best
INFO:tensorflow:Assets written to: python/saved_models/ddpg_default_best_actor_saved_model/assets
INFO:tensorflow:Assets written to: python/saved_models/ddpg_default_best_critic_saved_model/assets
INFO:OptimizedDDPG:发现更好的模型 (奖励: -0.15)，已保存到 python/saved_models/ddpg_default_best
INFO:OptimizedDDPG:回合 2490/5000 - 奖励: -0.18, 延迟: 57.5102s, 能耗: 0.0101J, 成功率: 50.0%, 步数: 1, 时间: 0.0s
INFO:OptimizedDDPG:回合 2500/5000 - 奖励: -0.19, 延迟: 63.7305s, 能耗: 0.0081J, 成功率: 46.0%, 步数: 1, 时间: 0.0s
INFO:tensorflow:Assets written to: python/saved_models/ddpg_default_ep2500_actor_saved_model/assets
INFO:tensorflow:Assets written to: python/saved_models/ddpg_default_ep2500_critic_saved_model/assets
INFO:OptimizedDDPG:检查点已保存到 python/saved_models/ddpg_default_ep2500
INFO:OptimizedDDPG:回合 2510/5000 - 奖励: -0.20, 延迟: 63.9521s, 能耗: 0.0131J, 成功率: 44.0%, 步数: 1, 时间: 0.0s
INFO:OptimizedDDPG:回合 2520/5000 - 奖励: -0.20, 延迟: 64.5850s, 能耗: 0.0030J, 成功率: 42.0%, 步数: 1, 时间: 0.0s
INFO:OptimizedDDPG:回合 2530/5000 - 奖励: -0.22, 延迟: 68.1531s, 能耗: 0.0000J, 成功率: 38.0%, 步数: 1, 时间: 0.0s
INFO:OptimizedDDPG:回合 2540/5000 - 奖励: -0.22, 延迟: 68.1531s, 能耗: 0.0000J, 成功率: 38.0%, 步数: 1, 时间: 0.0s
INFO:OptimizedDDPG:回合 2550/5000 - 奖励: -0.22, 延迟: 68.1531s, 能耗: 0.0000J, 成功率: 38.0%, 步数: 1, 时间: 0.0s
INFO:OptimizedDDPG:回合 2560/5000 - 奖励: -0.19, 延迟: 63.2483s, 能耗: 0.0079J, 成功率: 46.0%, 步数: 1, 时间: 0.0s
INFO:OptimizedDDPG:回合 2570/5000 - 奖励: -0.18, 延迟: 58.8655s, 能耗: 0.0143J, 成功率: 50.0%, 步数: 1, 时间: 0.0s
INFO:OptimizedDDPG:回合 2580/5000 - 奖励: -0.20, 延迟: 64.5835s, 能耗: 0.0039J, 成功率: 42.0%, 步数: 1, 时间: 0.0s
INFO:OptimizedDDPG:回合 2590/5000 - 奖励: -0.19, 延迟: 60.8794s, 能耗: 0.0044J, 成功率: 46.0%, 步数: 1, 时间: 0.0s
INFO:OptimizedDDPG:回合 2600/5000 - 奖励: -0.22, 延迟: 68.1531s, 能耗: 0.0000J, 成功率: 38.0%, 步数: 1, 时间: 0.0s
INFO:tensorflow:Assets written to: python/saved_models/ddpg_default_ep2600_actor_saved_model/assets
INFO:tensorflow:Assets written to: python/saved_models/ddpg_default_ep2600_critic_saved_model/assets
INFO:OptimizedDDPG:检查点已保存到 python/saved_models/ddpg_default_ep2600
INFO:OptimizedDDPG:回合 2610/5000 - 奖励: -0.17, 延迟: 57.9697s, 能耗: 0.0126J, 成功率: 52.0%, 步数: 1, 时间: 0.0s
INFO:OptimizedDDPG:回合 2620/5000 - 奖励: -0.20, 延迟: 62.6693s, 能耗: 0.0079J, 成功率: 44.0%, 步数: 1, 时间: 0.0s
INFO:OptimizedDDPG:回合 2630/5000 - 奖励: -0.22, 延迟: 68.1531s, 能耗: 0.0000J, 成功率: 38.0%, 步数: 1, 时间: 0.0s
INFO:OptimizedDDPG:回合 2640/5000 - 奖励: -0.18, 延迟: 57.3171s, 能耗: 0.0116J, 成功率: 50.0%, 步数: 1, 时间: 0.0s
INFO:OptimizedDDPG:回合 2650/5000 - 奖励: -0.22, 延迟: 68.1531s, 能耗: 0.0000J, 成功率: 38.0%, 步数: 1, 时间: 0.0s
INFO:tensorflow:Assets written to: python/saved_models/ddpg_default_best_actor_saved_model/assets
INFO:tensorflow:Assets written to: python/saved_models/ddpg_default_best_critic_saved_model/assets
INFO:OptimizedDDPG:发现更好的模型 (奖励: -0.15)，已保存到 python/saved_models/ddpg_default_best
INFO:OptimizedDDPG:回合 2660/5000 - 奖励: -0.22, 延迟: 68.1531s, 能耗: 0.0000J, 成功率: 38.0%, 步数: 1, 时间: 0.0s
INFO:OptimizedDDPG:回合 2670/5000 - 奖励: -0.22, 延迟: 68.1531s, 能耗: 0.0000J, 成功率: 38.0%, 步数: 1, 时间: 0.0s
INFO:OptimizedDDPG:回合 2680/5000 - 奖励: -0.18, 延迟: 61.1555s, 能耗: 0.0063J, 成功率: 48.0%, 步数: 1, 时间: 0.0s
INFO:OptimizedDDPG:回合 2690/5000 - 奖励: -0.19, 延迟: 62.1698s, 能耗: 0.0052J, 成功率: 46.0%, 步数: 1, 时间: 0.0s
INFO:OptimizedDDPG:回合 2700/5000 - 奖励: -0.22, 延迟: 68.1531s, 能耗: 0.0000J, 成功率: 38.0%, 步数: 1, 时间: 0.0s
INFO:tensorflow:Assets written to: python/saved_models/ddpg_default_ep2700_actor_saved_model/assets
INFO:tensorflow:Assets written to: python/saved_models/ddpg_default_ep2700_critic_saved_model/assets
INFO:OptimizedDDPG:检查点已保存到 python/saved_models/ddpg_default_ep2700
INFO:OptimizedDDPG:回合 2710/5000 - 奖励: -0.22, 延迟: 68.1531s, 能耗: 0.0000J, 成功率: 38.0%, 步数: 1, 时间: 0.0s
INFO:OptimizedDDPG:回合 2720/5000 - 奖励: -0.20, 延迟: 62.4532s, 能耗: 0.0072J, 成功率: 44.0%, 步数: 1, 时间: 0.0s
INFO:tensorflow:Assets written to: python/saved_models/ddpg_default_best_actor_saved_model/assets
INFO:tensorflow:Assets written to: python/saved_models/ddpg_default_best_critic_saved_model/assets
INFO:OptimizedDDPG:发现更好的模型 (奖励: -0.15)，已保存到 python/saved_models/ddpg_default_best
INFO:OptimizedDDPG:回合 2730/5000 - 奖励: -0.22, 延迟: 68.1531s, 能耗: 0.0000J, 成功率: 38.0%, 步数: 1, 时间: 0.0s
INFO:OptimizedDDPG:回合 2740/5000 - 奖励: -0.18, 延迟: 60.2392s, 能耗: 0.0114J, 成功率: 48.0%, 步数: 1, 时间: 0.0s
INFO:OptimizedDDPG:回合 2750/5000 - 奖励: -0.20, 延迟: 64.6446s, 能耗: 0.0072J, 成功率: 44.0%, 步数: 1, 时间: 0.0s
INFO:OptimizedDDPG:回合 2760/5000 - 奖励: -0.21, 延迟: 65.7400s, 能耗: 0.0047J, 成功率: 40.0%, 步数: 1, 时间: 0.0s
INFO:OptimizedDDPG:回合 2770/5000 - 奖励: -0.16, 延迟: 56.5436s, 能耗: 0.0142J, 成功率: 54.0%, 步数: 1, 时间: 0.0s
INFO:tensorflow:Assets written to: python/saved_models/ddpg_default_best_actor_saved_model/assets
INFO:tensorflow:Assets written to: python/saved_models/ddpg_default_best_critic_saved_model/assets
INFO:OptimizedDDPG:发现更好的模型 (奖励: -0.14)，已保存到 python/saved_models/ddpg_default_best
INFO:OptimizedDDPG:回合 2780/5000 - 奖励: -0.14, 延迟: 51.3933s, 能耗: 0.0196J, 成功率: 60.0%, 步数: 1, 时间: 0.0s
INFO:tensorflow:Assets written to: python/saved_models/ddpg_default_best_actor_saved_model/assets
INFO:tensorflow:Assets written to: python/saved_models/ddpg_default_best_critic_saved_model/assets
INFO:OptimizedDDPG:发现更好的模型 (奖励: -0.14)，已保存到 python/saved_models/ddpg_default_best
INFO:OptimizedDDPG:回合 2790/5000 - 奖励: -0.18, 延迟: 59.6319s, 能耗: 0.0148J, 成功率: 50.0%, 步数: 1, 时间: 0.0s
INFO:OptimizedDDPG:回合 2800/5000 - 奖励: -0.18, 延迟: 56.9570s, 能耗: 0.0157J, 成功率: 50.0%, 步数: 1, 时间: 0.0s
INFO:tensorflow:Assets written to: python/saved_models/ddpg_default_ep2800_actor_saved_model/assets
INFO:tensorflow:Assets written to: python/saved_models/ddpg_default_ep2800_critic_saved_model/assets
INFO:OptimizedDDPG:检查点已保存到 python/saved_models/ddpg_default_ep2800
INFO:OptimizedDDPG:回合 2810/5000 - 奖励: -0.20, 延迟: 63.8490s, 能耗: 0.0069J, 成功率: 42.0%, 步数: 1, 时间: 0.0s
INFO:OptimizedDDPG:回合 2820/5000 - 奖励: -0.22, 延迟: 68.1531s, 能耗: 0.0000J, 成功率: 38.0%, 步数: 1, 时间: 0.0s
INFO:OptimizedDDPG:回合 2830/5000 - 奖励: -0.20, 延迟: 61.6967s, 能耗: 0.0123J, 成功率: 44.0%, 步数: 1, 时间: 0.0s
INFO:tensorflow:Assets written to: python/saved_models/ddpg_default_best_actor_saved_model/assets
INFO:tensorflow:Assets written to: python/saved_models/ddpg_default_best_critic_saved_model/assets
INFO:OptimizedDDPG:发现更好的模型 (奖励: -0.14)，已保存到 python/saved_models/ddpg_default_best
INFO:OptimizedDDPG:回合 2840/5000 - 奖励: -0.22, 延迟: 68.1531s, 能耗: 0.0000J, 成功率: 38.0%, 步数: 1, 时间: 0.0s
INFO:OptimizedDDPG:回合 2850/5000 - 奖励: -0.22, 延迟: 68.1531s, 能耗: 0.0000J, 成功率: 38.0%, 步数: 1, 时间: 0.0s
INFO:OptimizedDDPG:回合 2860/5000 - 奖励: -0.16, 延迟: 56.6710s, 能耗: 0.0185J, 成功率: 54.0%, 步数: 1, 时间: 0.0s
INFO:OptimizedDDPG:回合 2870/5000 - 奖励: -0.22, 延迟: 68.1531s, 能耗: 0.0000J, 成功率: 38.0%, 步数: 1, 时间: 0.0s
INFO:OptimizedDDPG:回合 2880/5000 - 奖励: -0.16, 延迟: 56.6010s, 能耗: 0.0158J, 成功率: 54.0%, 步数: 1, 时间: 0.0s
INFO:OptimizedDDPG:回合 2890/5000 - 奖励: -0.18, 延迟: 57.8270s, 能耗: 0.0171J, 成功率: 50.0%, 步数: 1, 时间: 0.0s
INFO:OptimizedDDPG:回合 2900/5000 - 奖励: -0.16, 延迟: 55.2367s, 能耗: 0.0206J, 成功率: 54.0%, 步数: 1, 时间: 0.0s
INFO:tensorflow:Assets written to: python/saved_models/ddpg_default_ep2900_actor_saved_model/assets
INFO:tensorflow:Assets written to: python/saved_models/ddpg_default_ep2900_critic_saved_model/assets
INFO:OptimizedDDPG:检查点已保存到 python/saved_models/ddpg_default_ep2900
INFO:OptimizedDDPG:回合 2910/5000 - 奖励: -0.16, 延迟: 56.4932s, 能耗: 0.0146J, 成功率: 54.0%, 步数: 1, 时间: 0.0s
INFO:OptimizedDDPG:回合 2920/5000 - 奖励: -0.16, 延迟: 55.6058s, 能耗: 0.0188J, 成功率: 54.0%, 步数: 1, 时间: 0.0s
INFO:OptimizedDDPG:回合 2930/5000 - 奖励: -0.19, 延迟: 60.3211s, 能耗: 0.0154J, 成功率: 46.0%, 步数: 1, 时间: 0.0s
INFO:tensorflow:Assets written to: python/saved_models/ddpg_default_best_actor_saved_model/assets
INFO:tensorflow:Assets written to: python/saved_models/ddpg_default_best_critic_saved_model/assets
INFO:OptimizedDDPG:发现更好的模型 (奖励: -0.13)，已保存到 python/saved_models/ddpg_default_best
INFO:OptimizedDDPG:回合 2940/5000 - 奖励: -0.22, 延迟: 68.1531s, 能耗: 0.0000J, 成功率: 38.0%, 步数: 1, 时间: 0.0s
INFO:OptimizedDDPG:回合 2950/5000 - 奖励: -0.17, 延迟: 57.1608s, 能耗: 0.0172J, 成功率: 52.0%, 步数: 1, 时间: 0.0s
INFO:OptimizedDDPG:回合 2960/5000 - 奖励: -0.22, 延迟: 68.1531s, 能耗: 0.0000J, 成功率: 38.0%, 步数: 1, 时间: 0.0s
INFO:OptimizedDDPG:回合 2970/5000 - 奖励: -0.13, 延迟: 49.3965s, 能耗: 0.0256J, 成功率: 64.0%, 步数: 1, 时间: 0.0s
INFO:tensorflow:Assets written to: python/saved_models/ddpg_default_best_actor_saved_model/assets
INFO:tensorflow:Assets written to: python/saved_models/ddpg_default_best_critic_saved_model/assets
INFO:OptimizedDDPG:发现更好的模型 (奖励: -0.13)，已保存到 python/saved_models/ddpg_default_best
INFO:OptimizedDDPG:回合 2980/5000 - 奖励: -0.19, 延迟: 60.9389s, 能耗: 0.0118J, 成功率: 46.0%, 步数: 1, 时间: 0.0s
INFO:OptimizedDDPG:回合 2990/5000 - 奖励: -0.22, 延迟: 68.1531s, 能耗: 0.0000J, 成功率: 38.0%, 步数: 1, 时间: 0.0s
INFO:OptimizedDDPG:回合 3000/5000 - 奖励: -0.22, 延迟: 68.1531s, 能耗: 0.0000J, 成功率: 38.0%, 步数: 1, 时间: 0.0s
INFO:tensorflow:Assets written to: python/saved_models/ddpg_default_ep3000_actor_saved_model/assets
INFO:tensorflow:Assets written to: python/saved_models/ddpg_default_ep3000_critic_saved_model/assets
INFO:OptimizedDDPG:检查点已保存到 python/saved_models/ddpg_default_ep3000
INFO:OptimizedDDPG:回合 3010/5000 - 奖励: -0.22, 延迟: 68.1531s, 能耗: 0.0000J, 成功率: 38.0%, 步数: 1, 时间: 0.0s
INFO:tensorflow:Assets written to: python/saved_models/ddpg_default_best_actor_saved_model/assets
INFO:tensorflow:Assets written to: python/saved_models/ddpg_default_best_critic_saved_model/assets
INFO:OptimizedDDPG:发现更好的模型 (奖励: -0.10)，已保存到 python/saved_models/ddpg_default_best
INFO:OptimizedDDPG:回合 3020/5000 - 奖励: -0.22, 延迟: 68.1531s, 能耗: 0.0000J, 成功率: 38.0%, 步数: 1, 时间: 0.0s
INFO:OptimizedDDPG:回合 3030/5000 - 奖励: -0.22, 延迟: 68.1531s, 能耗: 0.0000J, 成功率: 38.0%, 步数: 1, 时间: 0.0s
INFO:OptimizedDDPG:回合 3040/5000 - 奖励: -0.18, 延迟: 57.2979s, 能耗: 0.0165J, 成功率: 50.0%, 步数: 1, 时间: 0.0s
INFO:OptimizedDDPG:回合 3050/5000 - 奖励: -0.22, 延迟: 68.1531s, 能耗: 0.0000J, 成功率: 38.0%, 步数: 1, 时间: 0.0s
INFO:OptimizedDDPG:回合 3060/5000 - 奖励: -0.22, 延迟: 68.1531s, 能耗: 0.0000J, 成功率: 38.0%, 步数: 1, 时间: 0.0s
INFO:OptimizedDDPG:回合 3070/5000 - 奖励: -0.18, 延迟: 55.6106s, 能耗: 0.0211J, 成功率: 50.0%, 步数: 1, 时间: 0.0s
INFO:OptimizedDDPG:回合 3080/5000 - 奖励: -0.18, 延迟: 60.6241s, 能耗: 0.0095J, 成功率: 50.0%, 步数: 1, 时间: 0.0s
INFO:OptimizedDDPG:回合 3090/5000 - 奖励: -0.13, 延迟: 48.7093s, 能耗: 0.0234J, 成功率: 62.0%, 步数: 1, 时间: 0.0s
INFO:OptimizedDDPG:回合 3100/5000 - 奖励: -0.14, 延迟: 48.3115s, 能耗: 0.0281J, 成功率: 60.0%, 步数: 1, 时间: 0.0s
INFO:tensorflow:Assets written to: python/saved_models/ddpg_default_ep3100_actor_saved_model/assets
INFO:tensorflow:Assets written to: python/saved_models/ddpg_default_ep3100_critic_saved_model/assets
INFO:OptimizedDDPG:检查点已保存到 python/saved_models/ddpg_default_ep3100
INFO:OptimizedDDPG:回合 3110/5000 - 奖励: -0.22, 延迟: 68.1531s, 能耗: 0.0000J, 成功率: 38.0%, 步数: 1, 时间: 0.0s
INFO:OptimizedDDPG:回合 3120/5000 - 奖励: -0.15, 延迟: 50.6623s, 能耗: 0.0289J, 成功率: 56.0%, 步数: 1, 时间: 0.0s
INFO:OptimizedDDPG:回合 3130/5000 - 奖励: -0.22, 延迟: 68.1531s, 能耗: 0.0000J, 成功率: 38.0%, 步数: 1, 时间: 0.0s
INFO:OptimizedDDPG:回合 3140/5000 - 奖励: -0.22, 延迟: 68.1531s, 能耗: 0.0000J, 成功率: 38.0%, 步数: 1, 时间: 0.0s
INFO:OptimizedDDPG:回合 3150/5000 - 奖励: -0.22, 延迟: 68.1531s, 能耗: 0.0000J, 成功率: 38.0%, 步数: 1, 时间: 0.0s
INFO:OptimizedDDPG:回合 3160/5000 - 奖励: -0.13, 延迟: 51.6354s, 能耗: 0.0245J, 成功率: 62.0%, 步数: 1, 时间: 0.0s
INFO:OptimizedDDPG:回合 3170/5000 - 奖励: -0.22, 延迟: 68.1531s, 能耗: 0.0000J, 成功率: 38.0%, 步数: 1, 时间: 0.0s
INFO:OptimizedDDPG:回合 3180/5000 - 奖励: -0.22, 延迟: 68.1531s, 能耗: 0.0000J, 成功率: 38.0%, 步数: 1, 时间: 0.0s
INFO:OptimizedDDPG:回合 3190/5000 - 奖励: -0.12, 延迟: 45.4577s, 能耗: 0.0280J, 成功率: 66.0%, 步数: 1, 时间: 0.0s
INFO:OptimizedDDPG:回合 3200/5000 - 奖励: -0.22, 延迟: 68.1531s, 能耗: 0.0000J, 成功率: 38.0%, 步数: 1, 时间: 0.0s
INFO:tensorflow:Assets written to: python/saved_models/ddpg_default_ep3200_actor_saved_model/assets
INFO:tensorflow:Assets written to: python/saved_models/ddpg_default_ep3200_critic_saved_model/assets
INFO:OptimizedDDPG:检查点已保存到 python/saved_models/ddpg_default_ep3200
INFO:OptimizedDDPG:回合 3210/5000 - 奖励: -0.15, 延迟: 52.1818s, 能耗: 0.0221J, 成功率: 56.0%, 步数: 1, 时间: 0.0s
INFO:OptimizedDDPG:回合 3220/5000 - 奖励: -0.22, 延迟: 68.1531s, 能耗: 0.0000J, 成功率: 38.0%, 步数: 1, 时间: 0.0s
INFO:OptimizedDDPG:回合 3230/5000 - 奖励: -0.22, 延迟: 68.1531s, 能耗: 0.0000J, 成功率: 38.0%, 步数: 1, 时间: 0.0s
INFO:OptimizedDDPG:回合 3240/5000 - 奖励: -0.15, 延迟: 54.2406s, 能耗: 0.0183J, 成功率: 56.0%, 步数: 1, 时间: 0.0s
INFO:OptimizedDDPG:回合 3250/5000 - 奖励: -0.16, 延迟: 54.1736s, 能耗: 0.0130J, 成功率: 54.0%, 步数: 1, 时间: 0.0s
INFO:OptimizedDDPG:回合 3260/5000 - 奖励: -0.14, 延迟: 51.3370s, 能耗: 0.0193J, 成功率: 60.0%, 步数: 1, 时间: 0.0s
INFO:OptimizedDDPG:回合 3270/5000 - 奖励: -0.22, 延迟: 68.1531s, 能耗: 0.0000J, 成功率: 38.0%, 步数: 1, 时间: 0.0s
INFO:OptimizedDDPG:回合 3280/5000 - 奖励: -0.14, 延迟: 50.7599s, 能耗: 0.0214J, 成功率: 60.0%, 步数: 1, 时间: 0.0s
INFO:OptimizedDDPG:回合 3290/5000 - 奖励: -0.22, 延迟: 68.1531s, 能耗: 0.0000J, 成功率: 38.0%, 步数: 1, 时间: 0.0s
INFO:OptimizedDDPG:回合 3300/5000 - 奖励: -0.22, 延迟: 68.1531s, 能耗: 0.0000J, 成功率: 38.0%, 步数: 1, 时间: 0.0s
INFO:tensorflow:Assets written to: python/saved_models/ddpg_default_ep3300_actor_saved_model/assets
INFO:tensorflow:Assets written to: python/saved_models/ddpg_default_ep3300_critic_saved_model/assets
INFO:OptimizedDDPG:检查点已保存到 python/saved_models/ddpg_default_ep3300
INFO:OptimizedDDPG:回合 3310/5000 - 奖励: -0.13, 延迟: 50.1448s, 能耗: 0.0287J, 成功率: 62.0%, 步数: 1, 时间: 0.0s
INFO:OptimizedDDPG:回合 3320/5000 - 奖励: -0.15, 延迟: 56.6074s, 能耗: 0.0157J, 成功率: 56.0%, 步数: 1, 时间: 0.0s
INFO:OptimizedDDPG:回合 3330/5000 - 奖励: -0.17, 延迟: 59.3830s, 能耗: 0.0104J, 成功率: 52.0%, 步数: 1, 时间: 0.0s
INFO:OptimizedDDPG:回合 3340/5000 - 奖励: -0.22, 延迟: 68.1531s, 能耗: 0.0000J, 成功率: 38.0%, 步数: 1, 时间: 0.0s
INFO:OptimizedDDPG:回合 3350/5000 - 奖励: -0.22, 延迟: 68.1531s, 能耗: 0.0000J, 成功率: 38.0%, 步数: 1, 时间: 0.0s
INFO:OptimizedDDPG:回合 3360/5000 - 奖励: -0.13, 延迟: 46.8237s, 能耗: 0.0313J, 成功率: 64.0%, 步数: 1, 时间: 0.0s
INFO:OptimizedDDPG:回合 3370/5000 - 奖励: -0.22, 延迟: 68.1531s, 能耗: 0.0000J, 成功率: 38.0%, 步数: 1, 时间: 0.0s
INFO:OptimizedDDPG:回合 3380/5000 - 奖励: -0.15, 延迟: 52.2774s, 能耗: 0.0255J, 成功率: 58.0%, 步数: 1, 时间: 0.0s
INFO:OptimizedDDPG:回合 3390/5000 - 奖励: -0.22, 延迟: 68.1531s, 能耗: 0.0000J, 成功率: 38.0%, 步数: 1, 时间: 0.0s
INFO:OptimizedDDPG:回合 3400/5000 - 奖励: -0.13, 延迟: 48.7545s, 能耗: 0.0230J, 成功率: 62.0%, 步数: 1, 时间: 0.0s
INFO:tensorflow:Assets written to: python/saved_models/ddpg_default_ep3400_actor_saved_model/assets
INFO:tensorflow:Assets written to: python/saved_models/ddpg_default_ep3400_critic_saved_model/assets
INFO:OptimizedDDPG:检查点已保存到 python/saved_models/ddpg_default_ep3400
INFO:OptimizedDDPG:回合 3410/5000 - 奖励: -0.12, 延迟: 46.3038s, 能耗: 0.0305J, 成功率: 66.0%, 步数: 1, 时间: 0.0s
INFO:OptimizedDDPG:回合 3420/5000 - 奖励: -0.16, 延迟: 54.6636s, 能耗: 0.0261J, 成功率: 54.0%, 步数: 1, 时间: 0.0s
INFO:OptimizedDDPG:回合 3430/5000 - 奖励: -0.11, 延迟: 43.5622s, 能耗: 0.0342J, 成功率: 68.0%, 步数: 1, 时间: 0.0s
INFO:OptimizedDDPG:回合 3440/5000 - 奖励: -0.15, 延迟: 51.7501s, 能耗: 0.0223J, 成功率: 56.0%, 步数: 1, 时间: 0.0s
INFO:OptimizedDDPG:回合 3450/5000 - 奖励: -0.22, 延迟: 68.1531s, 能耗: 0.0000J, 成功率: 38.0%, 步数: 1, 时间: 0.0s
INFO:OptimizedDDPG:回合 3460/5000 - 奖励: -0.22, 延迟: 68.1531s, 能耗: 0.0000J, 成功率: 38.0%, 步数: 1, 时间: 0.0s
INFO:OptimizedDDPG:回合 3470/5000 - 奖励: -0.15, 延迟: 51.0365s, 能耗: 0.0316J, 成功率: 58.0%, 步数: 1, 时间: 0.0s
INFO:OptimizedDDPG:回合 3480/5000 - 奖励: -0.13, 延迟: 47.4826s, 能耗: 0.0257J, 成功率: 64.0%, 步数: 1, 时间: 0.0s
INFO:OptimizedDDPG:回合 3490/5000 - 奖励: -0.16, 延迟: 53.2031s, 能耗: 0.0281J, 成功率: 54.0%, 步数: 1, 时间: 0.0s
INFO:OptimizedDDPG:回合 3500/5000 - 奖励: -0.14, 延迟: 52.4417s, 能耗: 0.0233J, 成功率: 60.0%, 步数: 1, 时间: 0.0s
INFO:tensorflow:Assets written to: python/saved_models/ddpg_default_ep3500_actor_saved_model/assets
INFO:tensorflow:Assets written to: python/saved_models/ddpg_default_ep3500_critic_saved_model/assets
INFO:OptimizedDDPG:检查点已保存到 python/saved_models/ddpg_default_ep3500
INFO:tensorflow:Assets written to: python/saved_models/ddpg_default_best_actor_saved_model/assets
INFO:tensorflow:Assets written to: python/saved_models/ddpg_default_best_critic_saved_model/assets
INFO:OptimizedDDPG:发现更好的模型 (奖励: -0.10)，已保存到 python/saved_models/ddpg_default_best
INFO:OptimizedDDPG:回合 3510/5000 - 奖励: -0.15, 延迟: 48.9107s, 能耗: 0.0211J, 成功率: 58.0%, 步数: 1, 时间: 0.0s
INFO:OptimizedDDPG:回合 3520/5000 - 奖励: -0.15, 延迟: 51.4768s, 能耗: 0.0208J, 成功率: 56.0%, 步数: 1, 时间: 0.0s
INFO:OptimizedDDPG:回合 3530/5000 - 奖励: -0.14, 延迟: 49.4906s, 能耗: 0.0225J, 成功率: 60.0%, 步数: 1, 时间: 0.0s
INFO:OptimizedDDPG:回合 3540/5000 - 奖励: -0.16, 延迟: 54.1038s, 能耗: 0.0190J, 成功率: 54.0%, 步数: 1, 时间: 0.0s
INFO:OptimizedDDPG:回合 3550/5000 - 奖励: -0.13, 延迟: 48.2100s, 能耗: 0.0309J, 成功率: 64.0%, 步数: 1, 时间: 0.0s
INFO:OptimizedDDPG:回合 3560/5000 - 奖励: -0.22, 延迟: 68.1531s, 能耗: 0.0000J, 成功率: 38.0%, 步数: 1, 时间: 0.0s
INFO:OptimizedDDPG:回合 3570/5000 - 奖励: -0.13, 延迟: 46.9173s, 能耗: 0.0297J, 成功率: 64.0%, 步数: 1, 时间: 0.0s
INFO:OptimizedDDPG:回合 3580/5000 - 奖励: -0.15, 延迟: 50.6965s, 能耗: 0.0241J, 成功率: 58.0%, 步数: 1, 时间: 0.0s
INFO:OptimizedDDPG:回合 3590/5000 - 奖励: -0.14, 延迟: 50.1629s, 能耗: 0.0216J, 成功率: 60.0%, 步数: 1, 时间: 0.0s
INFO:OptimizedDDPG:回合 3600/5000 - 奖励: -0.14, 延迟: 47.6890s, 能耗: 0.0323J, 成功率: 60.0%, 步数: 1, 时间: 0.0s
INFO:tensorflow:Assets written to: python/saved_models/ddpg_default_ep3600_actor_saved_model/assets
INFO:tensorflow:Assets written to: python/saved_models/ddpg_default_ep3600_critic_saved_model/assets
INFO:OptimizedDDPG:检查点已保存到 python/saved_models/ddpg_default_ep3600
INFO:OptimizedDDPG:回合 3610/5000 - 奖励: -0.11, 延迟: 40.0825s, 能耗: 0.0391J, 成功率: 70.0%, 步数: 1, 时间: 0.0s
INFO:OptimizedDDPG:回合 3620/5000 - 奖励: -0.22, 延迟: 68.1531s, 能耗: 0.0000J, 成功率: 38.0%, 步数: 1, 时间: 0.0s
INFO:OptimizedDDPG:回合 3630/5000 - 奖励: -0.14, 延迟: 46.3463s, 能耗: 0.0354J, 成功率: 60.0%, 步数: 1, 时间: 0.0s
INFO:tensorflow:Assets written to: python/saved_models/ddpg_default_best_actor_saved_model/assets
INFO:tensorflow:Assets written to: python/saved_models/ddpg_default_best_critic_saved_model/assets
INFO:OptimizedDDPG:发现更好的模型 (奖励: -0.09)，已保存到 python/saved_models/ddpg_default_best
INFO:OptimizedDDPG:回合 3640/5000 - 奖励: -0.16, 延迟: 55.4440s, 能耗: 0.0192J, 成功率: 54.0%, 步数: 1, 时间: 0.0s
INFO:tensorflow:Assets written to: python/saved_models/ddpg_default_best_actor_saved_model/assets
INFO:tensorflow:Assets written to: python/saved_models/ddpg_default_best_critic_saved_model/assets
INFO:OptimizedDDPG:发现更好的模型 (奖励: -0.09)，已保存到 python/saved_models/ddpg_default_best
INFO:OptimizedDDPG:回合 3650/5000 - 奖励: -0.14, 延迟: 50.6101s, 能耗: 0.0264J, 成功率: 60.0%, 步数: 1, 时间: 0.0s
INFO:OptimizedDDPG:回合 3660/5000 - 奖励: -0.15, 延迟: 55.4784s, 能耗: 0.0149J, 成功率: 56.0%, 步数: 1, 时间: 0.0s
INFO:OptimizedDDPG:回合 3670/5000 - 奖励: -0.09, 延迟: 37.5836s, 能耗: 0.0398J, 成功率: 76.0%, 步数: 1, 时间: 0.0s
INFO:OptimizedDDPG:回合 3680/5000 - 奖励: -0.13, 延迟: 47.8812s, 能耗: 0.0245J, 成功率: 62.0%, 步数: 1, 时间: 0.0s
INFO:OptimizedDDPG:回合 3690/5000 - 奖励: -0.16, 延迟: 52.5289s, 能耗: 0.0241J, 成功率: 54.0%, 步数: 1, 时间: 0.0s
INFO:OptimizedDDPG:回合 3700/5000 - 奖励: -0.15, 延迟: 52.8259s, 能耗: 0.0197J, 成功率: 56.0%, 步数: 1, 时间: 0.0s
INFO:tensorflow:Assets written to: python/saved_models/ddpg_default_ep3700_actor_saved_model/assets
INFO:tensorflow:Assets written to: python/saved_models/ddpg_default_ep3700_critic_saved_model/assets
INFO:OptimizedDDPG:检查点已保存到 python/saved_models/ddpg_default_ep3700
INFO:OptimizedDDPG:回合 3710/5000 - 奖励: -0.12, 延迟: 44.7102s, 能耗: 0.0307J, 成功率: 66.0%, 步数: 1, 时间: 0.0s
INFO:OptimizedDDPG:回合 3720/5000 - 奖励: -0.12, 延迟: 45.9389s, 能耗: 0.0311J, 成功率: 66.0%, 步数: 1, 时间: 0.0s
INFO:OptimizedDDPG:回合 3730/5000 - 奖励: -0.14, 延迟: 50.6910s, 能耗: 0.0253J, 成功率: 60.0%, 步数: 1, 时间: 0.0s
INFO:OptimizedDDPG:回合 3740/5000 - 奖励: -0.22, 延迟: 68.1531s, 能耗: 0.0000J, 成功率: 38.0%, 步数: 1, 时间: 0.0s
INFO:OptimizedDDPG:回合 3750/5000 - 奖励: -0.13, 延迟: 48.4330s, 能耗: 0.0260J, 成功率: 62.0%, 步数: 1, 时间: 0.0s
INFO:OptimizedDDPG:回合 3760/5000 - 奖励: -0.12, 延迟: 44.2039s, 能耗: 0.0321J, 成功率: 66.0%, 步数: 1, 时间: 0.0s
INFO:OptimizedDDPG:回合 3770/5000 - 奖励: -0.13, 延迟: 49.2124s, 能耗: 0.0241J, 成功率: 62.0%, 步数: 1, 时间: 0.0s
INFO:OptimizedDDPG:回合 3780/5000 - 奖励: -0.10, 延迟: 43.0070s, 能耗: 0.0328J, 成功率: 72.0%, 步数: 1, 时间: 0.0s
INFO:OptimizedDDPG:回合 3790/5000 - 奖励: -0.12, 延迟: 45.1294s, 能耗: 0.0284J, 成功率: 66.0%, 步数: 1, 时间: 0.0s
INFO:OptimizedDDPG:回合 3800/5000 - 奖励: -0.12, 延迟: 41.2938s, 能耗: 0.0323J, 成功率: 66.0%, 步数: 1, 时间: 0.0s
INFO:tensorflow:Assets written to: python/saved_models/ddpg_default_ep3800_actor_saved_model/assets
INFO:tensorflow:Assets written to: python/saved_models/ddpg_default_ep3800_critic_saved_model/assets
INFO:OptimizedDDPG:检查点已保存到 python/saved_models/ddpg_default_ep3800
INFO:OptimizedDDPG:回合 3810/5000 - 奖励: -0.15, 延迟: 52.0918s, 能耗: 0.0251J, 成功率: 56.0%, 步数: 1, 时间: 0.0s
INFO:OptimizedDDPG:回合 3820/5000 - 奖励: -0.11, 延迟: 42.5294s, 能耗: 0.0271J, 成功率: 70.0%, 步数: 1, 时间: 0.0s
INFO:OptimizedDDPG:回合 3830/5000 - 奖励: -0.12, 延迟: 45.8413s, 能耗: 0.0339J, 成功率: 66.0%, 步数: 1, 时间: 0.0s
INFO:OptimizedDDPG:回合 3840/5000 - 奖励: -0.13, 延迟: 44.3203s, 能耗: 0.0277J, 成功率: 64.0%, 步数: 1, 时间: 0.0s
INFO:OptimizedDDPG:回合 3850/5000 - 奖励: -0.11, 延迟: 46.1375s, 能耗: 0.0315J, 成功率: 68.0%, 步数: 1, 时间: 0.0s
INFO:OptimizedDDPG:回合 3860/5000 - 奖励: -0.09, 延迟: 39.9140s, 能耗: 0.0341J, 成功率: 74.0%, 步数: 1, 时间: 0.0s
INFO:tensorflow:Assets written to: python/saved_models/ddpg_default_best_actor_saved_model/assets
INFO:tensorflow:Assets written to: python/saved_models/ddpg_default_best_critic_saved_model/assets
INFO:OptimizedDDPG:发现更好的模型 (奖励: -0.07)，已保存到 python/saved_models/ddpg_default_best
INFO:OptimizedDDPG:回合 3870/5000 - 奖励: -0.12, 延迟: 46.2523s, 能耗: 0.0284J, 成功率: 66.0%, 步数: 1, 时间: 0.0s
INFO:OptimizedDDPG:回合 3880/5000 - 奖励: -0.12, 延迟: 44.9198s, 能耗: 0.0259J, 成功率: 66.0%, 步数: 1, 时间: 0.0s
INFO:OptimizedDDPG:回合 3890/5000 - 奖励: -0.12, 延迟: 45.1998s, 能耗: 0.0285J, 成功率: 66.0%, 步数: 1, 时间: 0.0s
INFO:OptimizedDDPG:回合 3900/5000 - 奖励: -0.13, 延迟: 49.6953s, 能耗: 0.0242J, 成功率: 62.0%, 步数: 1, 时间: 0.0s
INFO:tensorflow:Assets written to: python/saved_models/ddpg_default_ep3900_actor_saved_model/assets
INFO:tensorflow:Assets written to: python/saved_models/ddpg_default_ep3900_critic_saved_model/assets
INFO:OptimizedDDPG:检查点已保存到 python/saved_models/ddpg_default_ep3900
INFO:OptimizedDDPG:回合 3910/5000 - 奖励: -0.11, 延迟: 45.3696s, 能耗: 0.0285J, 成功率: 70.0%, 步数: 1, 时间: 0.0s
INFO:OptimizedDDPG:回合 3920/5000 - 奖励: -0.11, 延迟: 43.1996s, 能耗: 0.0308J, 成功率: 70.0%, 步数: 1, 时间: 0.0s
INFO:OptimizedDDPG:回合 3930/5000 - 奖励: -0.13, 延迟: 48.0192s, 能耗: 0.0239J, 成功率: 62.0%, 步数: 1, 时间: 0.0s
INFO:OptimizedDDPG:回合 3940/5000 - 奖励: -0.11, 延迟: 40.9996s, 能耗: 0.0421J, 成功率: 70.0%, 步数: 1, 时间: 0.0s
INFO:OptimizedDDPG:回合 3950/5000 - 奖励: -0.12, 延迟: 44.3920s, 能耗: 0.0275J, 成功率: 66.0%, 步数: 1, 时间: 0.0s
INFO:OptimizedDDPG:回合 3960/5000 - 奖励: -0.22, 延迟: 68.1531s, 能耗: 0.0000J, 成功率: 38.0%, 步数: 1, 时间: 0.0s
INFO:OptimizedDDPG:回合 3970/5000 - 奖励: -0.09, 延迟: 38.6087s, 能耗: 0.0355J, 成功率: 76.0%, 步数: 1, 时间: 0.0s
INFO:OptimizedDDPG:回合 3980/5000 - 奖励: -0.12, 延迟: 46.9552s, 能耗: 0.0295J, 成功率: 66.0%, 步数: 1, 时间: 0.0s
INFO:OptimizedDDPG:回合 3990/5000 - 奖励: -0.13, 延迟: 49.2342s, 能耗: 0.0270J, 成功率: 62.0%, 步数: 1, 时间: 0.0s
INFO:OptimizedDDPG:回合 4000/5000 - 奖励: -0.15, 延迟: 51.7898s, 能耗: 0.0235J, 成功率: 58.0%, 步数: 1, 时间: 0.0s
INFO:tensorflow:Assets written to: python/saved_models/ddpg_default_ep4000_actor_saved_model/assets
INFO:tensorflow:Assets written to: python/saved_models/ddpg_default_ep4000_critic_saved_model/assets
INFO:OptimizedDDPG:检查点已保存到 python/saved_models/ddpg_default_ep4000
INFO:OptimizedDDPG:回合 4010/5000 - 奖励: -0.14, 延迟: 53.4543s, 能耗: 0.0221J, 成功率: 60.0%, 步数: 1, 时间: 0.0s
INFO:OptimizedDDPG:回合 4020/5000 - 奖励: -0.11, 延迟: 45.4482s, 能耗: 0.0350J, 成功率: 70.0%, 步数: 1, 时间: 0.0s
INFO:OptimizedDDPG:回合 4030/5000 - 奖励: -0.09, 延迟: 42.3144s, 能耗: 0.0364J, 成功率: 74.0%, 步数: 1, 时间: 0.0s
INFO:OptimizedDDPG:回合 4040/5000 - 奖励: -0.15, 延迟: 52.1532s, 能耗: 0.0169J, 成功率: 56.0%, 步数: 1, 时间: 0.0s
INFO:OptimizedDDPG:回合 4050/5000 - 奖励: -0.22, 延迟: 68.1531s, 能耗: 0.0000J, 成功率: 38.0%, 步数: 1, 时间: 0.0s
INFO:OptimizedDDPG:回合 4060/5000 - 奖励: -0.11, 延迟: 42.9168s, 能耗: 0.0358J, 成功率: 68.0%, 步数: 1, 时间: 0.0s
INFO:OptimizedDDPG:回合 4070/5000 - 奖励: -0.12, 延迟: 46.4969s, 能耗: 0.0389J, 成功率: 66.0%, 步数: 1, 时间: 0.0s
INFO:OptimizedDDPG:回合 4080/5000 - 奖励: -0.13, 延迟: 47.7382s, 能耗: 0.0314J, 成功率: 64.0%, 步数: 1, 时间: 0.0s
INFO:OptimizedDDPG:回合 4090/5000 - 奖励: -0.15, 延迟: 50.5746s, 能耗: 0.0240J, 成功率: 56.0%, 步数: 1, 时间: 0.0s
INFO:OptimizedDDPG:回合 4100/5000 - 奖励: -0.22, 延迟: 68.1531s, 能耗: 0.0000J, 成功率: 38.0%, 步数: 1, 时间: 0.0s
INFO:tensorflow:Assets written to: python/saved_models/ddpg_default_ep4100_actor_saved_model/assets
INFO:tensorflow:Assets written to: python/saved_models/ddpg_default_ep4100_critic_saved_model/assets
INFO:OptimizedDDPG:检查点已保存到 python/saved_models/ddpg_default_ep4100
INFO:OptimizedDDPG:回合 4110/5000 - 奖励: -0.13, 延迟: 47.8554s, 能耗: 0.0278J, 成功率: 64.0%, 步数: 1, 时间: 0.0s
INFO:OptimizedDDPG:回合 4120/5000 - 奖励: -0.13, 延迟: 44.1594s, 能耗: 0.0325J, 成功率: 64.0%, 步数: 1, 时间: 0.0s
INFO:OptimizedDDPG:回合 4130/5000 - 奖励: -0.11, 延迟: 46.3251s, 能耗: 0.0329J, 成功率: 68.0%, 步数: 1, 时间: 0.0s
INFO:OptimizedDDPG:回合 4140/5000 - 奖励: -0.16, 延迟: 50.9493s, 能耗: 0.0234J, 成功率: 54.0%, 步数: 1, 时间: 0.0s
INFO:OptimizedDDPG:回合 4150/5000 - 奖励: -0.15, 延迟: 52.9716s, 能耗: 0.0213J, 成功率: 56.0%, 步数: 1, 时间: 0.0s
INFO:OptimizedDDPG:回合 4160/5000 - 奖励: -0.22, 延迟: 68.1531s, 能耗: 0.0000J, 成功率: 38.0%, 步数: 1, 时间: 0.0s
INFO:OptimizedDDPG:回合 4170/5000 - 奖励: -0.13, 延迟: 49.9184s, 能耗: 0.0318J, 成功率: 62.0%, 步数: 1, 时间: 0.0s
INFO:OptimizedDDPG:回合 4180/5000 - 奖励: -0.10, 延迟: 43.9957s, 能耗: 0.0290J, 成功率: 72.0%, 步数: 1, 时间: 0.0s
INFO:OptimizedDDPG:回合 4190/5000 - 奖励: -0.12, 延迟: 43.6480s, 能耗: 0.0320J, 成功率: 66.0%, 步数: 1, 时间: 0.0s
INFO:OptimizedDDPG:回合 4200/5000 - 奖励: -0.13, 延迟: 49.7542s, 能耗: 0.0242J, 成功率: 62.0%, 步数: 1, 时间: 0.0s
INFO:tensorflow:Assets written to: python/saved_models/ddpg_default_ep4200_actor_saved_model/assets
INFO:tensorflow:Assets written to: python/saved_models/ddpg_default_ep4200_critic_saved_model/assets
INFO:OptimizedDDPG:检查点已保存到 python/saved_models/ddpg_default_ep4200
INFO:OptimizedDDPG:回合 4210/5000 - 奖励: -0.22, 延迟: 68.1531s, 能耗: 0.0000J, 成功率: 38.0%, 步数: 1, 时间: 0.0s
INFO:OptimizedDDPG:回合 4220/5000 - 奖励: -0.10, 延迟: 42.7684s, 能耗: 0.0307J, 成功率: 72.0%, 步数: 1, 时间: 0.0s
INFO:OptimizedDDPG:回合 4230/5000 - 奖励: -0.15, 延迟: 54.7025s, 能耗: 0.0195J, 成功率: 56.0%, 步数: 1, 时间: 0.0s
INFO:OptimizedDDPG:回合 4240/5000 - 奖励: -0.11, 延迟: 41.6286s, 能耗: 0.0442J, 成功率: 68.0%, 步数: 1, 时间: 0.0s
INFO:OptimizedDDPG:回合 4250/5000 - 奖励: -0.15, 延迟: 51.1601s, 能耗: 0.0244J, 成功率: 58.0%, 步数: 1, 时间: 0.0s
INFO:OptimizedDDPG:回合 4260/5000 - 奖励: -0.11, 延迟: 42.8392s, 能耗: 0.0323J, 成功率: 70.0%, 步数: 1, 时间: 0.0s
INFO:OptimizedDDPG:回合 4270/5000 - 奖励: -0.11, 延迟: 43.7825s, 能耗: 0.0337J, 成功率: 70.0%, 步数: 1, 时间: 0.0s
INFO:OptimizedDDPG:回合 4280/5000 - 奖励: -0.12, 延迟: 47.6740s, 能耗: 0.0262J, 成功率: 66.0%, 步数: 1, 时间: 0.0s
INFO:OptimizedDDPG:回合 4290/5000 - 奖励: -0.14, 延迟: 53.7841s, 能耗: 0.0206J, 成功率: 60.0%, 步数: 1, 时间: 0.0s
INFO:OptimizedDDPG:回合 4300/5000 - 奖励: -0.14, 延迟: 49.4994s, 能耗: 0.0226J, 成功率: 60.0%, 步数: 1, 时间: 0.0s
INFO:tensorflow:Assets written to: python/saved_models/ddpg_default_ep4300_actor_saved_model/assets
INFO:tensorflow:Assets written to: python/saved_models/ddpg_default_ep4300_critic_saved_model/assets
INFO:OptimizedDDPG:检查点已保存到 python/saved_models/ddpg_default_ep4300
INFO:OptimizedDDPG:回合 4310/5000 - 奖励: -0.11, 延迟: 45.1731s, 能耗: 0.0301J, 成功率: 68.0%, 步数: 1, 时间: 0.0s
INFO:OptimizedDDPG:回合 4320/5000 - 奖励: -0.14, 延迟: 53.2053s, 能耗: 0.0225J, 成功率: 60.0%, 步数: 1, 时间: 0.0s
INFO:OptimizedDDPG:回合 4330/5000 - 奖励: -0.13, 延迟: 46.9467s, 能耗: 0.0284J, 成功率: 64.0%, 步数: 1, 时间: 0.0s
INFO:OptimizedDDPG:回合 4340/5000 - 奖励: -0.12, 延迟: 46.5965s, 能耗: 0.0321J, 成功率: 66.0%, 步数: 1, 时间: 0.0s
INFO:OptimizedDDPG:回合 4350/5000 - 奖励: -0.22, 延迟: 68.1531s, 能耗: 0.0000J, 成功率: 38.0%, 步数: 1, 时间: 0.0s
INFO:OptimizedDDPG:回合 4360/5000 - 奖励: -0.14, 延迟: 49.1632s, 能耗: 0.0278J, 成功率: 60.0%, 步数: 1, 时间: 0.0s
INFO:OptimizedDDPG:回合 4370/5000 - 奖励: -0.22, 延迟: 68.1531s, 能耗: 0.0000J, 成功率: 38.0%, 步数: 1, 时间: 0.0s
INFO:OptimizedDDPG:回合 4380/5000 - 奖励: -0.14, 延迟: 50.7539s, 能耗: 0.0250J, 成功率: 60.0%, 步数: 1, 时间: 0.0s
INFO:OptimizedDDPG:回合 4390/5000 - 奖励: -0.11, 延迟: 44.2283s, 能耗: 0.0351J, 成功率: 70.0%, 步数: 1, 时间: 0.0s
INFO:OptimizedDDPG:回合 4400/5000 - 奖励: -0.12, 延迟: 47.8007s, 能耗: 0.0251J, 成功率: 66.0%, 步数: 1, 时间: 0.0s
INFO:tensorflow:Assets written to: python/saved_models/ddpg_default_ep4400_actor_saved_model/assets
INFO:tensorflow:Assets written to: python/saved_models/ddpg_default_ep4400_critic_saved_model/assets
INFO:OptimizedDDPG:检查点已保存到 python/saved_models/ddpg_default_ep4400
INFO:OptimizedDDPG:回合 4410/5000 - 奖励: -0.22, 延迟: 68.1531s, 能耗: 0.0000J, 成功率: 38.0%, 步数: 1, 时间: 0.0s
INFO:OptimizedDDPG:回合 4420/5000 - 奖励: -0.22, 延迟: 68.1531s, 能耗: 0.0000J, 成功率: 38.0%, 步数: 1, 时间: 0.0s
INFO:OptimizedDDPG:回合 4430/5000 - 奖励: -0.22, 延迟: 68.1531s, 能耗: 0.0000J, 成功率: 38.0%, 步数: 1, 时间: 0.0s
INFO:OptimizedDDPG:回合 4440/5000 - 奖励: -0.22, 延迟: 68.1531s, 能耗: 0.0000J, 成功率: 38.0%, 步数: 1, 时间: 0.0s
INFO:OptimizedDDPG:回合 4450/5000 - 奖励: -0.15, 延迟: 55.1044s, 能耗: 0.0206J, 成功率: 56.0%, 步数: 1, 时间: 0.0s
INFO:OptimizedDDPG:回合 4460/5000 - 奖励: -0.13, 延迟: 44.5721s, 能耗: 0.0275J, 成功率: 64.0%, 步数: 1, 时间: 0.0s
INFO:OptimizedDDPG:回合 4470/5000 - 奖励: -0.13, 延迟: 51.6183s, 能耗: 0.0281J, 成功率: 62.0%, 步数: 1, 时间: 0.0s
INFO:OptimizedDDPG:回合 4480/5000 - 奖励: -0.11, 延迟: 45.1528s, 能耗: 0.0323J, 成功率: 70.0%, 步数: 1, 时间: 0.0s
INFO:OptimizedDDPG:回合 4490/5000 - 奖励: -0.09, 延迟: 41.7123s, 能耗: 0.0374J, 成功率: 74.0%, 步数: 1, 时间: 0.0s
INFO:OptimizedDDPG:回合 4500/5000 - 奖励: -0.22, 延迟: 68.1531s, 能耗: 0.0000J, 成功率: 38.0%, 步数: 1, 时间: 0.0s
INFO:tensorflow:Assets written to: python/saved_models/ddpg_default_ep4500_actor_saved_model/assets
INFO:tensorflow:Assets written to: python/saved_models/ddpg_default_ep4500_critic_saved_model/assets
INFO:OptimizedDDPG:检查点已保存到 python/saved_models/ddpg_default_ep4500
INFO:OptimizedDDPG:回合 4510/5000 - 奖励: -0.15, 延迟: 53.1239s, 能耗: 0.0246J, 成功率: 58.0%, 步数: 1, 时间: 0.0s
INFO:OptimizedDDPG:回合 4520/5000 - 奖励: -0.11, 延迟: 43.7977s, 能耗: 0.0356J, 成功率: 68.0%, 步数: 1, 时间: 0.0s
INFO:OptimizedDDPG:回合 4530/5000 - 奖励: -0.22, 延迟: 68.1531s, 能耗: 0.0000J, 成功率: 38.0%, 步数: 1, 时间: 0.0s
INFO:OptimizedDDPG:回合 4540/5000 - 奖励: -0.18, 延迟: 56.5626s, 能耗: 0.0153J, 成功率: 50.0%, 步数: 1, 时间: 0.0s
INFO:OptimizedDDPG:回合 4550/5000 - 奖励: -0.22, 延迟: 68.1531s, 能耗: 0.0000J, 成功率: 38.0%, 步数: 1, 时间: 0.0s
INFO:OptimizedDDPG:回合 4560/5000 - 奖励: -0.12, 延迟: 46.6689s, 能耗: 0.0276J, 成功率: 66.0%, 步数: 1, 时间: 0.0s
INFO:OptimizedDDPG:回合 4570/5000 - 奖励: -0.22, 延迟: 68.1531s, 能耗: 0.0000J, 成功率: 38.0%, 步数: 1, 时间: 0.0s
INFO:OptimizedDDPG:回合 4580/5000 - 奖励: -0.11, 延迟: 43.7324s, 能耗: 0.0349J, 成功率: 70.0%, 步数: 1, 时间: 0.0s
INFO:OptimizedDDPG:回合 4590/5000 - 奖励: -0.15, 延迟: 51.3604s, 能耗: 0.0229J, 成功率: 56.0%, 步数: 1, 时间: 0.0s
INFO:OptimizedDDPG:回合 4600/5000 - 奖励: -0.11, 延迟: 45.0837s, 能耗: 0.0288J, 成功率: 68.0%, 步数: 1, 时间: 0.0s
INFO:tensorflow:Assets written to: python/saved_models/ddpg_default_ep4600_actor_saved_model/assets
INFO:tensorflow:Assets written to: python/saved_models/ddpg_default_ep4600_critic_saved_model/assets
INFO:OptimizedDDPG:检查点已保存到 python/saved_models/ddpg_default_ep4600
INFO:OptimizedDDPG:回合 4610/5000 - 奖励: -0.11, 延迟: 43.5858s, 能耗: 0.0331J, 成功率: 68.0%, 步数: 1, 时间: 0.0s
INFO:OptimizedDDPG:回合 4620/5000 - 奖励: -0.11, 延迟: 44.0665s, 能耗: 0.0309J, 成功率: 70.0%, 步数: 1, 时间: 0.0s
INFO:OptimizedDDPG:回合 4630/5000 - 奖励: -0.13, 延迟: 50.4537s, 能耗: 0.0216J, 成功率: 62.0%, 步数: 1, 时间: 0.0s
INFO:OptimizedDDPG:回合 4640/5000 - 奖励: -0.10, 延迟: 42.1776s, 能耗: 0.0295J, 成功率: 72.0%, 步数: 1, 时间: 0.0s
INFO:OptimizedDDPG:回合 4650/5000 - 奖励: -0.11, 延迟: 42.6902s, 能耗: 0.0282J, 成功率: 70.0%, 步数: 1, 时间: 0.0s
INFO:OptimizedDDPG:回合 4660/5000 - 奖励: -0.22, 延迟: 68.1531s, 能耗: 0.0000J, 成功率: 38.0%, 步数: 1, 时间: 0.0s
INFO:OptimizedDDPG:回合 4670/5000 - 奖励: -0.11, 延迟: 46.1865s, 能耗: 0.0275J, 成功率: 68.0%, 步数: 1, 时间: 0.0s
INFO:OptimizedDDPG:回合 4680/5000 - 奖励: -0.10, 延迟: 42.7646s, 能耗: 0.0294J, 成功率: 72.0%, 步数: 1, 时间: 0.0s
INFO:OptimizedDDPG:回合 4690/5000 - 奖励: -0.13, 延迟: 47.9878s, 能耗: 0.0208J, 成功率: 64.0%, 步数: 1, 时间: 0.0s
INFO:OptimizedDDPG:回合 4700/5000 - 奖励: -0.14, 延迟: 49.7939s, 能耗: 0.0245J, 成功率: 60.0%, 步数: 1, 时间: 0.0s
INFO:tensorflow:Assets written to: python/saved_models/ddpg_default_ep4700_actor_saved_model/assets
INFO:tensorflow:Assets written to: python/saved_models/ddpg_default_ep4700_critic_saved_model/assets
INFO:OptimizedDDPG:检查点已保存到 python/saved_models/ddpg_default_ep4700
INFO:OptimizedDDPG:回合 4710/5000 - 奖励: -0.14, 延迟: 51.0332s, 能耗: 0.0223J, 成功率: 60.0%, 步数: 1, 时间: 0.0s
INFO:OptimizedDDPG:回合 4720/5000 - 奖励: -0.22, 延迟: 68.1531s, 能耗: 0.0000J, 成功率: 38.0%, 步数: 1, 时间: 0.0s
INFO:OptimizedDDPG:回合 4730/5000 - 奖励: -0.11, 延迟: 43.8745s, 能耗: 0.0264J, 成功率: 68.0%, 步数: 1, 时间: 0.0s
INFO:OptimizedDDPG:回合 4740/5000 - 奖励: -0.13, 延迟: 48.9660s, 能耗: 0.0284J, 成功率: 64.0%, 步数: 1, 时间: 0.0s
INFO:OptimizedDDPG:回合 4750/5000 - 奖励: -0.11, 延迟: 44.1970s, 能耗: 0.0306J, 成功率: 70.0%, 步数: 1, 时间: 0.0s
INFO:OptimizedDDPG:回合 4760/5000 - 奖励: -0.13, 延迟: 49.3928s, 能耗: 0.0230J, 成功率: 62.0%, 步数: 1, 时间: 0.0s
INFO:OptimizedDDPG:回合 4770/5000 - 奖励: -0.14, 延迟: 51.4272s, 能耗: 0.0221J, 成功率: 60.0%, 步数: 1, 时间: 0.0s
INFO:OptimizedDDPG:回合 4780/5000 - 奖励: -0.13, 延迟: 49.8442s, 能耗: 0.0228J, 成功率: 62.0%, 步数: 1, 时间: 0.0s
INFO:OptimizedDDPG:回合 4790/5000 - 奖励: -0.12, 延迟: 47.7052s, 能耗: 0.0266J, 成功率: 66.0%, 步数: 1, 时间: 0.0s
INFO:OptimizedDDPG:回合 4800/5000 - 奖励: -0.15, 延迟: 54.3051s, 能耗: 0.0214J, 成功率: 56.0%, 步数: 1, 时间: 0.0s
INFO:tensorflow:Assets written to: python/saved_models/ddpg_default_ep4800_actor_saved_model/assets
INFO:tensorflow:Assets written to: python/saved_models/ddpg_default_ep4800_critic_saved_model/assets
INFO:OptimizedDDPG:检查点已保存到 python/saved_models/ddpg_default_ep4800
INFO:OptimizedDDPG:回合 4810/5000 - 奖励: -0.22, 延迟: 68.1531s, 能耗: 0.0000J, 成功率: 38.0%, 步数: 1, 时间: 0.0s
INFO:OptimizedDDPG:回合 4820/5000 - 奖励: -0.15, 延迟: 51.2844s, 能耗: 0.0259J, 成功率: 58.0%, 步数: 1, 时间: 0.0s
INFO:OptimizedDDPG:回合 4830/5000 - 奖励: -0.15, 延迟: 50.3775s, 能耗: 0.0217J, 成功率: 58.0%, 步数: 1, 时间: 0.0s
INFO:OptimizedDDPG:回合 4840/5000 - 奖励: -0.22, 延迟: 68.1531s, 能耗: 0.0000J, 成功率: 38.0%, 步数: 1, 时间: 0.0s
INFO:OptimizedDDPG:回合 4850/5000 - 奖励: -0.14, 延迟: 53.3309s, 能耗: 0.0206J, 成功率: 60.0%, 步数: 1, 时间: 0.0s
INFO:OptimizedDDPG:回合 4860/5000 - 奖励: -0.22, 延迟: 68.1531s, 能耗: 0.0000J, 成功率: 38.0%, 步数: 1, 时间: 0.0s
INFO:OptimizedDDPG:回合 4870/5000 - 奖励: -0.13, 延迟: 48.4580s, 能耗: 0.0252J, 成功率: 62.0%, 步数: 1, 时间: 0.0s
INFO:OptimizedDDPG:回合 4880/5000 - 奖励: -0.15, 延迟: 54.1805s, 能耗: 0.0172J, 成功率: 56.0%, 步数: 1, 时间: 0.0s
INFO:OptimizedDDPG:回合 4890/5000 - 奖励: -0.13, 延迟: 46.7614s, 能耗: 0.0315J, 成功率: 64.0%, 步数: 1, 时间: 0.0s
INFO:OptimizedDDPG:回合 4900/5000 - 奖励: -0.11, 延迟: 44.4173s, 能耗: 0.0315J, 成功率: 70.0%, 步数: 1, 时间: 0.0s
INFO:tensorflow:Assets written to: python/saved_models/ddpg_default_ep4900_actor_saved_model/assets
INFO:tensorflow:Assets written to: python/saved_models/ddpg_default_ep4900_critic_saved_model/assets
INFO:OptimizedDDPG:检查点已保存到 python/saved_models/ddpg_default_ep4900
INFO:OptimizedDDPG:回合 4910/5000 - 奖励: -0.14, 延迟: 50.3554s, 能耗: 0.0231J, 成功率: 60.0%, 步数: 1, 时间: 0.0s
INFO:OptimizedDDPG:回合 4920/5000 - 奖励: -0.12, 延迟: 46.9476s, 能耗: 0.0255J, 成功率: 66.0%, 步数: 1, 时间: 0.0s
INFO:OptimizedDDPG:回合 4930/5000 - 奖励: -0.15, 延迟: 55.4838s, 能耗: 0.0193J, 成功率: 56.0%, 步数: 1, 时间: 0.0s
INFO:OptimizedDDPG:回合 4940/5000 - 奖励: -0.15, 延迟: 54.1931s, 能耗: 0.0207J, 成功率: 58.0%, 步数: 1, 时间: 0.0s
INFO:tensorflow:Assets written to: python/saved_models/ddpg_default_best_actor_saved_model/assets
INFO:tensorflow:Assets written to: python/saved_models/ddpg_default_best_critic_saved_model/assets
INFO:OptimizedDDPG:发现更好的模型 (奖励: -0.07)，已保存到 python/saved_models/ddpg_default_best
INFO:OptimizedDDPG:回合 4950/5000 - 奖励: -0.13, 延迟: 49.8068s, 能耗: 0.0280J, 成功率: 64.0%, 步数: 1, 时间: 0.0s
INFO:OptimizedDDPG:回合 4960/5000 - 奖励: -0.13, 延迟: 48.7431s, 能耗: 0.0292J, 成功率: 62.0%, 步数: 1, 时间: 0.0s
INFO:OptimizedDDPG:回合 4970/5000 - 奖励: -0.15, 延迟: 52.4352s, 能耗: 0.0221J, 成功率: 58.0%, 步数: 1, 时间: 0.0s
INFO:OptimizedDDPG:回合 4980/5000 - 奖励: -0.10, 延迟: 40.8018s, 能耗: 0.0281J, 成功率: 72.0%, 步数: 1, 时间: 0.0s
INFO:OptimizedDDPG:回合 4990/5000 - 奖励: -0.15, 延迟: 50.1049s, 能耗: 0.0235J, 成功率: 58.0%, 步数: 1, 时间: 0.0s
INFO:OptimizedDDPG:回合 5000/5000 - 奖励: -0.11, 延迟: 42.8912s, 能耗: 0.0334J, 成功率: 70.0%, 步数: 1, 时间: 0.0s
INFO:tensorflow:Assets written to: python/saved_models/ddpg_default_ep5000_actor_saved_model/assets
INFO:tensorflow:Assets written to: python/saved_models/ddpg_default_ep5000_critic_saved_model/assets
INFO:OptimizedDDPG:检查点已保存到 python/saved_models/ddpg_default_ep5000
INFO:tensorflow:Assets written to: python/saved_models/ddpg_default_final_actor_saved_model/assets
INFO:tensorflow:Assets written to: python/saved_models/ddpg_default_final_critic_saved_model/assets
INFO:OptimizedDDPG:最终模型已保存到 python/saved_models/ddpg_default_final
INFO:OptimizedDDPG:训练结果已保存到 python/results
INFO:OptimizedDDPG:环境初始化，状态维度=17，动作维度=59
INFO:OptimizedDDPG:训练参数：50个用户，3个UAV，场景：default
WARNING:absl:At this time, the v2.11+ optimizer `tf.keras.optimizers.Adam` runs slowly on M1/M2 Macs, please use the legacy Keras optimizer instead, located at `tf.keras.optimizers.legacy.Adam`.
WARNING:absl:At this time, the v2.11+ optimizer `tf.keras.optimizers.Adam` runs slowly on M1/M2 Macs, please use the legacy Keras optimizer instead, located at `tf.keras.optimizers.legacy.Adam`.
INFO:OptimizedDDPG:开始预填充经验回放缓冲区 (5000 步)...
INFO:OptimizedDDPG:开始训练 5000 个回合...
INFO:OptimizedDDPG:回合 1/5000 - 奖励: -0.20, 延迟: 64.7523s, 能耗: 0.0000J, 成功率: 44.0%, 步数: 1, 时间: 0.1s
INFO:tensorflow:Assets written to: results/saved_models/ddpg_default_best_actor_saved_model/assets
INFO:tensorflow:Assets written to: results/saved_models/ddpg_default_best_critic_saved_model/assets
INFO:OptimizedDDPG:发现更好的模型 (奖励: -0.20)，已保存到 results/saved_models/ddpg_default_best
INFO:OptimizedDDPG:回合 10/5000 - 奖励: -0.20, 延迟: 64.7523s, 能耗: 0.0000J, 成功率: 44.0%, 步数: 1, 时间: 0.1s
INFO:OptimizedDDPG:回合 20/5000 - 奖励: -0.20, 延迟: 64.7523s, 能耗: 0.0000J, 成功率: 44.0%, 步数: 1, 时间: 0.1s
INFO:OptimizedDDPG:回合 30/5000 - 奖励: -0.20, 延迟: 64.7523s, 能耗: 0.0000J, 成功率: 44.0%, 步数: 1, 时间: 0.0s
INFO:OptimizedDDPG:回合 40/5000 - 奖励: -0.20, 延迟: 64.7523s, 能耗: 0.0000J, 成功率: 44.0%, 步数: 1, 时间: 0.1s
INFO:OptimizedDDPG:回合 50/5000 - 奖励: -0.20, 延迟: 64.7523s, 能耗: 0.0000J, 成功率: 44.0%, 步数: 1, 时间: 0.1s
INFO:OptimizedDDPG:回合 60/5000 - 奖励: -0.20, 延迟: 64.7523s, 能耗: 0.0000J, 成功率: 44.0%, 步数: 1, 时间: 0.1s
INFO:OptimizedDDPG:回合 70/5000 - 奖励: -0.20, 延迟: 64.7523s, 能耗: 0.0000J, 成功率: 44.0%, 步数: 1, 时间: 0.1s
INFO:OptimizedDDPG:回合 80/5000 - 奖励: -0.20, 延迟: 64.7523s, 能耗: 0.0000J, 成功率: 44.0%, 步数: 1, 时间: 0.1s
INFO:OptimizedDDPG:回合 90/5000 - 奖励: -0.20, 延迟: 64.7523s, 能耗: 0.0000J, 成功率: 44.0%, 步数: 1, 时间: 0.1s
INFO:OptimizedDDPG:回合 100/5000 - 奖励: -0.20, 延迟: 64.7523s, 能耗: 0.0000J, 成功率: 44.0%, 步数: 1, 时间: 0.1s
INFO:tensorflow:Assets written to: results/saved_models/ddpg_default_ep100_actor_saved_model/assets
INFO:tensorflow:Assets written to: results/saved_models/ddpg_default_ep100_critic_saved_model/assets
INFO:OptimizedDDPG:检查点已保存到 results/saved_models/ddpg_default_ep100
INFO:OptimizedDDPG:回合 110/5000 - 奖励: -0.20, 延迟: 64.7523s, 能耗: 0.0000J, 成功率: 44.0%, 步数: 1, 时间: 0.1s
INFO:OptimizedDDPG:回合 120/5000 - 奖励: -0.20, 延迟: 64.7523s, 能耗: 0.0000J, 成功率: 44.0%, 步数: 1, 时间: 0.1s
INFO:OptimizedDDPG:回合 130/5000 - 奖励: -0.20, 延迟: 64.7523s, 能耗: 0.0000J, 成功率: 44.0%, 步数: 1, 时间: 0.1s
INFO:OptimizedDDPG:回合 140/5000 - 奖励: -0.20, 延迟: 64.7523s, 能耗: 0.0000J, 成功率: 44.0%, 步数: 1, 时间: 0.1s
INFO:OptimizedDDPG:回合 150/5000 - 奖励: -0.20, 延迟: 64.7523s, 能耗: 0.0000J, 成功率: 44.0%, 步数: 1, 时间: 0.1s
INFO:OptimizedDDPG:回合 160/5000 - 奖励: -0.20, 延迟: 64.7523s, 能耗: 0.0000J, 成功率: 44.0%, 步数: 1, 时间: 0.1s
INFO:OptimizedDDPG:回合 170/5000 - 奖励: -0.20, 延迟: 64.7523s, 能耗: 0.0000J, 成功率: 44.0%, 步数: 1, 时间: 0.0s
INFO:OptimizedDDPG:回合 180/5000 - 奖励: -0.20, 延迟: 64.7523s, 能耗: 0.0000J, 成功率: 44.0%, 步数: 1, 时间: 0.1s
INFO:OptimizedDDPG:回合 190/5000 - 奖励: -0.20, 延迟: 64.7523s, 能耗: 0.0000J, 成功率: 44.0%, 步数: 1, 时间: 0.1s
INFO:OptimizedDDPG:回合 200/5000 - 奖励: -0.20, 延迟: 64.7523s, 能耗: 0.0000J, 成功率: 44.0%, 步数: 1, 时间: 0.1s
INFO:tensorflow:Assets written to: results/saved_models/ddpg_default_ep200_actor_saved_model/assets
INFO:tensorflow:Assets written to: results/saved_models/ddpg_default_ep200_critic_saved_model/assets
INFO:OptimizedDDPG:检查点已保存到 results/saved_models/ddpg_default_ep200
INFO:OptimizedDDPG:回合 210/5000 - 奖励: -0.20, 延迟: 64.7523s, 能耗: 0.0000J, 成功率: 44.0%, 步数: 1, 时间: 0.0s
INFO:OptimizedDDPG:回合 220/5000 - 奖励: -0.20, 延迟: 64.7523s, 能耗: 0.0000J, 成功率: 44.0%, 步数: 1, 时间: 0.1s
INFO:OptimizedDDPG:回合 230/5000 - 奖励: -0.20, 延迟: 64.7523s, 能耗: 0.0000J, 成功率: 44.0%, 步数: 1, 时间: 0.1s
INFO:OptimizedDDPG:回合 240/5000 - 奖励: -0.20, 延迟: 64.7523s, 能耗: 0.0000J, 成功率: 44.0%, 步数: 1, 时间: 0.1s
INFO:OptimizedDDPG:回合 250/5000 - 奖励: -0.20, 延迟: 64.7523s, 能耗: 0.0000J, 成功率: 44.0%, 步数: 1, 时间: 0.1s
INFO:OptimizedDDPG:回合 260/5000 - 奖励: -0.20, 延迟: 64.7523s, 能耗: 0.0000J, 成功率: 44.0%, 步数: 1, 时间: 0.1s
INFO:OptimizedDDPG:回合 270/5000 - 奖励: -0.20, 延迟: 64.7523s, 能耗: 0.0000J, 成功率: 44.0%, 步数: 1, 时间: 0.1s
INFO:OptimizedDDPG:回合 280/5000 - 奖励: -0.20, 延迟: 64.7523s, 能耗: 0.0000J, 成功率: 44.0%, 步数: 1, 时间: 0.0s
INFO:OptimizedDDPG:回合 290/5000 - 奖励: -0.20, 延迟: 64.7523s, 能耗: 0.0000J, 成功率: 44.0%, 步数: 1, 时间: 0.1s
INFO:OptimizedDDPG:回合 300/5000 - 奖励: -0.20, 延迟: 64.7523s, 能耗: 0.0000J, 成功率: 44.0%, 步数: 1, 时间: 0.1s
INFO:tensorflow:Assets written to: results/saved_models/ddpg_default_ep300_actor_saved_model/assets
INFO:tensorflow:Assets written to: results/saved_models/ddpg_default_ep300_critic_saved_model/assets
INFO:OptimizedDDPG:检查点已保存到 results/saved_models/ddpg_default_ep300
INFO:OptimizedDDPG:回合 310/5000 - 奖励: -0.20, 延迟: 64.7523s, 能耗: 0.0000J, 成功率: 44.0%, 步数: 1, 时间: 0.1s
INFO:OptimizedDDPG:回合 320/5000 - 奖励: -0.20, 延迟: 64.7523s, 能耗: 0.0000J, 成功率: 44.0%, 步数: 1, 时间: 0.1s
INFO:OptimizedDDPG:回合 330/5000 - 奖励: -0.20, 延迟: 64.7523s, 能耗: 0.0000J, 成功率: 44.0%, 步数: 1, 时间: 0.1s
INFO:OptimizedDDPG:回合 340/5000 - 奖励: -0.20, 延迟: 64.7523s, 能耗: 0.0000J, 成功率: 44.0%, 步数: 1, 时间: 0.0s
INFO:OptimizedDDPG:回合 350/5000 - 奖励: -0.20, 延迟: 64.7523s, 能耗: 0.0000J, 成功率: 44.0%, 步数: 1, 时间: 0.1s
INFO:OptimizedDDPG:回合 360/5000 - 奖励: -0.20, 延迟: 64.7523s, 能耗: 0.0000J, 成功率: 44.0%, 步数: 1, 时间: 0.1s
INFO:OptimizedDDPG:回合 370/5000 - 奖励: -0.20, 延迟: 64.7523s, 能耗: 0.0000J, 成功率: 44.0%, 步数: 1, 时间: 0.1s
INFO:OptimizedDDPG:回合 380/5000 - 奖励: -0.20, 延迟: 64.7523s, 能耗: 0.0000J, 成功率: 44.0%, 步数: 1, 时间: 0.1s
INFO:OptimizedDDPG:回合 390/5000 - 奖励: -0.20, 延迟: 64.7523s, 能耗: 0.0000J, 成功率: 44.0%, 步数: 1, 时间: 0.1s
INFO:OptimizedDDPG:回合 400/5000 - 奖励: -0.20, 延迟: 64.7523s, 能耗: 0.0000J, 成功率: 44.0%, 步数: 1, 时间: 0.1s
INFO:tensorflow:Assets written to: results/saved_models/ddpg_default_ep400_actor_saved_model/assets
INFO:tensorflow:Assets written to: results/saved_models/ddpg_default_ep400_critic_saved_model/assets
INFO:OptimizedDDPG:检查点已保存到 results/saved_models/ddpg_default_ep400
INFO:OptimizedDDPG:回合 410/5000 - 奖励: -0.20, 延迟: 64.7523s, 能耗: 0.0000J, 成功率: 44.0%, 步数: 1, 时间: 0.1s
INFO:OptimizedDDPG:回合 420/5000 - 奖励: -0.20, 延迟: 64.7523s, 能耗: 0.0000J, 成功率: 44.0%, 步数: 1, 时间: 0.1s
INFO:OptimizedDDPG:回合 430/5000 - 奖励: -0.20, 延迟: 64.7523s, 能耗: 0.0000J, 成功率: 44.0%, 步数: 1, 时间: 0.1s
INFO:OptimizedDDPG:回合 440/5000 - 奖励: -0.20, 延迟: 64.7523s, 能耗: 0.0000J, 成功率: 44.0%, 步数: 1, 时间: 0.1s
INFO:OptimizedDDPG:回合 450/5000 - 奖励: -0.20, 延迟: 64.7523s, 能耗: 0.0000J, 成功率: 44.0%, 步数: 1, 时间: 0.1s
INFO:OptimizedDDPG:回合 460/5000 - 奖励: -0.20, 延迟: 64.7523s, 能耗: 0.0000J, 成功率: 44.0%, 步数: 1, 时间: 0.1s
INFO:OptimizedDDPG:回合 470/5000 - 奖励: -0.20, 延迟: 64.7523s, 能耗: 0.0000J, 成功率: 44.0%, 步数: 1, 时间: 0.1s
INFO:OptimizedDDPG:回合 480/5000 - 奖励: -0.20, 延迟: 64.7523s, 能耗: 0.0000J, 成功率: 44.0%, 步数: 1, 时间: 0.1s
INFO:OptimizedDDPG:回合 490/5000 - 奖励: -0.20, 延迟: 64.7523s, 能耗: 0.0000J, 成功率: 44.0%, 步数: 1, 时间: 0.1s
INFO:OptimizedDDPG:回合 500/5000 - 奖励: -0.20, 延迟: 64.7523s, 能耗: 0.0000J, 成功率: 44.0%, 步数: 1, 时间: 0.0s
INFO:tensorflow:Assets written to: results/saved_models/ddpg_default_ep500_actor_saved_model/assets
INFO:tensorflow:Assets written to: results/saved_models/ddpg_default_ep500_critic_saved_model/assets
INFO:OptimizedDDPG:检查点已保存到 results/saved_models/ddpg_default_ep500
INFO:OptimizedDDPG:回合 510/5000 - 奖励: -0.20, 延迟: 64.7523s, 能耗: 0.0000J, 成功率: 44.0%, 步数: 1, 时间: 0.1s
INFO:OptimizedDDPG:回合 520/5000 - 奖励: -0.20, 延迟: 64.7523s, 能耗: 0.0000J, 成功率: 44.0%, 步数: 1, 时间: 0.1s
INFO:OptimizedDDPG:回合 530/5000 - 奖励: -0.20, 延迟: 64.7523s, 能耗: 0.0000J, 成功率: 44.0%, 步数: 1, 时间: 0.1s
INFO:OptimizedDDPG:回合 540/5000 - 奖励: -0.20, 延迟: 64.7523s, 能耗: 0.0000J, 成功率: 44.0%, 步数: 1, 时间: 0.1s
INFO:OptimizedDDPG:回合 550/5000 - 奖励: -0.20, 延迟: 64.7523s, 能耗: 0.0000J, 成功率: 44.0%, 步数: 1, 时间: 0.1s
INFO:OptimizedDDPG:回合 560/5000 - 奖励: -0.20, 延迟: 64.7523s, 能耗: 0.0000J, 成功率: 44.0%, 步数: 1, 时间: 0.1s
INFO:OptimizedDDPG:回合 570/5000 - 奖励: -0.20, 延迟: 64.7523s, 能耗: 0.0000J, 成功率: 44.0%, 步数: 1, 时间: 0.1s
INFO:OptimizedDDPG:回合 580/5000 - 奖励: -0.20, 延迟: 64.7523s, 能耗: 0.0000J, 成功率: 44.0%, 步数: 1, 时间: 0.1s
INFO:OptimizedDDPG:回合 590/5000 - 奖励: -0.20, 延迟: 64.7523s, 能耗: 0.0000J, 成功率: 44.0%, 步数: 1, 时间: 0.1s
INFO:OptimizedDDPG:回合 600/5000 - 奖励: -0.20, 延迟: 64.7523s, 能耗: 0.0000J, 成功率: 44.0%, 步数: 1, 时间: 0.1s
INFO:tensorflow:Assets written to: results/saved_models/ddpg_default_ep600_actor_saved_model/assets
INFO:tensorflow:Assets written to: results/saved_models/ddpg_default_ep600_critic_saved_model/assets
INFO:OptimizedDDPG:检查点已保存到 results/saved_models/ddpg_default_ep600
INFO:OptimizedDDPG:回合 610/5000 - 奖励: -0.20, 延迟: 64.7523s, 能耗: 0.0000J, 成功率: 44.0%, 步数: 1, 时间: 0.1s
INFO:tensorflow:Assets written to: results/saved_models/ddpg_default_best_actor_saved_model/assets
INFO:tensorflow:Assets written to: results/saved_models/ddpg_default_best_critic_saved_model/assets
INFO:OptimizedDDPG:发现更好的模型 (奖励: -0.19)，已保存到 results/saved_models/ddpg_default_best
INFO:OptimizedDDPG:回合 620/5000 - 奖励: -0.20, 延迟: 64.7523s, 能耗: 0.0000J, 成功率: 44.0%, 步数: 1, 时间: 0.1s
INFO:OptimizedDDPG:回合 630/5000 - 奖励: -0.20, 延迟: 64.7523s, 能耗: 0.0000J, 成功率: 44.0%, 步数: 1, 时间: 0.1s
INFO:OptimizedDDPG:回合 640/5000 - 奖励: -0.20, 延迟: 64.7523s, 能耗: 0.0000J, 成功率: 44.0%, 步数: 1, 时间: 0.1s
INFO:OptimizedDDPG:回合 650/5000 - 奖励: -0.20, 延迟: 64.7523s, 能耗: 0.0000J, 成功率: 44.0%, 步数: 1, 时间: 0.0s
INFO:OptimizedDDPG:回合 660/5000 - 奖励: -0.20, 延迟: 64.7523s, 能耗: 0.0000J, 成功率: 44.0%, 步数: 1, 时间: 0.1s
INFO:tensorflow:Assets written to: results/saved_models/ddpg_default_best_actor_saved_model/assets
INFO:tensorflow:Assets written to: results/saved_models/ddpg_default_best_critic_saved_model/assets
INFO:OptimizedDDPG:发现更好的模型 (奖励: -0.18)，已保存到 results/saved_models/ddpg_default_best
INFO:OptimizedDDPG:回合 670/5000 - 奖励: -0.19, 延迟: 63.0090s, 能耗: 0.0020J, 成功率: 46.0%, 步数: 1, 时间: 0.1s
INFO:OptimizedDDPG:回合 680/5000 - 奖励: -0.20, 延迟: 64.7523s, 能耗: 0.0000J, 成功率: 44.0%, 步数: 1, 时间: 0.1s
INFO:OptimizedDDPG:回合 690/5000 - 奖励: -0.20, 延迟: 64.0307s, 能耗: 0.0020J, 成功率: 44.0%, 步数: 1, 时间: 0.1s
INFO:OptimizedDDPG:回合 700/5000 - 奖励: -0.20, 延迟: 64.7523s, 能耗: 0.0000J, 成功率: 44.0%, 步数: 1, 时间: 0.0s
INFO:tensorflow:Assets written to: results/saved_models/ddpg_default_ep700_actor_saved_model/assets
INFO:tensorflow:Assets written to: results/saved_models/ddpg_default_ep700_critic_saved_model/assets
INFO:OptimizedDDPG:检查点已保存到 results/saved_models/ddpg_default_ep700
INFO:OptimizedDDPG:回合 710/5000 - 奖励: -0.18, 延迟: 62.8826s, 能耗: 0.0035J, 成功率: 48.0%, 步数: 1, 时间: 0.1s
INFO:tensorflow:Assets written to: results/saved_models/ddpg_default_best_actor_saved_model/assets
INFO:tensorflow:Assets written to: results/saved_models/ddpg_default_best_critic_saved_model/assets
INFO:OptimizedDDPG:发现更好的模型 (奖励: -0.18)，已保存到 results/saved_models/ddpg_default_best
INFO:OptimizedDDPG:回合 720/5000 - 奖励: -0.19, 延迟: 63.4605s, 能耗: 0.0040J, 成功率: 46.0%, 步数: 1, 时间: 0.1s
INFO:tensorflow:Assets written to: results/saved_models/ddpg_default_best_actor_saved_model/assets
INFO:tensorflow:Assets written to: results/saved_models/ddpg_default_best_critic_saved_model/assets
INFO:OptimizedDDPG:发现更好的模型 (奖励: -0.17)，已保存到 results/saved_models/ddpg_default_best
INFO:OptimizedDDPG:回合 730/5000 - 奖励: -0.20, 延迟: 64.7523s, 能耗: 0.0000J, 成功率: 44.0%, 步数: 1, 时间: 0.1s
INFO:tensorflow:Assets written to: results/saved_models/ddpg_default_best_actor_saved_model/assets
INFO:tensorflow:Assets written to: results/saved_models/ddpg_default_best_critic_saved_model/assets
INFO:OptimizedDDPG:发现更好的模型 (奖励: -0.17)，已保存到 results/saved_models/ddpg_default_best
INFO:OptimizedDDPG:回合 740/5000 - 奖励: -0.18, 延迟: 61.7956s, 能耗: 0.0044J, 成功率: 48.0%, 步数: 1, 时间: 0.1s
INFO:OptimizedDDPG:回合 750/5000 - 奖励: -0.19, 延迟: 62.8778s, 能耗: 0.0038J, 成功率: 46.0%, 步数: 1, 时间: 0.1s
INFO:OptimizedDDPG:回合 760/5000 - 奖励: -0.20, 延迟: 64.7523s, 能耗: 0.0000J, 成功率: 44.0%, 步数: 1, 时间: 0.1s
INFO:OptimizedDDPG:回合 770/5000 - 奖励: -0.18, 延迟: 60.0590s, 能耗: 0.0078J, 成功率: 50.0%, 步数: 1, 时间: 0.1s
INFO:OptimizedDDPG:回合 780/5000 - 奖励: -0.17, 延迟: 59.2620s, 能耗: 0.0061J, 成功率: 52.0%, 步数: 1, 时间: 0.1s
INFO:OptimizedDDPG:回合 790/5000 - 奖励: -0.20, 延迟: 64.7523s, 能耗: 0.0000J, 成功率: 44.0%, 步数: 1, 时间: 0.1s
INFO:OptimizedDDPG:回合 800/5000 - 奖励: -0.19, 延迟: 62.3575s, 能耗: 0.0038J, 成功率: 46.0%, 步数: 1, 时间: 0.1s
INFO:tensorflow:Assets written to: results/saved_models/ddpg_default_ep800_actor_saved_model/assets
INFO:tensorflow:Assets written to: results/saved_models/ddpg_default_ep800_critic_saved_model/assets
INFO:OptimizedDDPG:检查点已保存到 results/saved_models/ddpg_default_ep800
INFO:OptimizedDDPG:回合 810/5000 - 奖励: -0.19, 延迟: 62.6412s, 能耗: 0.0014J, 成功率: 46.0%, 步数: 1, 时间: 0.1s
INFO:tensorflow:Assets written to: results/saved_models/ddpg_default_best_actor_saved_model/assets
INFO:tensorflow:Assets written to: results/saved_models/ddpg_default_best_critic_saved_model/assets
INFO:OptimizedDDPG:发现更好的模型 (奖励: -0.17)，已保存到 results/saved_models/ddpg_default_best
INFO:OptimizedDDPG:回合 820/5000 - 奖励: -0.19, 延迟: 63.6156s, 能耗: 0.0034J, 成功率: 46.0%, 步数: 1, 时间: 0.1s
INFO:OptimizedDDPG:回合 830/5000 - 奖励: -0.19, 延迟: 62.0395s, 能耗: 0.0022J, 成功率: 46.0%, 步数: 1, 时间: 0.1s
INFO:OptimizedDDPG:回合 840/5000 - 奖励: -0.20, 延迟: 64.7523s, 能耗: 0.0000J, 成功率: 44.0%, 步数: 1, 时间: 0.0s
INFO:OptimizedDDPG:回合 850/5000 - 奖励: -0.20, 延迟: 64.7523s, 能耗: 0.0000J, 成功率: 44.0%, 步数: 1, 时间: 0.1s
INFO:OptimizedDDPG:回合 860/5000 - 奖励: -0.18, 延迟: 61.1204s, 能耗: 0.0015J, 成功率: 48.0%, 步数: 1, 时间: 0.1s
INFO:OptimizedDDPG:回合 870/5000 - 奖励: -0.19, 延迟: 63.0065s, 能耗: 0.0035J, 成功率: 46.0%, 步数: 1, 时间: 0.1s
INFO:OptimizedDDPG:回合 880/5000 - 奖励: -0.20, 延迟: 64.7523s, 能耗: 0.0000J, 成功率: 44.0%, 步数: 1, 时间: 0.1s
INFO:OptimizedDDPG:回合 890/5000 - 奖励: -0.19, 延迟: 63.7307s, 能耗: 0.0006J, 成功率: 46.0%, 步数: 1, 时间: 0.1s
INFO:OptimizedDDPG:回合 900/5000 - 奖励: -0.20, 延迟: 64.7523s, 能耗: 0.0000J, 成功率: 44.0%, 步数: 1, 时间: 0.1s
INFO:tensorflow:Assets written to: results/saved_models/ddpg_default_ep900_actor_saved_model/assets
INFO:tensorflow:Assets written to: results/saved_models/ddpg_default_ep900_critic_saved_model/assets
INFO:OptimizedDDPG:检查点已保存到 results/saved_models/ddpg_default_ep900
INFO:OptimizedDDPG:回合 910/5000 - 奖励: -0.20, 延迟: 64.7523s, 能耗: 0.0000J, 成功率: 44.0%, 步数: 1, 时间: 0.1s
INFO:OptimizedDDPG:回合 920/5000 - 奖励: -0.19, 延迟: 63.6176s, 能耗: 0.0036J, 成功率: 46.0%, 步数: 1, 时间: 0.1s
INFO:OptimizedDDPG:回合 930/5000 - 奖励: -0.18, 延迟: 61.3884s, 能耗: 0.0097J, 成功率: 48.0%, 步数: 1, 时间: 0.1s
INFO:OptimizedDDPG:回合 940/5000 - 奖励: -0.20, 延迟: 64.7523s, 能耗: 0.0000J, 成功率: 44.0%, 步数: 1, 时间: 0.1s
INFO:OptimizedDDPG:回合 950/5000 - 奖励: -0.20, 延迟: 64.7523s, 能耗: 0.0000J, 成功率: 44.0%, 步数: 1, 时间: 0.0s
INFO:OptimizedDDPG:回合 960/5000 - 奖励: -0.20, 延迟: 64.7523s, 能耗: 0.0000J, 成功率: 44.0%, 步数: 1, 时间: 0.1s
INFO:OptimizedDDPG:回合 970/5000 - 奖励: -0.20, 延迟: 64.7523s, 能耗: 0.0000J, 成功率: 44.0%, 步数: 1, 时间: 0.1s
INFO:OptimizedDDPG:回合 980/5000 - 奖励: -0.18, 延迟: 62.0900s, 能耗: 0.0038J, 成功率: 48.0%, 步数: 1, 时间: 0.1s
INFO:OptimizedDDPG:回合 990/5000 - 奖励: -0.20, 延迟: 64.7523s, 能耗: 0.0000J, 成功率: 44.0%, 步数: 1, 时间: 0.1s
INFO:OptimizedDDPG:回合 1000/5000 - 奖励: -0.20, 延迟: 64.4354s, 能耗: 0.0003J, 成功率: 44.0%, 步数: 1, 时间: 0.1s
INFO:tensorflow:Assets written to: results/saved_models/ddpg_default_ep1000_actor_saved_model/assets
INFO:tensorflow:Assets written to: results/saved_models/ddpg_default_ep1000_critic_saved_model/assets
INFO:OptimizedDDPG:检查点已保存到 results/saved_models/ddpg_default_ep1000
INFO:OptimizedDDPG:回合 1010/5000 - 奖励: -0.20, 延迟: 64.7523s, 能耗: 0.0000J, 成功率: 44.0%, 步数: 1, 时间: 0.1s
INFO:OptimizedDDPG:回合 1020/5000 - 奖励: -0.19, 延迟: 63.6051s, 能耗: 0.0023J, 成功率: 46.0%, 步数: 1, 时间: 0.1s
INFO:OptimizedDDPG:回合 1030/5000 - 奖励: -0.20, 延迟: 64.7523s, 能耗: 0.0000J, 成功率: 44.0%, 步数: 1, 时间: 0.0s
INFO:OptimizedDDPG:回合 1040/5000 - 奖励: -0.19, 延迟: 62.9087s, 能耗: 0.0048J, 成功率: 46.0%, 步数: 1, 时间: 0.1s
INFO:OptimizedDDPG:回合 1050/5000 - 奖励: -0.20, 延迟: 64.7523s, 能耗: 0.0000J, 成功率: 44.0%, 步数: 1, 时间: 0.1s
INFO:OptimizedDDPG:回合 1060/5000 - 奖励: -0.18, 延迟: 62.6514s, 能耗: 0.0045J, 成功率: 48.0%, 步数: 1, 时间: 0.1s
INFO:OptimizedDDPG:回合 1070/5000 - 奖励: -0.18, 延迟: 62.0302s, 能耗: 0.0009J, 成功率: 48.0%, 步数: 1, 时间: 0.1s
INFO:OptimizedDDPG:回合 1080/5000 - 奖励: -0.20, 延迟: 64.7523s, 能耗: 0.0000J, 成功率: 44.0%, 步数: 1, 时间: 0.1s
INFO:OptimizedDDPG:回合 1090/5000 - 奖励: -0.20, 延迟: 64.7523s, 能耗: 0.0000J, 成功率: 44.0%, 步数: 1, 时间: 0.1s
INFO:OptimizedDDPG:回合 1100/5000 - 奖励: -0.18, 延迟: 61.1490s, 能耗: 0.0057J, 成功率: 48.0%, 步数: 1, 时间: 0.1s
INFO:tensorflow:Assets written to: results/saved_models/ddpg_default_ep1100_actor_saved_model/assets
INFO:tensorflow:Assets written to: results/saved_models/ddpg_default_ep1100_critic_saved_model/assets
INFO:OptimizedDDPG:检查点已保存到 results/saved_models/ddpg_default_ep1100
INFO:OptimizedDDPG:回合 1110/5000 - 奖励: -0.19, 延迟: 62.3175s, 能耗: 0.0037J, 成功率: 46.0%, 步数: 1, 时间: 0.1s
INFO:OptimizedDDPG:回合 1120/5000 - 奖励: -0.20, 延迟: 64.1523s, 能耗: 0.0030J, 成功率: 44.0%, 步数: 1, 时间: 0.1s
INFO:OptimizedDDPG:回合 1130/5000 - 奖励: -0.20, 延迟: 64.7523s, 能耗: 0.0000J, 成功率: 44.0%, 步数: 1, 时间: 0.1s
INFO:OptimizedDDPG:回合 1140/5000 - 奖励: -0.20, 延迟: 64.7523s, 能耗: 0.0000J, 成功率: 44.0%, 步数: 1, 时间: 0.1s
INFO:OptimizedDDPG:回合 1150/5000 - 奖励: -0.20, 延迟: 64.0555s, 能耗: 0.0028J, 成功率: 44.0%, 步数: 1, 时间: 0.1s
INFO:OptimizedDDPG:回合 1160/5000 - 奖励: -0.20, 延迟: 64.7523s, 能耗: 0.0000J, 成功率: 44.0%, 步数: 1, 时间: 0.1s
INFO:OptimizedDDPG:回合 1170/5000 - 奖励: -0.19, 延迟: 63.6134s, 能耗: 0.0032J, 成功率: 46.0%, 步数: 1, 时间: 0.1s
INFO:OptimizedDDPG:回合 1180/5000 - 奖励: -0.18, 延迟: 62.3718s, 能耗: 0.0073J, 成功率: 48.0%, 步数: 1, 时间: 0.1s
INFO:OptimizedDDPG:回合 1190/5000 - 奖励: -0.19, 延迟: 62.0092s, 能耗: 0.0040J, 成功率: 46.0%, 步数: 1, 时间: 0.1s
INFO:OptimizedDDPG:回合 1200/5000 - 奖励: -0.20, 延迟: 64.7523s, 能耗: 0.0000J, 成功率: 44.0%, 步数: 1, 时间: 0.1s
INFO:tensorflow:Assets written to: results/saved_models/ddpg_default_ep1200_actor_saved_model/assets
INFO:tensorflow:Assets written to: results/saved_models/ddpg_default_ep1200_critic_saved_model/assets
INFO:OptimizedDDPG:检查点已保存到 results/saved_models/ddpg_default_ep1200
INFO:OptimizedDDPG:回合 1210/5000 - 奖励: -0.20, 延迟: 63.8374s, 能耗: 0.0039J, 成功率: 44.0%, 步数: 1, 时间: 0.1s
INFO:OptimizedDDPG:回合 1220/5000 - 奖励: -0.20, 延迟: 64.4720s, 能耗: 0.0027J, 成功率: 44.0%, 步数: 1, 时间: 0.1s
INFO:OptimizedDDPG:回合 1230/5000 - 奖励: -0.20, 延迟: 64.7523s, 能耗: 0.0000J, 成功率: 44.0%, 步数: 1, 时间: 0.1s
INFO:OptimizedDDPG:回合 1240/5000 - 奖励: -0.19, 延迟: 63.1850s, 能耗: 0.0003J, 成功率: 46.0%, 步数: 1, 时间: 0.1s
INFO:OptimizedDDPG:回合 1250/5000 - 奖励: -0.20, 延迟: 64.7523s, 能耗: 0.0000J, 成功率: 44.0%, 步数: 1, 时间: 0.1s
INFO:OptimizedDDPG:回合 1260/5000 - 奖励: -0.20, 延迟: 64.7523s, 能耗: 0.0000J, 成功率: 44.0%, 步数: 1, 时间: 0.1s
INFO:OptimizedDDPG:回合 1270/5000 - 奖励: -0.19, 延迟: 63.8036s, 能耗: 0.0027J, 成功率: 46.0%, 步数: 1, 时间: 0.1s
INFO:OptimizedDDPG:回合 1280/5000 - 奖励: -0.18, 延迟: 63.0726s, 能耗: 0.0029J, 成功率: 48.0%, 步数: 1, 时间: 0.1s
INFO:OptimizedDDPG:回合 1290/5000 - 奖励: -0.20, 延迟: 64.7523s, 能耗: 0.0000J, 成功率: 44.0%, 步数: 1, 时间: 0.1s
INFO:OptimizedDDPG:回合 1300/5000 - 奖励: -0.19, 延迟: 64.0323s, 能耗: 0.0013J, 成功率: 46.0%, 步数: 1, 时间: 0.1s
INFO:tensorflow:Assets written to: results/saved_models/ddpg_default_ep1300_actor_saved_model/assets
INFO:tensorflow:Assets written to: results/saved_models/ddpg_default_ep1300_critic_saved_model/assets
INFO:OptimizedDDPG:检查点已保存到 results/saved_models/ddpg_default_ep1300
INFO:OptimizedDDPG:回合 1310/5000 - 奖励: -0.19, 延迟: 62.4152s, 能耗: 0.0008J, 成功率: 46.0%, 步数: 1, 时间: 0.1s
INFO:OptimizedDDPG:回合 1320/5000 - 奖励: -0.18, 延迟: 62.1231s, 能耗: 0.0027J, 成功率: 48.0%, 步数: 1, 时间: 0.1s
INFO:tensorflow:Assets written to: results/saved_models/ddpg_default_best_actor_saved_model/assets
INFO:tensorflow:Assets written to: results/saved_models/ddpg_default_best_critic_saved_model/assets
INFO:OptimizedDDPG:发现更好的模型 (奖励: -0.17)，已保存到 results/saved_models/ddpg_default_best
INFO:OptimizedDDPG:回合 1330/5000 - 奖励: -0.20, 延迟: 63.7286s, 能耗: 0.0002J, 成功率: 44.0%, 步数: 1, 时间: 0.1s
INFO:OptimizedDDPG:回合 1340/5000 - 奖励: -0.18, 延迟: 61.3025s, 能耗: 0.0063J, 成功率: 48.0%, 步数: 1, 时间: 0.1s
INFO:OptimizedDDPG:回合 1350/5000 - 奖励: -0.18, 延迟: 61.7294s, 能耗: 0.0010J, 成功率: 48.0%, 步数: 1, 时间: 0.1s
INFO:tensorflow:Assets written to: results/saved_models/ddpg_default_best_actor_saved_model/assets
INFO:tensorflow:Assets written to: results/saved_models/ddpg_default_best_critic_saved_model/assets
INFO:OptimizedDDPG:发现更好的模型 (奖励: -0.16)，已保存到 results/saved_models/ddpg_default_best
INFO:OptimizedDDPG:回合 1360/5000 - 奖励: -0.17, 延迟: 58.3688s, 能耗: 0.0068J, 成功率: 52.0%, 步数: 1, 时间: 0.1s
INFO:OptimizedDDPG:回合 1370/5000 - 奖励: -0.18, 延迟: 60.1137s, 能耗: 0.0033J, 成功率: 48.0%, 步数: 1, 时间: 0.1s
INFO:OptimizedDDPG:回合 1380/5000 - 奖励: -0.20, 延迟: 64.7523s, 能耗: 0.0000J, 成功率: 44.0%, 步数: 1, 时间: 0.1s
INFO:tensorflow:Assets written to: results/saved_models/ddpg_default_best_actor_saved_model/assets
INFO:tensorflow:Assets written to: results/saved_models/ddpg_default_best_critic_saved_model/assets
INFO:OptimizedDDPG:发现更好的模型 (奖励: -0.15)，已保存到 results/saved_models/ddpg_default_best
INFO:OptimizedDDPG:回合 1390/5000 - 奖励: -0.20, 延迟: 64.7523s, 能耗: 0.0000J, 成功率: 44.0%, 步数: 1, 时间: 0.1s
INFO:OptimizedDDPG:回合 1400/5000 - 奖励: -0.20, 延迟: 64.7523s, 能耗: 0.0000J, 成功率: 44.0%, 步数: 1, 时间: 0.1s
INFO:tensorflow:Assets written to: results/saved_models/ddpg_default_ep1400_actor_saved_model/assets
INFO:tensorflow:Assets written to: results/saved_models/ddpg_default_ep1400_critic_saved_model/assets
INFO:OptimizedDDPG:检查点已保存到 results/saved_models/ddpg_default_ep1400
INFO:OptimizedDDPG:回合 1410/5000 - 奖励: -0.18, 延迟: 59.5432s, 能耗: 0.0065J, 成功率: 48.0%, 步数: 1, 时间: 0.1s
INFO:OptimizedDDPG:回合 1420/5000 - 奖励: -0.16, 延迟: 57.0460s, 能耗: 0.0059J, 成功率: 54.0%, 步数: 1, 时间: 0.1s
INFO:OptimizedDDPG:回合 1430/5000 - 奖励: -0.15, 延迟: 54.8729s, 能耗: 0.0115J, 成功率: 58.0%, 步数: 1, 时间: 0.1s
INFO:OptimizedDDPG:回合 1440/5000 - 奖励: -0.20, 延迟: 64.7523s, 能耗: 0.0000J, 成功率: 44.0%, 步数: 1, 时间: 0.1s
INFO:OptimizedDDPG:回合 1450/5000 - 奖励: -0.20, 延迟: 64.7523s, 能耗: 0.0000J, 成功率: 44.0%, 步数: 1, 时间: 0.1s
INFO:OptimizedDDPG:回合 1460/5000 - 奖励: -0.19, 延迟: 60.2762s, 能耗: 0.0060J, 成功率: 46.0%, 步数: 1, 时间: 0.1s
INFO:OptimizedDDPG:回合 1470/5000 - 奖励: -0.17, 延迟: 57.5044s, 能耗: 0.0056J, 成功率: 52.0%, 步数: 1, 时间: 0.1s
INFO:OptimizedDDPG:回合 1480/5000 - 奖励: -0.18, 延迟: 61.1491s, 能耗: 0.0043J, 成功率: 48.0%, 步数: 1, 时间: 0.1s
INFO:OptimizedDDPG:回合 1490/5000 - 奖励: -0.18, 延迟: 57.1164s, 能耗: 0.0071J, 成功率: 50.0%, 步数: 1, 时间: 0.1s
INFO:OptimizedDDPG:回合 1500/5000 - 奖励: -0.18, 延迟: 59.4798s, 能耗: 0.0079J, 成功率: 50.0%, 步数: 1, 时间: 0.1s
INFO:tensorflow:Assets written to: results/saved_models/ddpg_default_ep1500_actor_saved_model/assets
INFO:tensorflow:Assets written to: results/saved_models/ddpg_default_ep1500_critic_saved_model/assets
INFO:OptimizedDDPG:检查点已保存到 results/saved_models/ddpg_default_ep1500
INFO:OptimizedDDPG:回合 1510/5000 - 奖励: -0.18, 延迟: 61.5352s, 能耗: 0.0048J, 成功率: 48.0%, 步数: 1, 时间: 0.1s
INFO:OptimizedDDPG:回合 1520/5000 - 奖励: -0.17, 延迟: 56.0395s, 能耗: 0.0082J, 成功率: 52.0%, 步数: 1, 时间: 0.1s
INFO:OptimizedDDPG:回合 1530/5000 - 奖励: -0.18, 延迟: 60.2921s, 能耗: 0.0047J, 成功率: 48.0%, 步数: 1, 时间: 0.1s
INFO:OptimizedDDPG:回合 1540/5000 - 奖励: -0.18, 延迟: 60.0440s, 能耗: 0.0069J, 成功率: 48.0%, 步数: 1, 时间: 0.1s
INFO:OptimizedDDPG:回合 1550/5000 - 奖励: -0.18, 延迟: 61.9303s, 能耗: 0.0057J, 成功率: 48.0%, 步数: 1, 时间: 0.1s
INFO:OptimizedDDPG:回合 1560/5000 - 奖励: -0.20, 延迟: 64.7523s, 能耗: 0.0000J, 成功率: 44.0%, 步数: 1, 时间: 0.1s
INFO:OptimizedDDPG:回合 1570/5000 - 奖励: -0.17, 延迟: 58.5048s, 能耗: 0.0045J, 成功率: 52.0%, 步数: 1, 时间: 0.1s
INFO:OptimizedDDPG:回合 1580/5000 - 奖励: -0.20, 延迟: 64.7523s, 能耗: 0.0000J, 成功率: 44.0%, 步数: 1, 时间: 0.1s
INFO:OptimizedDDPG:回合 1590/5000 - 奖励: -0.20, 延迟: 64.7523s, 能耗: 0.0000J, 成功率: 44.0%, 步数: 1, 时间: 0.1s
INFO:OptimizedDDPG:回合 1600/5000 - 奖励: -0.18, 延迟: 61.3891s, 能耗: 0.0052J, 成功率: 48.0%, 步数: 1, 时间: 0.1s
INFO:tensorflow:Assets written to: results/saved_models/ddpg_default_ep1600_actor_saved_model/assets
INFO:tensorflow:Assets written to: results/saved_models/ddpg_default_ep1600_critic_saved_model/assets
INFO:OptimizedDDPG:检查点已保存到 results/saved_models/ddpg_default_ep1600
INFO:OptimizedDDPG:回合 1610/5000 - 奖励: -0.18, 延迟: 59.6942s, 能耗: 0.0076J, 成功率: 50.0%, 步数: 1, 时间: 0.1s
INFO:OptimizedDDPG:回合 1620/5000 - 奖励: -0.18, 延迟: 60.3063s, 能耗: 0.0047J, 成功率: 48.0%, 步数: 1, 时间: 0.1s
INFO:OptimizedDDPG:回合 1630/5000 - 奖励: -0.18, 延迟: 58.3492s, 能耗: 0.0096J, 成功率: 50.0%, 步数: 1, 时间: 0.1s
INFO:OptimizedDDPG:回合 1640/5000 - 奖励: -0.18, 延迟: 57.7297s, 能耗: 0.0064J, 成功率: 50.0%, 步数: 1, 时间: 0.1s
INFO:OptimizedDDPG:回合 1650/5000 - 奖励: -0.19, 延迟: 62.1002s, 能耗: 0.0034J, 成功率: 46.0%, 步数: 1, 时间: 0.1s
INFO:OptimizedDDPG:回合 1660/5000 - 奖励: -0.20, 延迟: 64.7523s, 能耗: 0.0000J, 成功率: 44.0%, 步数: 1, 时间: 0.1s
INFO:OptimizedDDPG:回合 1670/5000 - 奖励: -0.19, 延迟: 60.4897s, 能耗: 0.0071J, 成功率: 46.0%, 步数: 1, 时间: 0.1s
INFO:OptimizedDDPG:回合 1680/5000 - 奖励: -0.20, 延迟: 64.7523s, 能耗: 0.0000J, 成功率: 44.0%, 步数: 1, 时间: 0.0s
INFO:OptimizedDDPG:回合 1690/5000 - 奖励: -0.16, 延迟: 56.9673s, 能耗: 0.0109J, 成功率: 54.0%, 步数: 1, 时间: 0.1s
INFO:OptimizedDDPG:回合 1700/5000 - 奖励: -0.18, 延迟: 58.6316s, 能耗: 0.0073J, 成功率: 50.0%, 步数: 1, 时间: 0.1s
INFO:tensorflow:Assets written to: results/saved_models/ddpg_default_ep1700_actor_saved_model/assets
INFO:tensorflow:Assets written to: results/saved_models/ddpg_default_ep1700_critic_saved_model/assets
INFO:OptimizedDDPG:检查点已保存到 results/saved_models/ddpg_default_ep1700
INFO:OptimizedDDPG:回合 1710/5000 - 奖励: -0.20, 延迟: 64.7523s, 能耗: 0.0000J, 成功率: 44.0%, 步数: 1, 时间: 0.1s
INFO:OptimizedDDPG:回合 1720/5000 - 奖励: -0.19, 延迟: 62.8616s, 能耗: 0.0037J, 成功率: 46.0%, 步数: 1, 时间: 0.1s
INFO:OptimizedDDPG:回合 1730/5000 - 奖励: -0.20, 延迟: 64.7523s, 能耗: 0.0000J, 成功率: 44.0%, 步数: 1, 时间: 0.1s
INFO:OptimizedDDPG:回合 1740/5000 - 奖励: -0.18, 延迟: 60.4430s, 能耗: 0.0078J, 成功率: 50.0%, 步数: 1, 时间: 0.1s
INFO:OptimizedDDPG:回合 1750/5000 - 奖励: -0.20, 延迟: 64.7523s, 能耗: 0.0000J, 成功率: 44.0%, 步数: 1, 时间: 0.1s
INFO:OptimizedDDPG:回合 1760/5000 - 奖励: -0.20, 延迟: 64.7523s, 能耗: 0.0000J, 成功率: 44.0%, 步数: 1, 时间: 0.1s
INFO:OptimizedDDPG:回合 1770/5000 - 奖励: -0.20, 延迟: 64.7523s, 能耗: 0.0000J, 成功率: 44.0%, 步数: 1, 时间: 0.1s
INFO:OptimizedDDPG:回合 1780/5000 - 奖励: -0.18, 延迟: 60.8203s, 能耗: 0.0096J, 成功率: 48.0%, 步数: 1, 时间: 0.1s
INFO:OptimizedDDPG:回合 1790/5000 - 奖励: -0.17, 延迟: 57.3711s, 能耗: 0.0145J, 成功率: 52.0%, 步数: 1, 时间: 0.1s
INFO:OptimizedDDPG:回合 1800/5000 - 奖励: -0.20, 延迟: 64.7523s, 能耗: 0.0000J, 成功率: 44.0%, 步数: 1, 时间: 0.0s
INFO:tensorflow:Assets written to: results/saved_models/ddpg_default_ep1800_actor_saved_model/assets
INFO:tensorflow:Assets written to: results/saved_models/ddpg_default_ep1800_critic_saved_model/assets
INFO:OptimizedDDPG:检查点已保存到 results/saved_models/ddpg_default_ep1800
INFO:OptimizedDDPG:回合 1810/5000 - 奖励: -0.20, 延迟: 64.7523s, 能耗: 0.0000J, 成功率: 44.0%, 步数: 1, 时间: 0.1s
INFO:OptimizedDDPG:回合 1820/5000 - 奖励: -0.16, 延迟: 57.5676s, 能耗: 0.0066J, 成功率: 54.0%, 步数: 1, 时间: 0.1s
INFO:OptimizedDDPG:回合 1830/5000 - 奖励: -0.20, 延迟: 64.7523s, 能耗: 0.0000J, 成功率: 44.0%, 步数: 1, 时间: 0.1s
INFO:tensorflow:Assets written to: results/saved_models/ddpg_default_best_actor_saved_model/assets
INFO:tensorflow:Assets written to: results/saved_models/ddpg_default_best_critic_saved_model/assets
INFO:OptimizedDDPG:发现更好的模型 (奖励: -0.14)，已保存到 results/saved_models/ddpg_default_best
INFO:OptimizedDDPG:回合 1840/5000 - 奖励: -0.17, 延迟: 57.8020s, 能耗: 0.0087J, 成功率: 52.0%, 步数: 1, 时间: 0.1s
INFO:OptimizedDDPG:回合 1850/5000 - 奖励: -0.20, 延迟: 64.7523s, 能耗: 0.0000J, 成功率: 44.0%, 步数: 1, 时间: 0.1s
INFO:OptimizedDDPG:回合 1860/5000 - 奖励: -0.20, 延迟: 64.7523s, 能耗: 0.0000J, 成功率: 44.0%, 步数: 1, 时间: 0.1s
INFO:OptimizedDDPG:回合 1870/5000 - 奖励: -0.18, 延迟: 62.0013s, 能耗: 0.0037J, 成功率: 48.0%, 步数: 1, 时间: 0.1s
INFO:OptimizedDDPG:回合 1880/5000 - 奖励: -0.20, 延迟: 64.7523s, 能耗: 0.0000J, 成功率: 44.0%, 步数: 1, 时间: 0.0s
INFO:OptimizedDDPG:回合 1890/5000 - 奖励: -0.20, 延迟: 64.7523s, 能耗: 0.0000J, 成功率: 44.0%, 步数: 1, 时间: 0.1s
INFO:OptimizedDDPG:回合 1900/5000 - 奖励: -0.18, 延迟: 58.0500s, 能耗: 0.0075J, 成功率: 48.0%, 步数: 1, 时间: 0.1s
INFO:tensorflow:Assets written to: results/saved_models/ddpg_default_ep1900_actor_saved_model/assets
INFO:tensorflow:Assets written to: results/saved_models/ddpg_default_ep1900_critic_saved_model/assets
INFO:OptimizedDDPG:检查点已保存到 results/saved_models/ddpg_default_ep1900
INFO:OptimizedDDPG:回合 1910/5000 - 奖励: -0.20, 延迟: 64.7523s, 能耗: 0.0000J, 成功率: 44.0%, 步数: 1, 时间: 0.1s
INFO:OptimizedDDPG:回合 1920/5000 - 奖励: -0.20, 延迟: 64.7523s, 能耗: 0.0000J, 成功率: 44.0%, 步数: 1, 时间: 0.1s
INFO:tensorflow:Assets written to: results/saved_models/ddpg_default_best_actor_saved_model/assets
INFO:tensorflow:Assets written to: results/saved_models/ddpg_default_best_critic_saved_model/assets
INFO:OptimizedDDPG:发现更好的模型 (奖励: -0.13)，已保存到 results/saved_models/ddpg_default_best
INFO:OptimizedDDPG:回合 1930/5000 - 奖励: -0.15, 延迟: 56.9360s, 能耗: 0.0112J, 成功率: 56.0%, 步数: 1, 时间: 0.1s
INFO:OptimizedDDPG:回合 1940/5000 - 奖励: -0.20, 延迟: 64.7523s, 能耗: 0.0000J, 成功率: 44.0%, 步数: 1, 时间: 0.1s
INFO:OptimizedDDPG:回合 1950/5000 - 奖励: -0.18, 延迟: 60.1604s, 能耗: 0.0011J, 成功率: 50.0%, 步数: 1, 时间: 0.1s
INFO:OptimizedDDPG:回合 1960/5000 - 奖励: -0.20, 延迟: 64.7523s, 能耗: 0.0000J, 成功率: 44.0%, 步数: 1, 时间: 0.0s
INFO:OptimizedDDPG:回合 1970/5000 - 奖励: -0.19, 延迟: 58.8981s, 能耗: 0.0104J, 成功率: 46.0%, 步数: 1, 时间: 0.1s
INFO:OptimizedDDPG:回合 1980/5000 - 奖励: -0.20, 延迟: 64.7523s, 能耗: 0.0000J, 成功率: 44.0%, 步数: 1, 时间: 0.1s
INFO:OptimizedDDPG:回合 1990/5000 - 奖励: -0.16, 延迟: 58.2616s, 能耗: 0.0079J, 成功率: 54.0%, 步数: 1, 时间: 0.1s
INFO:OptimizedDDPG:回合 2000/5000 - 奖励: -0.15, 延迟: 54.9996s, 能耗: 0.0101J, 成功率: 58.0%, 步数: 1, 时间: 0.1s
INFO:tensorflow:Assets written to: results/saved_models/ddpg_default_ep2000_actor_saved_model/assets
INFO:tensorflow:Assets written to: results/saved_models/ddpg_default_ep2000_critic_saved_model/assets
INFO:OptimizedDDPG:检查点已保存到 results/saved_models/ddpg_default_ep2000
INFO:OptimizedDDPG:回合 2010/5000 - 奖励: -0.16, 延迟: 56.1578s, 能耗: 0.0088J, 成功率: 54.0%, 步数: 1, 时间: 0.1s
INFO:OptimizedDDPG:回合 2020/5000 - 奖励: -0.20, 延迟: 64.7523s, 能耗: 0.0000J, 成功率: 44.0%, 步数: 1, 时间: 0.0s
INFO:OptimizedDDPG:回合 2030/5000 - 奖励: -0.14, 延迟: 52.7862s, 能耗: 0.0147J, 成功率: 60.0%, 步数: 1, 时间: 0.1s
INFO:OptimizedDDPG:回合 2040/5000 - 奖励: -0.20, 延迟: 64.7523s, 能耗: 0.0000J, 成功率: 44.0%, 步数: 1, 时间: 0.1s
INFO:OptimizedDDPG:回合 2050/5000 - 奖励: -0.16, 延迟: 56.6579s, 能耗: 0.0106J, 成功率: 54.0%, 步数: 1, 时间: 0.1s
INFO:OptimizedDDPG:回合 2060/5000 - 奖励: -0.14, 延迟: 53.0562s, 能耗: 0.0182J, 成功率: 60.0%, 步数: 1, 时间: 0.1s
INFO:OptimizedDDPG:回合 2070/5000 - 奖励: -0.20, 延迟: 64.7523s, 能耗: 0.0000J, 成功率: 44.0%, 步数: 1, 时间: 0.1s
INFO:OptimizedDDPG:回合 2080/5000 - 奖励: -0.20, 延迟: 64.7523s, 能耗: 0.0000J, 成功率: 44.0%, 步数: 1, 时间: 0.1s
INFO:OptimizedDDPG:回合 2090/5000 - 奖励: -0.20, 延迟: 64.7523s, 能耗: 0.0000J, 成功率: 44.0%, 步数: 1, 时间: 0.1s
INFO:tensorflow:Assets written to: results/saved_models/ddpg_default_best_actor_saved_model/assets
INFO:tensorflow:Assets written to: results/saved_models/ddpg_default_best_critic_saved_model/assets
INFO:OptimizedDDPG:发现更好的模型 (奖励: -0.11)，已保存到 results/saved_models/ddpg_default_best
INFO:OptimizedDDPG:回合 2100/5000 - 奖励: -0.20, 延迟: 64.7523s, 能耗: 0.0000J, 成功率: 44.0%, 步数: 1, 时间: 0.1s
INFO:tensorflow:Assets written to: results/saved_models/ddpg_default_ep2100_actor_saved_model/assets
INFO:tensorflow:Assets written to: results/saved_models/ddpg_default_ep2100_critic_saved_model/assets
INFO:OptimizedDDPG:检查点已保存到 results/saved_models/ddpg_default_ep2100
INFO:OptimizedDDPG:回合 2110/5000 - 奖励: -0.20, 延迟: 64.7523s, 能耗: 0.0000J, 成功率: 44.0%, 步数: 1, 时间: 0.1s
INFO:OptimizedDDPG:回合 2120/5000 - 奖励: -0.20, 延迟: 64.7523s, 能耗: 0.0000J, 成功率: 44.0%, 步数: 1, 时间: 0.1s
INFO:OptimizedDDPG:回合 2130/5000 - 奖励: -0.20, 延迟: 64.7523s, 能耗: 0.0000J, 成功率: 44.0%, 步数: 1, 时间: 0.1s
INFO:OptimizedDDPG:回合 2140/5000 - 奖励: -0.11, 延迟: 47.6021s, 能耗: 0.0192J, 成功率: 68.0%, 步数: 1, 时间: 0.1s
INFO:tensorflow:Assets written to: results/saved_models/ddpg_default_best_actor_saved_model/assets
INFO:tensorflow:Assets written to: results/saved_models/ddpg_default_best_critic_saved_model/assets
INFO:OptimizedDDPG:发现更好的模型 (奖励: -0.11)，已保存到 results/saved_models/ddpg_default_best
INFO:OptimizedDDPG:回合 2150/5000 - 奖励: -0.20, 延迟: 64.7523s, 能耗: 0.0000J, 成功率: 44.0%, 步数: 1, 时间: 0.1s
INFO:OptimizedDDPG:回合 2160/5000 - 奖励: -0.20, 延迟: 64.7523s, 能耗: 0.0000J, 成功率: 44.0%, 步数: 1, 时间: 0.1s
INFO:OptimizedDDPG:回合 2170/5000 - 奖励: -0.13, 延迟: 50.8794s, 能耗: 0.0138J, 成功率: 62.0%, 步数: 1, 时间: 0.1s
INFO:OptimizedDDPG:回合 2180/5000 - 奖励: -0.16, 延迟: 57.1360s, 能耗: 0.0138J, 成功率: 54.0%, 步数: 1, 时间: 0.1s
INFO:OptimizedDDPG:回合 2190/5000 - 奖励: -0.20, 延迟: 64.7523s, 能耗: 0.0000J, 成功率: 44.0%, 步数: 1, 时间: 0.0s
INFO:OptimizedDDPG:回合 2200/5000 - 奖励: -0.20, 延迟: 64.7523s, 能耗: 0.0000J, 成功率: 44.0%, 步数: 1, 时间: 0.1s
INFO:tensorflow:Assets written to: results/saved_models/ddpg_default_ep2200_actor_saved_model/assets
INFO:tensorflow:Assets written to: results/saved_models/ddpg_default_ep2200_critic_saved_model/assets
INFO:OptimizedDDPG:检查点已保存到 results/saved_models/ddpg_default_ep2200
INFO:tensorflow:Assets written to: results/saved_models/ddpg_default_best_actor_saved_model/assets
INFO:tensorflow:Assets written to: results/saved_models/ddpg_default_best_critic_saved_model/assets
INFO:OptimizedDDPG:发现更好的模型 (奖励: -0.11)，已保存到 results/saved_models/ddpg_default_best
INFO:OptimizedDDPG:回合 2210/5000 - 奖励: -0.15, 延迟: 55.4049s, 能耗: 0.0158J, 成功率: 58.0%, 步数: 1, 时间: 0.1s
INFO:OptimizedDDPG:回合 2220/5000 - 奖励: -0.12, 延迟: 50.6731s, 能耗: 0.0178J, 成功率: 66.0%, 步数: 1, 时间: 0.1s
INFO:OptimizedDDPG:回合 2230/5000 - 奖励: -0.15, 延迟: 54.5156s, 能耗: 0.0126J, 成功率: 56.0%, 步数: 1, 时间: 0.1s
INFO:OptimizedDDPG:回合 2240/5000 - 奖励: -0.10, 延迟: 44.5398s, 能耗: 0.0253J, 成功率: 72.0%, 步数: 1, 时间: 0.1s
INFO:tensorflow:Assets written to: results/saved_models/ddpg_default_best_actor_saved_model/assets
INFO:tensorflow:Assets written to: results/saved_models/ddpg_default_best_critic_saved_model/assets
INFO:OptimizedDDPG:发现更好的模型 (奖励: -0.10)，已保存到 results/saved_models/ddpg_default_best
INFO:OptimizedDDPG:回合 2250/5000 - 奖励: -0.20, 延迟: 64.7523s, 能耗: 0.0000J, 成功率: 44.0%, 步数: 1, 时间: 0.1s
INFO:OptimizedDDPG:回合 2260/5000 - 奖励: -0.20, 延迟: 64.7523s, 能耗: 0.0000J, 成功率: 44.0%, 步数: 1, 时间: 0.0s
INFO:OptimizedDDPG:回合 2270/5000 - 奖励: -0.20, 延迟: 64.7523s, 能耗: 0.0000J, 成功率: 44.0%, 步数: 1, 时间: 0.0s
INFO:OptimizedDDPG:回合 2280/5000 - 奖励: -0.20, 延迟: 64.7523s, 能耗: 0.0000J, 成功率: 44.0%, 步数: 1, 时间: 0.1s
INFO:OptimizedDDPG:回合 2290/5000 - 奖励: -0.14, 延迟: 54.4853s, 能耗: 0.0154J, 成功率: 60.0%, 步数: 1, 时间: 0.1s
INFO:OptimizedDDPG:回合 2300/5000 - 奖励: -0.11, 延迟: 46.7938s, 能耗: 0.0210J, 成功率: 68.0%, 步数: 1, 时间: 0.1s
INFO:tensorflow:Assets written to: results/saved_models/ddpg_default_ep2300_actor_saved_model/assets
INFO:tensorflow:Assets written to: results/saved_models/ddpg_default_ep2300_critic_saved_model/assets
INFO:OptimizedDDPG:检查点已保存到 results/saved_models/ddpg_default_ep2300
INFO:OptimizedDDPG:回合 2310/5000 - 奖励: -0.10, 延迟: 45.4831s, 能耗: 0.0240J, 成功率: 72.0%, 步数: 1, 时间: 0.1s
INFO:tensorflow:Assets written to: results/saved_models/ddpg_default_best_actor_saved_model/assets
INFO:tensorflow:Assets written to: results/saved_models/ddpg_default_best_critic_saved_model/assets
INFO:OptimizedDDPG:发现更好的模型 (奖励: -0.10)，已保存到 results/saved_models/ddpg_default_best
INFO:OptimizedDDPG:回合 2320/5000 - 奖励: -0.20, 延迟: 64.7523s, 能耗: 0.0000J, 成功率: 44.0%, 步数: 1, 时间: 0.1s
INFO:tensorflow:Assets written to: results/saved_models/ddpg_default_best_actor_saved_model/assets
INFO:tensorflow:Assets written to: results/saved_models/ddpg_default_best_critic_saved_model/assets
INFO:OptimizedDDPG:发现更好的模型 (奖励: -0.08)，已保存到 results/saved_models/ddpg_default_best
INFO:OptimizedDDPG:回合 2330/5000 - 奖励: -0.11, 延迟: 45.0106s, 能耗: 0.0253J, 成功率: 70.0%, 步数: 1, 时间: 0.1s
INFO:tensorflow:Assets written to: results/saved_models/ddpg_default_best_actor_saved_model/assets
INFO:tensorflow:Assets written to: results/saved_models/ddpg_default_best_critic_saved_model/assets
INFO:OptimizedDDPG:发现更好的模型 (奖励: -0.08)，已保存到 results/saved_models/ddpg_default_best
INFO:OptimizedDDPG:回合 2340/5000 - 奖励: -0.11, 延迟: 49.5534s, 能耗: 0.0221J, 成功率: 68.0%, 步数: 1, 时间: 0.1s
INFO:OptimizedDDPG:回合 2350/5000 - 奖励: -0.12, 延迟: 46.6548s, 能耗: 0.0262J, 成功率: 66.0%, 步数: 1, 时间: 0.1s
INFO:OptimizedDDPG:回合 2360/5000 - 奖励: -0.11, 延迟: 47.3010s, 能耗: 0.0222J, 成功率: 70.0%, 步数: 1, 时间: 0.1s
INFO:OptimizedDDPG:回合 2370/5000 - 奖励: -0.20, 延迟: 64.7523s, 能耗: 0.0000J, 成功率: 44.0%, 步数: 1, 时间: 0.1s
INFO:OptimizedDDPG:回合 2380/5000 - 奖励: -0.20, 延迟: 64.7523s, 能耗: 0.0000J, 成功率: 44.0%, 步数: 1, 时间: 0.1s
INFO:OptimizedDDPG:回合 2390/5000 - 奖励: -0.20, 延迟: 64.7523s, 能耗: 0.0000J, 成功率: 44.0%, 步数: 1, 时间: 0.1s
INFO:OptimizedDDPG:回合 2400/5000 - 奖励: -0.20, 延迟: 64.7523s, 能耗: 0.0000J, 成功率: 44.0%, 步数: 1, 时间: 0.0s
INFO:tensorflow:Assets written to: results/saved_models/ddpg_default_ep2400_actor_saved_model/assets
INFO:tensorflow:Assets written to: results/saved_models/ddpg_default_ep2400_critic_saved_model/assets
INFO:OptimizedDDPG:检查点已保存到 results/saved_models/ddpg_default_ep2400
INFO:OptimizedDDPG:回合 2410/5000 - 奖励: -0.14, 延迟: 54.0803s, 能耗: 0.0141J, 成功率: 60.0%, 步数: 1, 时间: 0.1s
INFO:OptimizedDDPG:回合 2420/5000 - 奖励: -0.20, 延迟: 64.7523s, 能耗: 0.0000J, 成功率: 44.0%, 步数: 1, 时间: 0.1s
INFO:OptimizedDDPG:回合 2430/5000 - 奖励: -0.13, 延迟: 44.5350s, 能耗: 0.0202J, 成功率: 64.0%, 步数: 1, 时间: 0.1s
INFO:OptimizedDDPG:回合 2440/5000 - 奖励: -0.09, 延迟: 42.7268s, 能耗: 0.0251J, 成功率: 74.0%, 步数: 1, 时间: 0.1s
INFO:OptimizedDDPG:回合 2450/5000 - 奖励: -0.20, 延迟: 64.7523s, 能耗: 0.0000J, 成功率: 44.0%, 步数: 1, 时间: 0.1s
INFO:OptimizedDDPG:回合 2460/5000 - 奖励: -0.20, 延迟: 64.7523s, 能耗: 0.0000J, 成功率: 44.0%, 步数: 1, 时间: 0.1s
INFO:OptimizedDDPG:回合 2470/5000 - 奖励: -0.11, 延迟: 45.8991s, 能耗: 0.0282J, 成功率: 68.0%, 步数: 1, 时间: 0.1s
INFO:OptimizedDDPG:回合 2480/5000 - 奖励: -0.12, 延迟: 48.5218s, 能耗: 0.0223J, 成功率: 66.0%, 步数: 1, 时间: 0.1s
INFO:OptimizedDDPG:回合 2490/5000 - 奖励: -0.13, 延迟: 53.3819s, 能耗: 0.0173J, 成功率: 62.0%, 步数: 1, 时间: 0.1s
INFO:OptimizedDDPG:回合 2500/5000 - 奖励: -0.09, 延迟: 41.0160s, 能耗: 0.0315J, 成功率: 74.0%, 步数: 1, 时间: 0.1s
INFO:tensorflow:Assets written to: results/saved_models/ddpg_default_ep2500_actor_saved_model/assets
INFO:tensorflow:Assets written to: results/saved_models/ddpg_default_ep2500_critic_saved_model/assets
INFO:OptimizedDDPG:检查点已保存到 results/saved_models/ddpg_default_ep2500
INFO:OptimizedDDPG:回合 2510/5000 - 奖励: -0.13, 延迟: 44.7061s, 能耗: 0.0211J, 成功率: 64.0%, 步数: 1, 时间: 0.1s
INFO:tensorflow:Assets written to: results/saved_models/ddpg_default_best_actor_saved_model/assets
INFO:tensorflow:Assets written to: results/saved_models/ddpg_default_best_critic_saved_model/assets
INFO:OptimizedDDPG:发现更好的模型 (奖励: -0.07)，已保存到 results/saved_models/ddpg_default_best
INFO:OptimizedDDPG:回合 2520/5000 - 奖励: -0.20, 延迟: 64.7523s, 能耗: 0.0000J, 成功率: 44.0%, 步数: 1, 时间: 0.1s
INFO:OptimizedDDPG:回合 2530/5000 - 奖励: -0.11, 延迟: 47.4801s, 能耗: 0.0283J, 成功率: 68.0%, 步数: 1, 时间: 0.1s
INFO:OptimizedDDPG:回合 2540/5000 - 奖励: -0.20, 延迟: 64.7523s, 能耗: 0.0000J, 成功率: 44.0%, 步数: 1, 时间: 0.1s
INFO:OptimizedDDPG:回合 2550/5000 - 奖励: -0.20, 延迟: 64.7523s, 能耗: 0.0000J, 成功率: 44.0%, 步数: 1, 时间: 0.1s
INFO:OptimizedDDPG:回合 2560/5000 - 奖励: -0.20, 延迟: 64.7523s, 能耗: 0.0000J, 成功率: 44.0%, 步数: 1, 时间: 0.1s
INFO:OptimizedDDPG:回合 2570/5000 - 奖励: -0.12, 延迟: 49.2834s, 能耗: 0.0243J, 成功率: 66.0%, 步数: 1, 时间: 0.1s
INFO:OptimizedDDPG:回合 2580/5000 - 奖励: -0.20, 延迟: 64.7523s, 能耗: 0.0000J, 成功率: 44.0%, 步数: 1, 时间: 0.1s
INFO:OptimizedDDPG:回合 2590/5000 - 奖励: -0.13, 延迟: 48.4103s, 能耗: 0.0161J, 成功率: 62.0%, 步数: 1, 时间: 0.1s
INFO:OptimizedDDPG:回合 2600/5000 - 奖励: -0.11, 延迟: 46.6539s, 能耗: 0.0216J, 成功率: 68.0%, 步数: 1, 时间: 0.1s
INFO:tensorflow:Assets written to: results/saved_models/ddpg_default_ep2600_actor_saved_model/assets
INFO:tensorflow:Assets written to: results/saved_models/ddpg_default_ep2600_critic_saved_model/assets
INFO:OptimizedDDPG:检查点已保存到 results/saved_models/ddpg_default_ep2600
INFO:OptimizedDDPG:回合 2610/5000 - 奖励: -0.11, 延迟: 49.2111s, 能耗: 0.0211J, 成功率: 68.0%, 步数: 1, 时间: 0.1s
INFO:OptimizedDDPG:回合 2620/5000 - 奖励: -0.11, 延迟: 44.5050s, 能耗: 0.0238J, 成功率: 70.0%, 步数: 1, 时间: 0.1s
INFO:OptimizedDDPG:回合 2630/5000 - 奖励: -0.12, 延迟: 46.9120s, 能耗: 0.0244J, 成功率: 66.0%, 步数: 1, 时间: 0.1s
INFO:OptimizedDDPG:回合 2640/5000 - 奖励: -0.13, 延迟: 46.5155s, 能耗: 0.0292J, 成功率: 64.0%, 步数: 1, 时间: 0.1s
INFO:OptimizedDDPG:回合 2650/5000 - 奖励: -0.13, 延迟: 50.0065s, 能耗: 0.0247J, 成功率: 64.0%, 步数: 1, 时间: 0.1s
INFO:OptimizedDDPG:回合 2660/5000 - 奖励: -0.20, 延迟: 64.7523s, 能耗: 0.0000J, 成功率: 44.0%, 步数: 1, 时间: 0.0s
INFO:OptimizedDDPG:回合 2670/5000 - 奖励: -0.20, 延迟: 64.7523s, 能耗: 0.0000J, 成功率: 44.0%, 步数: 1, 时间: 0.1s
INFO:OptimizedDDPG:回合 2680/5000 - 奖励: -0.20, 延迟: 64.7523s, 能耗: 0.0000J, 成功率: 44.0%, 步数: 1, 时间: 0.0s
INFO:OptimizedDDPG:回合 2690/5000 - 奖励: -0.10, 延迟: 44.3206s, 能耗: 0.0247J, 成功率: 72.0%, 步数: 1, 时间: 0.1s
INFO:OptimizedDDPG:回合 2700/5000 - 奖励: -0.13, 延迟: 49.7352s, 能耗: 0.0269J, 成功率: 64.0%, 步数: 1, 时间: 0.1s
INFO:tensorflow:Assets written to: results/saved_models/ddpg_default_ep2700_actor_saved_model/assets
INFO:tensorflow:Assets written to: results/saved_models/ddpg_default_ep2700_critic_saved_model/assets
INFO:OptimizedDDPG:检查点已保存到 results/saved_models/ddpg_default_ep2700
INFO:OptimizedDDPG:回合 2710/5000 - 奖励: -0.20, 延迟: 64.7523s, 能耗: 0.0000J, 成功率: 44.0%, 步数: 1, 时间: 0.0s
INFO:OptimizedDDPG:回合 2720/5000 - 奖励: -0.20, 延迟: 64.7523s, 能耗: 0.0000J, 成功率: 44.0%, 步数: 1, 时间: 0.1s
INFO:OptimizedDDPG:回合 2730/5000 - 奖励: -0.20, 延迟: 64.7523s, 能耗: 0.0000J, 成功率: 44.0%, 步数: 1, 时间: 0.1s
INFO:OptimizedDDPG:回合 2740/5000 - 奖励: -0.20, 延迟: 64.7523s, 能耗: 0.0000J, 成功率: 44.0%, 步数: 1, 时间: 0.1s
INFO:OptimizedDDPG:回合 2750/5000 - 奖励: -0.20, 延迟: 64.7523s, 能耗: 0.0000J, 成功率: 44.0%, 步数: 1, 时间: 0.0s
INFO:OptimizedDDPG:回合 2760/5000 - 奖励: -0.13, 延迟: 50.4405s, 能耗: 0.0162J, 成功率: 62.0%, 步数: 1, 时间: 0.1s
INFO:OptimizedDDPG:回合 2770/5000 - 奖励: -0.20, 延迟: 64.7523s, 能耗: 0.0000J, 成功率: 44.0%, 步数: 1, 时间: 0.1s
INFO:OptimizedDDPG:回合 2780/5000 - 奖励: -0.09, 延迟: 44.5623s, 能耗: 0.0254J, 成功率: 74.0%, 步数: 1, 时间: 0.1s
INFO:OptimizedDDPG:回合 2790/5000 - 奖励: -0.11, 延迟: 45.3989s, 能耗: 0.0280J, 成功率: 68.0%, 步数: 1, 时间: 0.1s
INFO:OptimizedDDPG:回合 2800/5000 - 奖励: -0.20, 延迟: 64.7523s, 能耗: 0.0000J, 成功率: 44.0%, 步数: 1, 时间: 0.1s
INFO:tensorflow:Assets written to: results/saved_models/ddpg_default_ep2800_actor_saved_model/assets
INFO:tensorflow:Assets written to: results/saved_models/ddpg_default_ep2800_critic_saved_model/assets
INFO:OptimizedDDPG:检查点已保存到 results/saved_models/ddpg_default_ep2800
INFO:OptimizedDDPG:回合 2810/5000 - 奖励: -0.20, 延迟: 64.7523s, 能耗: 0.0000J, 成功率: 44.0%, 步数: 1, 时间: 0.1s
INFO:OptimizedDDPG:回合 2820/5000 - 奖励: -0.20, 延迟: 64.7523s, 能耗: 0.0000J, 成功率: 44.0%, 步数: 1, 时间: 0.1s
INFO:OptimizedDDPG:回合 2830/5000 - 奖励: -0.20, 延迟: 64.7523s, 能耗: 0.0000J, 成功率: 44.0%, 步数: 1, 时间: 0.0s
INFO:OptimizedDDPG:回合 2840/5000 - 奖励: -0.20, 延迟: 64.7523s, 能耗: 0.0000J, 成功率: 44.0%, 步数: 1, 时间: 0.0s
INFO:OptimizedDDPG:回合 2850/5000 - 奖励: -0.20, 延迟: 64.7523s, 能耗: 0.0000J, 成功率: 44.0%, 步数: 1, 时间: 0.0s
INFO:OptimizedDDPG:回合 2860/5000 - 奖励: -0.11, 延迟: 49.8727s, 能耗: 0.0229J, 成功率: 68.0%, 步数: 1, 时间: 0.1s
INFO:OptimizedDDPG:回合 2870/5000 - 奖励: -0.13, 延迟: 50.5297s, 能耗: 0.0212J, 成功率: 64.0%, 步数: 1, 时间: 0.0s
INFO:OptimizedDDPG:回合 2880/5000 - 奖励: -0.11, 延迟: 46.9385s, 能耗: 0.0276J, 成功率: 68.0%, 步数: 1, 时间: 0.0s
INFO:OptimizedDDPG:回合 2890/5000 - 奖励: -0.20, 延迟: 64.7523s, 能耗: 0.0000J, 成功率: 44.0%, 步数: 1, 时间: 0.0s
INFO:OptimizedDDPG:回合 2900/5000 - 奖励: -0.14, 延迟: 50.0117s, 能耗: 0.0231J, 成功率: 60.0%, 步数: 1, 时间: 0.0s
INFO:tensorflow:Assets written to: results/saved_models/ddpg_default_ep2900_actor_saved_model/assets
INFO:tensorflow:Assets written to: results/saved_models/ddpg_default_ep2900_critic_saved_model/assets
INFO:OptimizedDDPG:检查点已保存到 results/saved_models/ddpg_default_ep2900
INFO:OptimizedDDPG:回合 2910/5000 - 奖励: -0.20, 延迟: 64.7523s, 能耗: 0.0000J, 成功率: 44.0%, 步数: 1, 时间: 0.0s
INFO:OptimizedDDPG:回合 2920/5000 - 奖励: -0.14, 延迟: 50.6112s, 能耗: 0.0169J, 成功率: 60.0%, 步数: 1, 时间: 0.0s
INFO:OptimizedDDPG:回合 2930/5000 - 奖励: -0.20, 延迟: 64.7523s, 能耗: 0.0000J, 成功率: 44.0%, 步数: 1, 时间: 0.0s
INFO:OptimizedDDPG:回合 2940/5000 - 奖励: -0.20, 延迟: 64.7523s, 能耗: 0.0000J, 成功率: 44.0%, 步数: 1, 时间: 0.0s
INFO:OptimizedDDPG:回合 2950/5000 - 奖励: -0.13, 延迟: 50.3192s, 能耗: 0.0251J, 成功率: 62.0%, 步数: 1, 时间: 0.0s
INFO:OptimizedDDPG:回合 2960/5000 - 奖励: -0.11, 延迟: 46.1390s, 能耗: 0.0208J, 成功率: 70.0%, 步数: 1, 时间: 0.0s
INFO:OptimizedDDPG:回合 2970/5000 - 奖励: -0.20, 延迟: 64.7523s, 能耗: 0.0000J, 成功率: 44.0%, 步数: 1, 时间: 0.0s
INFO:OptimizedDDPG:回合 2980/5000 - 奖励: -0.11, 延迟: 45.1341s, 能耗: 0.0265J, 成功率: 68.0%, 步数: 1, 时间: 0.0s
INFO:OptimizedDDPG:回合 2990/5000 - 奖励: -0.20, 延迟: 64.7523s, 能耗: 0.0000J, 成功率: 44.0%, 步数: 1, 时间: 0.0s
INFO:OptimizedDDPG:回合 3000/5000 - 奖励: -0.20, 延迟: 64.7523s, 能耗: 0.0000J, 成功率: 44.0%, 步数: 1, 时间: 0.0s
INFO:tensorflow:Assets written to: results/saved_models/ddpg_default_ep3000_actor_saved_model/assets
INFO:tensorflow:Assets written to: results/saved_models/ddpg_default_ep3000_critic_saved_model/assets
INFO:OptimizedDDPG:检查点已保存到 results/saved_models/ddpg_default_ep3000
INFO:OptimizedDDPG:回合 3010/5000 - 奖励: -0.20, 延迟: 64.7523s, 能耗: 0.0000J, 成功率: 44.0%, 步数: 1, 时间: 0.0s
INFO:OptimizedDDPG:回合 3020/5000 - 奖励: -0.12, 延迟: 46.7110s, 能耗: 0.0277J, 成功率: 66.0%, 步数: 1, 时间: 0.0s
INFO:OptimizedDDPG:回合 3030/5000 - 奖励: -0.20, 延迟: 64.7523s, 能耗: 0.0000J, 成功率: 44.0%, 步数: 1, 时间: 0.0s
INFO:OptimizedDDPG:回合 3040/5000 - 奖励: -0.12, 延迟: 49.2859s, 能耗: 0.0230J, 成功率: 66.0%, 步数: 1, 时间: 0.0s
INFO:OptimizedDDPG:回合 3050/5000 - 奖励: -0.12, 延迟: 47.8127s, 能耗: 0.0193J, 成功率: 66.0%, 步数: 1, 时间: 0.1s
INFO:OptimizedDDPG:回合 3060/5000 - 奖励: -0.12, 延迟: 48.3191s, 能耗: 0.0218J, 成功率: 66.0%, 步数: 1, 时间: 0.0s
INFO:OptimizedDDPG:回合 3070/5000 - 奖励: -0.13, 延迟: 48.6141s, 能耗: 0.0214J, 成功率: 64.0%, 步数: 1, 时间: 0.0s
INFO:OptimizedDDPG:回合 3080/5000 - 奖励: -0.20, 延迟: 64.7523s, 能耗: 0.0000J, 成功率: 44.0%, 步数: 1, 时间: 0.0s
INFO:OptimizedDDPG:回合 3090/5000 - 奖励: -0.11, 延迟: 45.9804s, 能耗: 0.0254J, 成功率: 68.0%, 步数: 1, 时间: 0.0s
INFO:OptimizedDDPG:回合 3100/5000 - 奖励: -0.13, 延迟: 52.7696s, 能耗: 0.0172J, 成功率: 62.0%, 步数: 1, 时间: 0.0s
INFO:tensorflow:Assets written to: results/saved_models/ddpg_default_ep3100_actor_saved_model/assets
INFO:tensorflow:Assets written to: results/saved_models/ddpg_default_ep3100_critic_saved_model/assets
INFO:OptimizedDDPG:检查点已保存到 results/saved_models/ddpg_default_ep3100
INFO:OptimizedDDPG:回合 3110/5000 - 奖励: -0.13, 延迟: 53.1907s, 能耗: 0.0134J, 成功率: 62.0%, 步数: 1, 时间: 0.0s
INFO:OptimizedDDPG:回合 3120/5000 - 奖励: -0.20, 延迟: 64.7523s, 能耗: 0.0000J, 成功率: 44.0%, 步数: 1, 时间: 0.0s
INFO:OptimizedDDPG:回合 3130/5000 - 奖励: -0.20, 延迟: 64.7523s, 能耗: 0.0000J, 成功率: 44.0%, 步数: 1, 时间: 0.0s
INFO:OptimizedDDPG:回合 3140/5000 - 奖励: -0.11, 延迟: 43.1171s, 能耗: 0.0250J, 成功率: 70.0%, 步数: 1, 时间: 0.0s
INFO:OptimizedDDPG:回合 3150/5000 - 奖励: -0.14, 延迟: 52.0592s, 能耗: 0.0176J, 成功率: 60.0%, 步数: 1, 时间: 0.0s
INFO:OptimizedDDPG:回合 3160/5000 - 奖励: -0.20, 延迟: 64.7523s, 能耗: 0.0000J, 成功率: 44.0%, 步数: 1, 时间: 0.0s
INFO:OptimizedDDPG:回合 3170/5000 - 奖励: -0.20, 延迟: 64.7523s, 能耗: 0.0000J, 成功率: 44.0%, 步数: 1, 时间: 0.0s
INFO:OptimizedDDPG:回合 3180/5000 - 奖励: -0.20, 延迟: 64.7523s, 能耗: 0.0000J, 成功率: 44.0%, 步数: 1, 时间: 0.0s
INFO:OptimizedDDPG:回合 3190/5000 - 奖励: -0.14, 延迟: 50.2277s, 能耗: 0.0166J, 成功率: 60.0%, 步数: 1, 时间: 0.0s
INFO:OptimizedDDPG:回合 3200/5000 - 奖励: -0.12, 延迟: 46.5277s, 能耗: 0.0256J, 成功率: 66.0%, 步数: 1, 时间: 0.0s
INFO:tensorflow:Assets written to: results/saved_models/ddpg_default_ep3200_actor_saved_model/assets
INFO:tensorflow:Assets written to: results/saved_models/ddpg_default_ep3200_critic_saved_model/assets
INFO:OptimizedDDPG:检查点已保存到 results/saved_models/ddpg_default_ep3200
INFO:OptimizedDDPG:回合 3210/5000 - 奖励: -0.20, 延迟: 64.7523s, 能耗: 0.0000J, 成功率: 44.0%, 步数: 1, 时间: 0.0s
INFO:OptimizedDDPG:回合 3220/5000 - 奖励: -0.20, 延迟: 64.7523s, 能耗: 0.0000J, 成功率: 44.0%, 步数: 1, 时间: 0.0s
INFO:OptimizedDDPG:回合 3230/5000 - 奖励: -0.15, 延迟: 55.3153s, 能耗: 0.0136J, 成功率: 58.0%, 步数: 1, 时间: 0.0s
INFO:OptimizedDDPG:回合 3240/5000 - 奖励: -0.13, 延迟: 52.1789s, 能耗: 0.0166J, 成功率: 64.0%, 步数: 1, 时间: 0.0s
INFO:OptimizedDDPG:回合 3250/5000 - 奖励: -0.10, 延迟: 43.1730s, 能耗: 0.0279J, 成功率: 72.0%, 步数: 1, 时间: 0.0s
INFO:OptimizedDDPG:回合 3260/5000 - 奖励: -0.20, 延迟: 64.7523s, 能耗: 0.0000J, 成功率: 44.0%, 步数: 1, 时间: 0.1s
INFO:OptimizedDDPG:回合 3270/5000 - 奖励: -0.20, 延迟: 64.7523s, 能耗: 0.0000J, 成功率: 44.0%, 步数: 1, 时间: 0.0s
INFO:OptimizedDDPG:回合 3280/5000 - 奖励: -0.20, 延迟: 64.7523s, 能耗: 0.0000J, 成功率: 44.0%, 步数: 1, 时间: 0.0s
INFO:OptimizedDDPG:回合 3290/5000 - 奖励: -0.08, 延迟: 44.8356s, 能耗: 0.0316J, 成功率: 76.0%, 步数: 1, 时间: 0.1s
INFO:OptimizedDDPG:回合 3300/5000 - 奖励: -0.13, 延迟: 49.8936s, 能耗: 0.0189J, 成功率: 62.0%, 步数: 1, 时间: 0.0s
INFO:tensorflow:Assets written to: results/saved_models/ddpg_default_ep3300_actor_saved_model/assets
INFO:tensorflow:Assets written to: results/saved_models/ddpg_default_ep3300_critic_saved_model/assets
INFO:OptimizedDDPG:检查点已保存到 results/saved_models/ddpg_default_ep3300
INFO:OptimizedDDPG:回合 3310/5000 - 奖励: -0.11, 延迟: 48.6283s, 能耗: 0.0188J, 成功率: 70.0%, 步数: 1, 时间: 0.0s
INFO:OptimizedDDPG:回合 3320/5000 - 奖励: -0.12, 延迟: 50.2499s, 能耗: 0.0238J, 成功率: 66.0%, 步数: 1, 时间: 0.0s
INFO:OptimizedDDPG:回合 3330/5000 - 奖励: -0.12, 延迟: 49.2022s, 能耗: 0.0227J, 成功率: 66.0%, 步数: 1, 时间: 0.0s
INFO:OptimizedDDPG:回合 3340/5000 - 奖励: -0.08, 延迟: 40.8210s, 能耗: 0.0277J, 成功率: 76.0%, 步数: 1, 时间: 0.0s
INFO:OptimizedDDPG:回合 3350/5000 - 奖励: -0.20, 延迟: 64.7523s, 能耗: 0.0000J, 成功率: 44.0%, 步数: 1, 时间: 0.0s
INFO:OptimizedDDPG:回合 3360/5000 - 奖励: -0.20, 延迟: 64.7523s, 能耗: 0.0000J, 成功率: 44.0%, 步数: 1, 时间: 0.0s
INFO:OptimizedDDPG:回合 3370/5000 - 奖励: -0.11, 延迟: 49.0988s, 能耗: 0.0231J, 成功率: 70.0%, 步数: 1, 时间: 0.0s
INFO:OptimizedDDPG:回合 3380/5000 - 奖励: -0.20, 延迟: 64.7523s, 能耗: 0.0000J, 成功率: 44.0%, 步数: 1, 时间: 0.0s
INFO:OptimizedDDPG:回合 3390/5000 - 奖励: -0.13, 延迟: 50.4687s, 能耗: 0.0156J, 成功率: 64.0%, 步数: 1, 时间: 0.0s
INFO:OptimizedDDPG:回合 3400/5000 - 奖励: -0.13, 延迟: 47.2644s, 能耗: 0.0171J, 成功率: 64.0%, 步数: 1, 时间: 0.0s
INFO:tensorflow:Assets written to: results/saved_models/ddpg_default_ep3400_actor_saved_model/assets
INFO:tensorflow:Assets written to: results/saved_models/ddpg_default_ep3400_critic_saved_model/assets
INFO:OptimizedDDPG:检查点已保存到 results/saved_models/ddpg_default_ep3400
INFO:OptimizedDDPG:回合 3410/5000 - 奖励: -0.12, 延迟: 48.5139s, 能耗: 0.0199J, 成功率: 66.0%, 步数: 1, 时间: 0.0s
INFO:OptimizedDDPG:回合 3420/5000 - 奖励: -0.13, 延迟: 52.0943s, 能耗: 0.0224J, 成功率: 62.0%, 步数: 1, 时间: 0.0s
INFO:OptimizedDDPG:回合 3430/5000 - 奖励: -0.20, 延迟: 64.7523s, 能耗: 0.0000J, 成功率: 44.0%, 步数: 1, 时间: 0.0s
INFO:OptimizedDDPG:回合 3440/5000 - 奖励: -0.15, 延迟: 52.2033s, 能耗: 0.0200J, 成功率: 58.0%, 步数: 1, 时间: 0.0s
INFO:OptimizedDDPG:回合 3450/5000 - 奖励: -0.20, 延迟: 64.7523s, 能耗: 0.0000J, 成功率: 44.0%, 步数: 1, 时间: 0.0s
INFO:OptimizedDDPG:回合 3460/5000 - 奖励: -0.20, 延迟: 64.7523s, 能耗: 0.0000J, 成功率: 44.0%, 步数: 1, 时间: 0.0s
INFO:OptimizedDDPG:回合 3470/5000 - 奖励: -0.20, 延迟: 64.7523s, 能耗: 0.0000J, 成功率: 44.0%, 步数: 1, 时间: 0.0s
INFO:OptimizedDDPG:回合 3480/5000 - 奖励: -0.20, 延迟: 64.7523s, 能耗: 0.0000J, 成功率: 44.0%, 步数: 1, 时间: 0.0s
INFO:OptimizedDDPG:回合 3490/5000 - 奖励: -0.20, 延迟: 64.7523s, 能耗: 0.0000J, 成功率: 44.0%, 步数: 1, 时间: 0.0s
INFO:OptimizedDDPG:回合 3500/5000 - 奖励: -0.11, 延迟: 48.0863s, 能耗: 0.0236J, 成功率: 70.0%, 步数: 1, 时间: 0.0s
INFO:tensorflow:Assets written to: results/saved_models/ddpg_default_ep3500_actor_saved_model/assets
INFO:tensorflow:Assets written to: results/saved_models/ddpg_default_ep3500_critic_saved_model/assets
INFO:OptimizedDDPG:检查点已保存到 results/saved_models/ddpg_default_ep3500
INFO:OptimizedDDPG:回合 3510/5000 - 奖励: -0.12, 延迟: 50.9949s, 能耗: 0.0192J, 成功率: 66.0%, 步数: 1, 时间: 0.0s
INFO:OptimizedDDPG:回合 3520/5000 - 奖励: -0.20, 延迟: 64.7523s, 能耗: 0.0000J, 成功率: 44.0%, 步数: 1, 时间: 0.0s
INFO:OptimizedDDPG:回合 3530/5000 - 奖励: -0.20, 延迟: 64.7523s, 能耗: 0.0000J, 成功率: 44.0%, 步数: 1, 时间: 0.0s
INFO:OptimizedDDPG:回合 3540/5000 - 奖励: -0.10, 延迟: 45.5357s, 能耗: 0.0273J, 成功率: 72.0%, 步数: 1, 时间: 0.0s
INFO:OptimizedDDPG:回合 3550/5000 - 奖励: -0.20, 延迟: 64.7523s, 能耗: 0.0000J, 成功率: 44.0%, 步数: 1, 时间: 0.0s
INFO:OptimizedDDPG:回合 3560/5000 - 奖励: -0.20, 延迟: 64.7523s, 能耗: 0.0000J, 成功率: 44.0%, 步数: 1, 时间: 0.0s
INFO:OptimizedDDPG:回合 3570/5000 - 奖励: -0.12, 延迟: 50.9039s, 能耗: 0.0161J, 成功率: 66.0%, 步数: 1, 时间: 0.0s
INFO:OptimizedDDPG:回合 3580/5000 - 奖励: -0.11, 延迟: 48.2744s, 能耗: 0.0225J, 成功率: 68.0%, 步数: 1, 时间: 0.0s
INFO:OptimizedDDPG:回合 3590/5000 - 奖励: -0.09, 延迟: 44.0856s, 能耗: 0.0262J, 成功率: 74.0%, 步数: 1, 时间: 0.0s
INFO:OptimizedDDPG:回合 3600/5000 - 奖励: -0.20, 延迟: 64.7523s, 能耗: 0.0000J, 成功率: 44.0%, 步数: 1, 时间: 0.0s
INFO:tensorflow:Assets written to: results/saved_models/ddpg_default_ep3600_actor_saved_model/assets
INFO:tensorflow:Assets written to: results/saved_models/ddpg_default_ep3600_critic_saved_model/assets
INFO:OptimizedDDPG:检查点已保存到 results/saved_models/ddpg_default_ep3600
INFO:OptimizedDDPG:回合 3610/5000 - 奖励: -0.20, 延迟: 64.7523s, 能耗: 0.0000J, 成功率: 44.0%, 步数: 1, 时间: 0.0s
INFO:OptimizedDDPG:回合 3620/5000 - 奖励: -0.14, 延迟: 54.1550s, 能耗: 0.0149J, 成功率: 60.0%, 步数: 1, 时间: 0.0s
INFO:OptimizedDDPG:回合 3630/5000 - 奖励: -0.20, 延迟: 64.7523s, 能耗: 0.0000J, 成功率: 44.0%, 步数: 1, 时间: 0.0s
INFO:OptimizedDDPG:回合 3640/5000 - 奖励: -0.14, 延迟: 54.1311s, 能耗: 0.0138J, 成功率: 60.0%, 步数: 1, 时间: 0.0s
INFO:OptimizedDDPG:回合 3650/5000 - 奖励: -0.11, 延迟: 51.3087s, 能耗: 0.0166J, 成功率: 68.0%, 步数: 1, 时间: 0.0s
INFO:OptimizedDDPG:回合 3660/5000 - 奖励: -0.20, 延迟: 64.7523s, 能耗: 0.0000J, 成功率: 44.0%, 步数: 1, 时间: 0.0s
INFO:OptimizedDDPG:回合 3670/5000 - 奖励: -0.10, 延迟: 45.0725s, 能耗: 0.0227J, 成功率: 72.0%, 步数: 1, 时间: 0.0s
INFO:OptimizedDDPG:回合 3680/5000 - 奖励: -0.11, 延迟: 46.9295s, 能耗: 0.0193J, 成功率: 70.0%, 步数: 1, 时间: 0.0s
INFO:OptimizedDDPG:回合 3690/5000 - 奖励: -0.14, 延迟: 53.6496s, 能耗: 0.0183J, 成功率: 60.0%, 步数: 1, 时间: 0.0s
INFO:OptimizedDDPG:回合 3700/5000 - 奖励: -0.20, 延迟: 64.7523s, 能耗: 0.0000J, 成功率: 44.0%, 步数: 1, 时间: 0.0s
INFO:tensorflow:Assets written to: results/saved_models/ddpg_default_ep3700_actor_saved_model/assets
INFO:tensorflow:Assets written to: results/saved_models/ddpg_default_ep3700_critic_saved_model/assets
INFO:OptimizedDDPG:检查点已保存到 results/saved_models/ddpg_default_ep3700
INFO:OptimizedDDPG:回合 3710/5000 - 奖励: -0.20, 延迟: 64.7523s, 能耗: 0.0000J, 成功率: 44.0%, 步数: 1, 时间: 0.0s
INFO:OptimizedDDPG:回合 3720/5000 - 奖励: -0.11, 延迟: 46.5880s, 能耗: 0.0253J, 成功率: 70.0%, 步数: 1, 时间: 0.0s
INFO:OptimizedDDPG:回合 3730/5000 - 奖励: -0.13, 延迟: 50.1203s, 能耗: 0.0142J, 成功率: 64.0%, 步数: 1, 时间: 0.0s
INFO:OptimizedDDPG:回合 3740/5000 - 奖励: -0.11, 延迟: 47.2644s, 能耗: 0.0249J, 成功率: 68.0%, 步数: 1, 时间: 0.0s
INFO:OptimizedDDPG:回合 3750/5000 - 奖励: -0.20, 延迟: 64.7523s, 能耗: 0.0000J, 成功率: 44.0%, 步数: 1, 时间: 0.0s
INFO:OptimizedDDPG:回合 3760/5000 - 奖励: -0.20, 延迟: 64.7523s, 能耗: 0.0000J, 成功率: 44.0%, 步数: 1, 时间: 0.0s
INFO:OptimizedDDPG:回合 3770/5000 - 奖励: -0.09, 延迟: 45.7609s, 能耗: 0.0298J, 成功率: 74.0%, 步数: 1, 时间: 0.0s
INFO:OptimizedDDPG:回合 3780/5000 - 奖励: -0.11, 延迟: 47.5837s, 能耗: 0.0244J, 成功率: 70.0%, 步数: 1, 时间: 0.0s
INFO:OptimizedDDPG:回合 3790/5000 - 奖励: -0.13, 延迟: 50.3758s, 能耗: 0.0217J, 成功率: 62.0%, 步数: 1, 时间: 0.0s
INFO:OptimizedDDPG:回合 3800/5000 - 奖励: -0.13, 延迟: 54.5111s, 能耗: 0.0169J, 成功率: 64.0%, 步数: 1, 时间: 0.0s
INFO:tensorflow:Assets written to: results/saved_models/ddpg_default_ep3800_actor_saved_model/assets
INFO:tensorflow:Assets written to: results/saved_models/ddpg_default_ep3800_critic_saved_model/assets
INFO:OptimizedDDPG:检查点已保存到 results/saved_models/ddpg_default_ep3800
INFO:OptimizedDDPG:回合 3810/5000 - 奖励: -0.09, 延迟: 44.5532s, 能耗: 0.0282J, 成功率: 74.0%, 步数: 1, 时间: 0.0s
INFO:OptimizedDDPG:回合 3820/5000 - 奖励: -0.11, 延迟: 45.7294s, 能耗: 0.0241J, 成功率: 68.0%, 步数: 1, 时间: 0.0s
INFO:OptimizedDDPG:回合 3830/5000 - 奖励: -0.15, 延迟: 54.7903s, 能耗: 0.0150J, 成功率: 56.0%, 步数: 1, 时间: 0.0s
INFO:OptimizedDDPG:回合 3840/5000 - 奖励: -0.13, 延迟: 50.6800s, 能耗: 0.0163J, 成功率: 62.0%, 步数: 1, 时间: 0.0s
INFO:OptimizedDDPG:回合 3850/5000 - 奖励: -0.11, 延迟: 46.6966s, 能耗: 0.0281J, 成功率: 68.0%, 步数: 1, 时间: 0.0s
INFO:OptimizedDDPG:回合 3860/5000 - 奖励: -0.08, 延迟: 42.4652s, 能耗: 0.0229J, 成功率: 76.0%, 步数: 1, 时间: 0.0s
INFO:OptimizedDDPG:回合 3870/5000 - 奖励: -0.09, 延迟: 44.9504s, 能耗: 0.0261J, 成功率: 74.0%, 步数: 1, 时间: 0.0s
INFO:OptimizedDDPG:回合 3880/5000 - 奖励: -0.13, 延迟: 51.3572s, 能耗: 0.0141J, 成功率: 64.0%, 步数: 1, 时间: 0.0s
INFO:OptimizedDDPG:回合 3890/5000 - 奖励: -0.11, 延迟: 45.0569s, 能耗: 0.0214J, 成功率: 70.0%, 步数: 1, 时间: 0.0s
INFO:OptimizedDDPG:回合 3900/5000 - 奖励: -0.12, 延迟: 48.6718s, 能耗: 0.0203J, 成功率: 66.0%, 步数: 1, 时间: 0.0s
INFO:tensorflow:Assets written to: results/saved_models/ddpg_default_ep3900_actor_saved_model/assets
INFO:tensorflow:Assets written to: results/saved_models/ddpg_default_ep3900_critic_saved_model/assets
INFO:OptimizedDDPG:检查点已保存到 results/saved_models/ddpg_default_ep3900
INFO:OptimizedDDPG:回合 3910/5000 - 奖励: -0.11, 延迟: 48.1233s, 能耗: 0.0205J, 成功率: 68.0%, 步数: 1, 时间: 0.0s
INFO:OptimizedDDPG:回合 3920/5000 - 奖励: -0.12, 延迟: 48.5302s, 能耗: 0.0223J, 成功率: 66.0%, 步数: 1, 时间: 0.0s
INFO:OptimizedDDPG:回合 3930/5000 - 奖励: -0.13, 延迟: 50.2487s, 能耗: 0.0211J, 成功率: 64.0%, 步数: 1, 时间: 0.0s
INFO:OptimizedDDPG:回合 3940/5000 - 奖励: -0.20, 延迟: 64.7523s, 能耗: 0.0000J, 成功率: 44.0%, 步数: 1, 时间: 0.0s
INFO:OptimizedDDPG:回合 3950/5000 - 奖励: -0.12, 延迟: 46.9798s, 能耗: 0.0224J, 成功率: 66.0%, 步数: 1, 时间: 0.0s
INFO:OptimizedDDPG:回合 3960/5000 - 奖励: -0.10, 延迟: 45.1539s, 能耗: 0.0305J, 成功率: 72.0%, 步数: 1, 时间: 0.0s
INFO:OptimizedDDPG:回合 3970/5000 - 奖励: -0.20, 延迟: 64.7523s, 能耗: 0.0000J, 成功率: 44.0%, 步数: 1, 时间: 0.0s
INFO:OptimizedDDPG:回合 3980/5000 - 奖励: -0.13, 延迟: 54.9183s, 能耗: 0.0094J, 成功率: 62.0%, 步数: 1, 时间: 0.0s
INFO:OptimizedDDPG:回合 3990/5000 - 奖励: -0.20, 延迟: 64.7523s, 能耗: 0.0000J, 成功率: 44.0%, 步数: 1, 时间: 0.0s
INFO:OptimizedDDPG:回合 4000/5000 - 奖励: -0.15, 延迟: 51.8181s, 能耗: 0.0120J, 成功率: 58.0%, 步数: 1, 时间: 0.0s
INFO:tensorflow:Assets written to: results/saved_models/ddpg_default_ep4000_actor_saved_model/assets
INFO:tensorflow:Assets written to: results/saved_models/ddpg_default_ep4000_critic_saved_model/assets
INFO:OptimizedDDPG:检查点已保存到 results/saved_models/ddpg_default_ep4000
INFO:OptimizedDDPG:回合 4010/5000 - 奖励: -0.11, 延迟: 46.0465s, 能耗: 0.0265J, 成功率: 68.0%, 步数: 1, 时间: 0.0s
INFO:OptimizedDDPG:回合 4020/5000 - 奖励: -0.13, 延迟: 49.2936s, 能耗: 0.0232J, 成功率: 64.0%, 步数: 1, 时间: 0.0s
INFO:OptimizedDDPG:回合 4030/5000 - 奖励: -0.13, 延迟: 49.8872s, 能耗: 0.0189J, 成功率: 64.0%, 步数: 1, 时间: 0.0s
INFO:OptimizedDDPG:回合 4040/5000 - 奖励: -0.12, 延迟: 48.2674s, 能耗: 0.0254J, 成功率: 66.0%, 步数: 1, 时间: 0.0s
INFO:OptimizedDDPG:回合 4050/5000 - 奖励: -0.11, 延迟: 45.7706s, 能耗: 0.0236J, 成功率: 70.0%, 步数: 1, 时间: 0.0s
INFO:OptimizedDDPG:回合 4060/5000 - 奖励: -0.10, 延迟: 45.7381s, 能耗: 0.0264J, 成功率: 72.0%, 步数: 1, 时间: 0.0s
INFO:OptimizedDDPG:回合 4070/5000 - 奖励: -0.11, 延迟: 45.2471s, 能耗: 0.0255J, 成功率: 70.0%, 步数: 1, 时间: 0.0s
INFO:OptimizedDDPG:回合 4080/5000 - 奖励: -0.13, 延迟: 48.6475s, 能耗: 0.0174J, 成功率: 64.0%, 步数: 1, 时间: 0.0s
INFO:OptimizedDDPG:回合 4090/5000 - 奖励: -0.11, 延迟: 49.2581s, 能耗: 0.0240J, 成功率: 68.0%, 步数: 1, 时间: 0.0s
INFO:OptimizedDDPG:回合 4100/5000 - 奖励: -0.13, 延迟: 51.3359s, 能耗: 0.0202J, 成功率: 64.0%, 步数: 1, 时间: 0.0s
INFO:tensorflow:Assets written to: results/saved_models/ddpg_default_ep4100_actor_saved_model/assets
INFO:tensorflow:Assets written to: results/saved_models/ddpg_default_ep4100_critic_saved_model/assets
INFO:OptimizedDDPG:检查点已保存到 results/saved_models/ddpg_default_ep4100
INFO:OptimizedDDPG:回合 4110/5000 - 奖励: -0.11, 延迟: 48.0867s, 能耗: 0.0204J, 成功率: 68.0%, 步数: 1, 时间: 0.0s
INFO:OptimizedDDPG:回合 4120/5000 - 奖励: -0.10, 延迟: 46.1019s, 能耗: 0.0250J, 成功率: 72.0%, 步数: 1, 时间: 0.1s
INFO:OptimizedDDPG:回合 4130/5000 - 奖励: -0.12, 延迟: 49.7234s, 能耗: 0.0228J, 成功率: 66.0%, 步数: 1, 时间: 0.0s
INFO:OptimizedDDPG:回合 4140/5000 - 奖励: -0.13, 延迟: 51.6950s, 能耗: 0.0184J, 成功率: 62.0%, 步数: 1, 时间: 0.0s
INFO:OptimizedDDPG:回合 4150/5000 - 奖励: -0.10, 延迟: 44.9260s, 能耗: 0.0231J, 成功率: 72.0%, 步数: 1, 时间: 0.0s
INFO:OptimizedDDPG:回合 4160/5000 - 奖励: -0.20, 延迟: 64.7523s, 能耗: 0.0000J, 成功率: 44.0%, 步数: 1, 时间: 0.0s
INFO:tensorflow:Assets written to: results/saved_models/ddpg_default_best_actor_saved_model/assets
INFO:tensorflow:Assets written to: results/saved_models/ddpg_default_best_critic_saved_model/assets
INFO:OptimizedDDPG:发现更好的模型 (奖励: -0.06)，已保存到 results/saved_models/ddpg_default_best
INFO:OptimizedDDPG:回合 4170/5000 - 奖励: -0.11, 延迟: 45.2275s, 能耗: 0.0216J, 成功率: 68.0%, 步数: 1, 时间: 0.0s
INFO:OptimizedDDPG:回合 4180/5000 - 奖励: -0.13, 延迟: 52.2749s, 能耗: 0.0186J, 成功率: 62.0%, 步数: 1, 时间: 0.0s
INFO:OptimizedDDPG:回合 4190/5000 - 奖励: -0.13, 延迟: 51.7246s, 能耗: 0.0207J, 成功率: 64.0%, 步数: 1, 时间: 0.0s
INFO:OptimizedDDPG:回合 4200/5000 - 奖励: -0.11, 延迟: 48.6238s, 能耗: 0.0234J, 成功率: 70.0%, 步数: 1, 时间: 0.0s
INFO:tensorflow:Assets written to: results/saved_models/ddpg_default_ep4200_actor_saved_model/assets
INFO:tensorflow:Assets written to: results/saved_models/ddpg_default_ep4200_critic_saved_model/assets
INFO:OptimizedDDPG:检查点已保存到 results/saved_models/ddpg_default_ep4200
INFO:OptimizedDDPG:回合 4210/5000 - 奖励: -0.08, 延迟: 42.2447s, 能耗: 0.0279J, 成功率: 76.0%, 步数: 1, 时间: 0.0s
INFO:OptimizedDDPG:回合 4220/5000 - 奖励: -0.20, 延迟: 64.7523s, 能耗: 0.0000J, 成功率: 44.0%, 步数: 1, 时间: 0.0s
INFO:OptimizedDDPG:回合 4230/5000 - 奖励: -0.11, 延迟: 46.9728s, 能耗: 0.0207J, 成功率: 70.0%, 步数: 1, 时间: 0.1s
INFO:OptimizedDDPG:回合 4240/5000 - 奖励: -0.15, 延迟: 56.4344s, 能耗: 0.0123J, 成功率: 56.0%, 步数: 1, 时间: 0.0s
INFO:OptimizedDDPG:回合 4250/5000 - 奖励: -0.11, 延迟: 49.1350s, 能耗: 0.0202J, 成功率: 68.0%, 步数: 1, 时间: 0.0s
INFO:OptimizedDDPG:回合 4260/5000 - 奖励: -0.10, 延迟: 45.8330s, 能耗: 0.0318J, 成功率: 72.0%, 步数: 1, 时间: 0.0s
INFO:OptimizedDDPG:回合 4270/5000 - 奖励: -0.11, 延迟: 48.5436s, 能耗: 0.0187J, 成功率: 70.0%, 步数: 1, 时间: 0.0s
INFO:OptimizedDDPG:回合 4280/5000 - 奖励: -0.20, 延迟: 64.7523s, 能耗: 0.0000J, 成功率: 44.0%, 步数: 1, 时间: 0.0s
INFO:OptimizedDDPG:回合 4290/5000 - 奖励: -0.20, 延迟: 64.7523s, 能耗: 0.0000J, 成功率: 44.0%, 步数: 1, 时间: 0.0s
INFO:OptimizedDDPG:回合 4300/5000 - 奖励: -0.13, 延迟: 51.3170s, 能耗: 0.0233J, 成功率: 62.0%, 步数: 1, 时间: 0.0s
INFO:tensorflow:Assets written to: results/saved_models/ddpg_default_ep4300_actor_saved_model/assets
INFO:tensorflow:Assets written to: results/saved_models/ddpg_default_ep4300_critic_saved_model/assets
INFO:OptimizedDDPG:检查点已保存到 results/saved_models/ddpg_default_ep4300
INFO:OptimizedDDPG:回合 4310/5000 - 奖励: -0.10, 延迟: 44.8004s, 能耗: 0.0252J, 成功率: 72.0%, 步数: 1, 时间: 0.0s
INFO:OptimizedDDPG:回合 4320/5000 - 奖励: -0.11, 延迟: 46.7583s, 能耗: 0.0246J, 成功率: 68.0%, 步数: 1, 时间: 0.0s
INFO:OptimizedDDPG:回合 4330/5000 - 奖励: -0.20, 延迟: 64.7523s, 能耗: 0.0000J, 成功率: 44.0%, 步数: 1, 时间: 0.0s
INFO:OptimizedDDPG:回合 4340/5000 - 奖励: -0.16, 延迟: 53.6758s, 能耗: 0.0106J, 成功率: 54.0%, 步数: 1, 时间: 0.0s
INFO:OptimizedDDPG:回合 4350/5000 - 奖励: -0.12, 延迟: 49.3401s, 能耗: 0.0190J, 成功率: 66.0%, 步数: 1, 时间: 0.0s
INFO:OptimizedDDPG:回合 4360/5000 - 奖励: -0.11, 延迟: 45.6757s, 能耗: 0.0215J, 成功率: 70.0%, 步数: 1, 时间: 0.0s
INFO:OptimizedDDPG:回合 4370/5000 - 奖励: -0.12, 延迟: 48.9805s, 能耗: 0.0209J, 成功率: 66.0%, 步数: 1, 时间: 0.0s
INFO:OptimizedDDPG:回合 4380/5000 - 奖励: -0.20, 延迟: 64.7523s, 能耗: 0.0000J, 成功率: 44.0%, 步数: 1, 时间: 0.0s
INFO:OptimizedDDPG:回合 4390/5000 - 奖励: -0.20, 延迟: 64.7523s, 能耗: 0.0000J, 成功率: 44.0%, 步数: 1, 时间: 0.0s
INFO:OptimizedDDPG:回合 4400/5000 - 奖励: -0.12, 延迟: 48.4644s, 能耗: 0.0234J, 成功率: 66.0%, 步数: 1, 时间: 0.0s
INFO:tensorflow:Assets written to: results/saved_models/ddpg_default_ep4400_actor_saved_model/assets
INFO:tensorflow:Assets written to: results/saved_models/ddpg_default_ep4400_critic_saved_model/assets
INFO:OptimizedDDPG:检查点已保存到 results/saved_models/ddpg_default_ep4400
INFO:OptimizedDDPG:回合 4410/5000 - 奖励: -0.12, 延迟: 51.0891s, 能耗: 0.0199J, 成功率: 66.0%, 步数: 1, 时间: 0.0s
INFO:OptimizedDDPG:回合 4420/5000 - 奖励: -0.11, 延迟: 46.7715s, 能耗: 0.0278J, 成功率: 70.0%, 步数: 1, 时间: 0.0s
INFO:OptimizedDDPG:回合 4430/5000 - 奖励: -0.20, 延迟: 64.7523s, 能耗: 0.0000J, 成功率: 44.0%, 步数: 1, 时间: 0.0s
INFO:OptimizedDDPG:回合 4440/5000 - 奖励: -0.20, 延迟: 64.7523s, 能耗: 0.0000J, 成功率: 44.0%, 步数: 1, 时间: 0.0s
INFO:OptimizedDDPG:回合 4450/5000 - 奖励: -0.11, 延迟: 46.4582s, 能耗: 0.0234J, 成功率: 68.0%, 步数: 1, 时间: 0.0s
INFO:OptimizedDDPG:回合 4460/5000 - 奖励: -0.09, 延迟: 45.6414s, 能耗: 0.0275J, 成功率: 74.0%, 步数: 1, 时间: 0.0s
INFO:OptimizedDDPG:回合 4470/5000 - 奖励: -0.10, 延迟: 45.8765s, 能耗: 0.0203J, 成功率: 72.0%, 步数: 1, 时间: 0.0s
INFO:OptimizedDDPG:回合 4480/5000 - 奖励: -0.11, 延迟: 44.7032s, 能耗: 0.0266J, 成功率: 70.0%, 步数: 1, 时间: 0.0s
INFO:OptimizedDDPG:回合 4490/5000 - 奖励: -0.20, 延迟: 64.7523s, 能耗: 0.0000J, 成功率: 44.0%, 步数: 1, 时间: 0.0s
INFO:OptimizedDDPG:回合 4500/5000 - 奖励: -0.11, 延迟: 48.8120s, 能耗: 0.0192J, 成功率: 68.0%, 步数: 1, 时间: 0.0s
INFO:tensorflow:Assets written to: results/saved_models/ddpg_default_ep4500_actor_saved_model/assets
INFO:tensorflow:Assets written to: results/saved_models/ddpg_default_ep4500_critic_saved_model/assets
INFO:OptimizedDDPG:检查点已保存到 results/saved_models/ddpg_default_ep4500
INFO:OptimizedDDPG:回合 4510/5000 - 奖励: -0.11, 延迟: 44.8153s, 能耗: 0.0253J, 成功率: 68.0%, 步数: 1, 时间: 0.0s
INFO:OptimizedDDPG:回合 4520/5000 - 奖励: -0.20, 延迟: 64.7523s, 能耗: 0.0000J, 成功率: 44.0%, 步数: 1, 时间: 0.0s
INFO:OptimizedDDPG:回合 4530/5000 - 奖励: -0.20, 延迟: 64.7523s, 能耗: 0.0000J, 成功率: 44.0%, 步数: 1, 时间: 0.0s
INFO:OptimizedDDPG:回合 4540/5000 - 奖励: -0.14, 延迟: 52.2228s, 能耗: 0.0166J, 成功率: 60.0%, 步数: 1, 时间: 0.0s
INFO:OptimizedDDPG:回合 4550/5000 - 奖励: -0.15, 延迟: 53.9565s, 能耗: 0.0156J, 成功率: 58.0%, 步数: 1, 时间: 0.0s
INFO:OptimizedDDPG:回合 4560/5000 - 奖励: -0.09, 延迟: 42.6601s, 能耗: 0.0313J, 成功率: 74.0%, 步数: 1, 时间: 0.0s
INFO:OptimizedDDPG:回合 4570/5000 - 奖励: -0.20, 延迟: 64.7523s, 能耗: 0.0000J, 成功率: 44.0%, 步数: 1, 时间: 0.0s
INFO:OptimizedDDPG:回合 4580/5000 - 奖励: -0.20, 延迟: 64.7523s, 能耗: 0.0000J, 成功率: 44.0%, 步数: 1, 时间: 0.0s
INFO:OptimizedDDPG:回合 4590/5000 - 奖励: -0.10, 延迟: 46.9343s, 能耗: 0.0224J, 成功率: 72.0%, 步数: 1, 时间: 0.0s
INFO:OptimizedDDPG:回合 4600/5000 - 奖励: -0.10, 延迟: 46.7156s, 能耗: 0.0247J, 成功率: 72.0%, 步数: 1, 时间: 0.0s
INFO:tensorflow:Assets written to: results/saved_models/ddpg_default_ep4600_actor_saved_model/assets
INFO:tensorflow:Assets written to: results/saved_models/ddpg_default_ep4600_critic_saved_model/assets
INFO:OptimizedDDPG:检查点已保存到 results/saved_models/ddpg_default_ep4600
INFO:OptimizedDDPG:回合 4610/5000 - 奖励: -0.20, 延迟: 64.7523s, 能耗: 0.0000J, 成功率: 44.0%, 步数: 1, 时间: 0.0s
INFO:OptimizedDDPG:回合 4620/5000 - 奖励: -0.12, 延迟: 51.3480s, 能耗: 0.0239J, 成功率: 66.0%, 步数: 1, 时间: 0.0s
INFO:OptimizedDDPG:回合 4630/5000 - 奖励: -0.13, 延迟: 51.0164s, 能耗: 0.0155J, 成功率: 62.0%, 步数: 1, 时间: 0.0s
INFO:OptimizedDDPG:回合 4640/5000 - 奖励: -0.20, 延迟: 64.7523s, 能耗: 0.0000J, 成功率: 44.0%, 步数: 1, 时间: 0.0s
INFO:OptimizedDDPG:回合 4650/5000 - 奖励: -0.11, 延迟: 48.7641s, 能耗: 0.0223J, 成功率: 68.0%, 步数: 1, 时间: 0.0s
INFO:OptimizedDDPG:回合 4660/5000 - 奖励: -0.12, 延迟: 49.6157s, 能耗: 0.0197J, 成功率: 66.0%, 步数: 1, 时间: 0.0s
INFO:OptimizedDDPG:回合 4670/5000 - 奖励: -0.11, 延迟: 45.6957s, 能耗: 0.0227J, 成功率: 70.0%, 步数: 1, 时间: 0.0s
INFO:OptimizedDDPG:回合 4680/5000 - 奖励: -0.11, 延迟: 47.9678s, 能耗: 0.0218J, 成功率: 70.0%, 步数: 1, 时间: 0.0s
INFO:OptimizedDDPG:回合 4690/5000 - 奖励: -0.13, 延迟: 52.8414s, 能耗: 0.0148J, 成功率: 62.0%, 步数: 1, 时间: 0.0s
INFO:OptimizedDDPG:回合 4700/5000 - 奖励: -0.11, 延迟: 46.5022s, 能耗: 0.0273J, 成功率: 68.0%, 步数: 1, 时间: 0.0s
INFO:tensorflow:Assets written to: results/saved_models/ddpg_default_ep4700_actor_saved_model/assets
INFO:tensorflow:Assets written to: results/saved_models/ddpg_default_ep4700_critic_saved_model/assets
INFO:OptimizedDDPG:检查点已保存到 results/saved_models/ddpg_default_ep4700
INFO:OptimizedDDPG:回合 4710/5000 - 奖励: -0.11, 延迟: 49.0162s, 能耗: 0.0214J, 成功率: 70.0%, 步数: 1, 时间: 0.0s
INFO:OptimizedDDPG:回合 4720/5000 - 奖励: -0.11, 延迟: 44.9760s, 能耗: 0.0262J, 成功率: 70.0%, 步数: 1, 时间: 0.0s
INFO:OptimizedDDPG:回合 4730/5000 - 奖励: -0.13, 延迟: 49.7805s, 能耗: 0.0211J, 成功率: 64.0%, 步数: 1, 时间: 0.0s
INFO:OptimizedDDPG:回合 4740/5000 - 奖励: -0.12, 延迟: 49.6890s, 能耗: 0.0202J, 成功率: 66.0%, 步数: 1, 时间: 0.0s
INFO:OptimizedDDPG:回合 4750/5000 - 奖励: -0.12, 延迟: 48.3341s, 能耗: 0.0177J, 成功率: 66.0%, 步数: 1, 时间: 0.0s
INFO:OptimizedDDPG:回合 4760/5000 - 奖励: -0.20, 延迟: 64.7523s, 能耗: 0.0000J, 成功率: 44.0%, 步数: 1, 时间: 0.0s
INFO:OptimizedDDPG:回合 4770/5000 - 奖励: -0.11, 延迟: 49.1869s, 能耗: 0.0174J, 成功率: 68.0%, 步数: 1, 时间: 0.0s
INFO:OptimizedDDPG:回合 4780/5000 - 奖励: -0.13, 延迟: 52.2719s, 能耗: 0.0189J, 成功率: 62.0%, 步数: 1, 时间: 0.0s
INFO:OptimizedDDPG:回合 4790/5000 - 奖励: -0.07, 延迟: 39.0690s, 能耗: 0.0241J, 成功率: 80.0%, 步数: 1, 时间: 0.0s
INFO:OptimizedDDPG:回合 4800/5000 - 奖励: -0.11, 延迟: 48.0857s, 能耗: 0.0274J, 成功率: 70.0%, 步数: 1, 时间: 0.0s
INFO:tensorflow:Assets written to: results/saved_models/ddpg_default_ep4800_actor_saved_model/assets
INFO:tensorflow:Assets written to: results/saved_models/ddpg_default_ep4800_critic_saved_model/assets
INFO:OptimizedDDPG:检查点已保存到 results/saved_models/ddpg_default_ep4800
INFO:OptimizedDDPG:回合 4810/5000 - 奖励: -0.11, 延迟: 48.5115s, 能耗: 0.0174J, 成功率: 68.0%, 步数: 1, 时间: 0.0s
INFO:OptimizedDDPG:回合 4820/5000 - 奖励: -0.09, 延迟: 44.3645s, 能耗: 0.0224J, 成功率: 74.0%, 步数: 1, 时间: 0.0s
INFO:OptimizedDDPG:回合 4830/5000 - 奖励: -0.20, 延迟: 64.7523s, 能耗: 0.0000J, 成功率: 44.0%, 步数: 1, 时间: 0.0s
INFO:OptimizedDDPG:回合 4840/5000 - 奖励: -0.09, 延迟: 46.4853s, 能耗: 0.0227J, 成功率: 74.0%, 步数: 1, 时间: 0.0s
INFO:OptimizedDDPG:回合 4850/5000 - 奖励: -0.13, 延迟: 51.8202s, 能耗: 0.0169J, 成功率: 62.0%, 步数: 1, 时间: 0.0s
INFO:OptimizedDDPG:回合 4860/5000 - 奖励: -0.20, 延迟: 64.7523s, 能耗: 0.0000J, 成功率: 44.0%, 步数: 1, 时间: 0.0s
INFO:OptimizedDDPG:回合 4870/5000 - 奖励: -0.20, 延迟: 64.7523s, 能耗: 0.0000J, 成功率: 44.0%, 步数: 1, 时间: 0.0s
INFO:OptimizedDDPG:回合 4880/5000 - 奖励: -0.11, 延迟: 48.0772s, 能耗: 0.0224J, 成功率: 68.0%, 步数: 1, 时间: 0.0s
INFO:OptimizedDDPG:回合 4890/5000 - 奖励: -0.13, 延迟: 51.9987s, 能耗: 0.0176J, 成功率: 64.0%, 步数: 1, 时间: 0.0s
INFO:OptimizedDDPG:回合 4900/5000 - 奖励: -0.13, 延迟: 52.8945s, 能耗: 0.0142J, 成功率: 64.0%, 步数: 1, 时间: 0.0s
INFO:tensorflow:Assets written to: results/saved_models/ddpg_default_ep4900_actor_saved_model/assets
INFO:tensorflow:Assets written to: results/saved_models/ddpg_default_ep4900_critic_saved_model/assets
INFO:OptimizedDDPG:检查点已保存到 results/saved_models/ddpg_default_ep4900
INFO:OptimizedDDPG:回合 4910/5000 - 奖励: -0.08, 延迟: 41.6783s, 能耗: 0.0306J, 成功率: 76.0%, 步数: 1, 时间: 0.0s
INFO:OptimizedDDPG:回合 4920/5000 - 奖励: -0.20, 延迟: 64.7523s, 能耗: 0.0000J, 成功率: 44.0%, 步数: 1, 时间: 0.0s
INFO:OptimizedDDPG:回合 4930/5000 - 奖励: -0.10, 延迟: 44.7604s, 能耗: 0.0217J, 成功率: 72.0%, 步数: 1, 时间: 0.0s
INFO:OptimizedDDPG:回合 4940/5000 - 奖励: -0.10, 延迟: 46.7598s, 能耗: 0.0243J, 成功率: 72.0%, 步数: 1, 时间: 0.0s
INFO:OptimizedDDPG:回合 4950/5000 - 奖励: -0.11, 延迟: 49.0684s, 能耗: 0.0214J, 成功率: 68.0%, 步数: 1, 时间: 0.0s
INFO:OptimizedDDPG:回合 4960/5000 - 奖励: -0.12, 延迟: 51.5217s, 能耗: 0.0143J, 成功率: 66.0%, 步数: 1, 时间: 0.0s
INFO:OptimizedDDPG:回合 4970/5000 - 奖励: -0.20, 延迟: 64.7523s, 能耗: 0.0000J, 成功率: 44.0%, 步数: 1, 时间: 0.0s
INFO:OptimizedDDPG:回合 4980/5000 - 奖励: -0.20, 延迟: 64.7523s, 能耗: 0.0000J, 成功率: 44.0%, 步数: 1, 时间: 0.0s
INFO:OptimizedDDPG:回合 4990/5000 - 奖励: -0.13, 延迟: 51.5385s, 能耗: 0.0156J, 成功率: 64.0%, 步数: 1, 时间: 0.0s
INFO:OptimizedDDPG:回合 5000/5000 - 奖励: -0.15, 延迟: 54.7083s, 能耗: 0.0126J, 成功率: 58.0%, 步数: 1, 时间: 0.0s
INFO:tensorflow:Assets written to: results/saved_models/ddpg_default_ep5000_actor_saved_model/assets
INFO:tensorflow:Assets written to: results/saved_models/ddpg_default_ep5000_critic_saved_model/assets
INFO:OptimizedDDPG:检查点已保存到 results/saved_models/ddpg_default_ep5000
INFO:tensorflow:Assets written to: results/saved_models/ddpg_default_final_actor_saved_model/assets
INFO:tensorflow:Assets written to: results/saved_models/ddpg_default_final_critic_saved_model/assets
INFO:OptimizedDDPG:最终模型已保存到 results/saved_models/ddpg_default_final
INFO:OptimizedDDPG:训练结果已保存到 results/plots
INFO:OptimizedDDPG:环境初始化，状态维度=17，动作维度=59
INFO:OptimizedDDPG:训练参数：50个用户，3个UAV，场景：default
WARNING:absl:At this time, the v2.11+ optimizer `tf.keras.optimizers.Adam` runs slowly on M1/M2 Macs, please use the legacy Keras optimizer instead, located at `tf.keras.optimizers.legacy.Adam`.
WARNING:absl:At this time, the v2.11+ optimizer `tf.keras.optimizers.Adam` runs slowly on M1/M2 Macs, please use the legacy Keras optimizer instead, located at `tf.keras.optimizers.legacy.Adam`.
INFO:OptimizedDDPG:开始预填充经验回放缓冲区 (5000 步)...
INFO:OptimizedDDPG:开始训练 5000 个回合...
INFO:OptimizedDDPG:回合 1/5000 - 奖励: -0.17, 延迟: 70.9559s, 能耗: 0.0000J, 成功率: 52.0%, 步数: 1, 时间: 0.1s
INFO:tensorflow:Assets written to: results/saved_models/ddpg_default_best_actor_saved_model/assets
INFO:tensorflow:Assets written to: results/saved_models/ddpg_default_best_critic_saved_model/assets
INFO:OptimizedDDPG:发现更好的模型 (奖励: -0.17)，已保存到 results/saved_models/ddpg_default_best
INFO:OptimizedDDPG:回合 10/5000 - 奖励: -0.17, 延迟: 70.9559s, 能耗: 0.0000J, 成功率: 52.0%, 步数: 1, 时间: 0.1s
INFO:OptimizedDDPG:回合 20/5000 - 奖励: -0.17, 延迟: 70.9559s, 能耗: 0.0000J, 成功率: 52.0%, 步数: 1, 时间: 0.1s
INFO:OptimizedDDPG:回合 30/5000 - 奖励: -0.17, 延迟: 70.9559s, 能耗: 0.0000J, 成功率: 52.0%, 步数: 1, 时间: 0.1s
INFO:OptimizedDDPG:回合 40/5000 - 奖励: -0.17, 延迟: 70.9559s, 能耗: 0.0000J, 成功率: 52.0%, 步数: 1, 时间: 0.1s
INFO:OptimizedDDPG:回合 50/5000 - 奖励: -0.17, 延迟: 70.9559s, 能耗: 0.0000J, 成功率: 52.0%, 步数: 1, 时间: 0.1s
INFO:OptimizedDDPG:回合 60/5000 - 奖励: -0.17, 延迟: 70.9559s, 能耗: 0.0000J, 成功率: 52.0%, 步数: 1, 时间: 0.1s
INFO:OptimizedDDPG:回合 70/5000 - 奖励: -0.17, 延迟: 70.9559s, 能耗: 0.0000J, 成功率: 52.0%, 步数: 1, 时间: 0.1s
INFO:OptimizedDDPG:回合 80/5000 - 奖励: -0.17, 延迟: 70.9559s, 能耗: 0.0000J, 成功率: 52.0%, 步数: 1, 时间: 0.1s
INFO:OptimizedDDPG:回合 90/5000 - 奖励: -0.17, 延迟: 70.9559s, 能耗: 0.0000J, 成功率: 52.0%, 步数: 1, 时间: 0.1s
INFO:OptimizedDDPG:回合 100/5000 - 奖励: -0.17, 延迟: 70.9559s, 能耗: 0.0000J, 成功率: 52.0%, 步数: 1, 时间: 0.1s
INFO:tensorflow:Assets written to: results/saved_models/ddpg_default_ep100_actor_saved_model/assets
INFO:tensorflow:Assets written to: results/saved_models/ddpg_default_ep100_critic_saved_model/assets
INFO:OptimizedDDPG:检查点已保存到 results/saved_models/ddpg_default_ep100
INFO:OptimizedDDPG:回合 110/5000 - 奖励: -0.17, 延迟: 70.9559s, 能耗: 0.0000J, 成功率: 52.0%, 步数: 1, 时间: 0.1s
INFO:OptimizedDDPG:回合 120/5000 - 奖励: -0.17, 延迟: 70.9559s, 能耗: 0.0000J, 成功率: 52.0%, 步数: 1, 时间: 0.1s
INFO:OptimizedDDPG:回合 130/5000 - 奖励: -0.17, 延迟: 70.9559s, 能耗: 0.0000J, 成功率: 52.0%, 步数: 1, 时间: 0.1s
INFO:OptimizedDDPG:回合 140/5000 - 奖励: -0.17, 延迟: 70.9559s, 能耗: 0.0000J, 成功率: 52.0%, 步数: 1, 时间: 0.1s
INFO:OptimizedDDPG:回合 150/5000 - 奖励: -0.17, 延迟: 70.9559s, 能耗: 0.0000J, 成功率: 52.0%, 步数: 1, 时间: 0.1s
INFO:OptimizedDDPG:回合 160/5000 - 奖励: -0.17, 延迟: 70.9559s, 能耗: 0.0000J, 成功率: 52.0%, 步数: 1, 时间: 0.1s
INFO:OptimizedDDPG:回合 170/5000 - 奖励: -0.17, 延迟: 70.9559s, 能耗: 0.0000J, 成功率: 52.0%, 步数: 1, 时间: 0.1s
INFO:OptimizedDDPG:回合 180/5000 - 奖励: -0.17, 延迟: 70.9559s, 能耗: 0.0000J, 成功率: 52.0%, 步数: 1, 时间: 0.1s
INFO:OptimizedDDPG:回合 190/5000 - 奖励: -0.17, 延迟: 70.9559s, 能耗: 0.0000J, 成功率: 52.0%, 步数: 1, 时间: 0.1s
INFO:OptimizedDDPG:回合 200/5000 - 奖励: -0.17, 延迟: 70.9559s, 能耗: 0.0000J, 成功率: 52.0%, 步数: 1, 时间: 0.1s
INFO:tensorflow:Assets written to: results/saved_models/ddpg_default_ep200_actor_saved_model/assets
INFO:tensorflow:Assets written to: results/saved_models/ddpg_default_ep200_critic_saved_model/assets
INFO:OptimizedDDPG:检查点已保存到 results/saved_models/ddpg_default_ep200
INFO:OptimizedDDPG:回合 210/5000 - 奖励: -0.17, 延迟: 70.9559s, 能耗: 0.0000J, 成功率: 52.0%, 步数: 1, 时间: 0.1s
INFO:OptimizedDDPG:回合 220/5000 - 奖励: -0.17, 延迟: 70.9559s, 能耗: 0.0000J, 成功率: 52.0%, 步数: 1, 时间: 0.1s
INFO:OptimizedDDPG:回合 230/5000 - 奖励: -0.17, 延迟: 70.9559s, 能耗: 0.0000J, 成功率: 52.0%, 步数: 1, 时间: 0.1s
INFO:OptimizedDDPG:回合 240/5000 - 奖励: -0.17, 延迟: 70.9559s, 能耗: 0.0000J, 成功率: 52.0%, 步数: 1, 时间: 0.1s
INFO:OptimizedDDPG:回合 250/5000 - 奖励: -0.17, 延迟: 70.9559s, 能耗: 0.0000J, 成功率: 52.0%, 步数: 1, 时间: 0.1s
INFO:OptimizedDDPG:回合 260/5000 - 奖励: -0.17, 延迟: 70.9559s, 能耗: 0.0000J, 成功率: 52.0%, 步数: 1, 时间: 0.1s
INFO:OptimizedDDPG:回合 270/5000 - 奖励: -0.17, 延迟: 70.9559s, 能耗: 0.0000J, 成功率: 52.0%, 步数: 1, 时间: 0.1s
INFO:OptimizedDDPG:回合 280/5000 - 奖励: -0.17, 延迟: 70.9559s, 能耗: 0.0000J, 成功率: 52.0%, 步数: 1, 时间: 0.1s
INFO:OptimizedDDPG:回合 290/5000 - 奖励: -0.17, 延迟: 70.9559s, 能耗: 0.0000J, 成功率: 52.0%, 步数: 1, 时间: 0.1s
INFO:OptimizedDDPG:回合 300/5000 - 奖励: -0.17, 延迟: 70.9559s, 能耗: 0.0000J, 成功率: 52.0%, 步数: 1, 时间: 0.1s
INFO:tensorflow:Assets written to: results/saved_models/ddpg_default_ep300_actor_saved_model/assets
INFO:tensorflow:Assets written to: results/saved_models/ddpg_default_ep300_critic_saved_model/assets
INFO:OptimizedDDPG:检查点已保存到 results/saved_models/ddpg_default_ep300
INFO:OptimizedDDPG:回合 310/5000 - 奖励: -0.17, 延迟: 70.9559s, 能耗: 0.0000J, 成功率: 52.0%, 步数: 1, 时间: 0.1s
INFO:OptimizedDDPG:回合 320/5000 - 奖励: -0.17, 延迟: 70.9559s, 能耗: 0.0000J, 成功率: 52.0%, 步数: 1, 时间: 0.1s
INFO:OptimizedDDPG:回合 330/5000 - 奖励: -0.17, 延迟: 70.9559s, 能耗: 0.0000J, 成功率: 52.0%, 步数: 1, 时间: 0.1s
INFO:OptimizedDDPG:回合 340/5000 - 奖励: -0.17, 延迟: 70.9559s, 能耗: 0.0000J, 成功率: 52.0%, 步数: 1, 时间: 0.1s
INFO:OptimizedDDPG:回合 350/5000 - 奖励: -0.17, 延迟: 70.9559s, 能耗: 0.0000J, 成功率: 52.0%, 步数: 1, 时间: 0.1s
INFO:OptimizedDDPG:回合 360/5000 - 奖励: -0.17, 延迟: 70.9559s, 能耗: 0.0000J, 成功率: 52.0%, 步数: 1, 时间: 0.1s
INFO:OptimizedDDPG:回合 370/5000 - 奖励: -0.17, 延迟: 70.9559s, 能耗: 0.0000J, 成功率: 52.0%, 步数: 1, 时间: 0.1s
INFO:OptimizedDDPG:回合 380/5000 - 奖励: -0.17, 延迟: 70.9559s, 能耗: 0.0000J, 成功率: 52.0%, 步数: 1, 时间: 0.1s
INFO:OptimizedDDPG:回合 390/5000 - 奖励: -0.17, 延迟: 70.9559s, 能耗: 0.0000J, 成功率: 52.0%, 步数: 1, 时间: 0.1s
INFO:OptimizedDDPG:回合 400/5000 - 奖励: -0.17, 延迟: 70.9559s, 能耗: 0.0000J, 成功率: 52.0%, 步数: 1, 时间: 0.1s
INFO:tensorflow:Assets written to: results/saved_models/ddpg_default_ep400_actor_saved_model/assets
INFO:tensorflow:Assets written to: results/saved_models/ddpg_default_ep400_critic_saved_model/assets
INFO:OptimizedDDPG:检查点已保存到 results/saved_models/ddpg_default_ep400
INFO:OptimizedDDPG:回合 410/5000 - 奖励: -0.17, 延迟: 70.9559s, 能耗: 0.0000J, 成功率: 52.0%, 步数: 1, 时间: 0.1s
INFO:OptimizedDDPG:回合 420/5000 - 奖励: -0.17, 延迟: 70.9559s, 能耗: 0.0000J, 成功率: 52.0%, 步数: 1, 时间: 0.1s
INFO:OptimizedDDPG:回合 430/5000 - 奖励: -0.17, 延迟: 70.9559s, 能耗: 0.0000J, 成功率: 52.0%, 步数: 1, 时间: 0.1s
INFO:OptimizedDDPG:回合 440/5000 - 奖励: -0.17, 延迟: 70.9559s, 能耗: 0.0000J, 成功率: 52.0%, 步数: 1, 时间: 0.1s
INFO:OptimizedDDPG:回合 450/5000 - 奖励: -0.17, 延迟: 70.9559s, 能耗: 0.0000J, 成功率: 52.0%, 步数: 1, 时间: 0.1s
INFO:OptimizedDDPG:回合 460/5000 - 奖励: -0.17, 延迟: 70.9559s, 能耗: 0.0000J, 成功率: 52.0%, 步数: 1, 时间: 0.1s
INFO:OptimizedDDPG:回合 470/5000 - 奖励: -0.17, 延迟: 70.9559s, 能耗: 0.0000J, 成功率: 52.0%, 步数: 1, 时间: 0.1s
INFO:OptimizedDDPG:回合 480/5000 - 奖励: -0.17, 延迟: 70.9559s, 能耗: 0.0000J, 成功率: 52.0%, 步数: 1, 时间: 0.1s
INFO:OptimizedDDPG:回合 490/5000 - 奖励: -0.17, 延迟: 70.9559s, 能耗: 0.0000J, 成功率: 52.0%, 步数: 1, 时间: 0.1s
INFO:OptimizedDDPG:回合 500/5000 - 奖励: -0.17, 延迟: 70.9559s, 能耗: 0.0000J, 成功率: 52.0%, 步数: 1, 时间: 0.1s
INFO:tensorflow:Assets written to: results/saved_models/ddpg_default_ep500_actor_saved_model/assets
INFO:tensorflow:Assets written to: results/saved_models/ddpg_default_ep500_critic_saved_model/assets
INFO:OptimizedDDPG:检查点已保存到 results/saved_models/ddpg_default_ep500
INFO:OptimizedDDPG:回合 510/5000 - 奖励: -0.17, 延迟: 70.9559s, 能耗: 0.0000J, 成功率: 52.0%, 步数: 1, 时间: 0.1s
INFO:OptimizedDDPG:回合 520/5000 - 奖励: -0.17, 延迟: 70.9559s, 能耗: 0.0000J, 成功率: 52.0%, 步数: 1, 时间: 0.1s
INFO:OptimizedDDPG:回合 530/5000 - 奖励: -0.17, 延迟: 70.9559s, 能耗: 0.0000J, 成功率: 52.0%, 步数: 1, 时间: 0.1s
INFO:OptimizedDDPG:回合 540/5000 - 奖励: -0.17, 延迟: 70.9559s, 能耗: 0.0000J, 成功率: 52.0%, 步数: 1, 时间: 0.1s
INFO:OptimizedDDPG:回合 550/5000 - 奖励: -0.17, 延迟: 70.9559s, 能耗: 0.0000J, 成功率: 52.0%, 步数: 1, 时间: 0.1s
INFO:OptimizedDDPG:回合 560/5000 - 奖励: -0.17, 延迟: 70.4483s, 能耗: 0.0006J, 成功率: 52.0%, 步数: 1, 时间: 0.1s
INFO:OptimizedDDPG:回合 570/5000 - 奖励: -0.17, 延迟: 70.9559s, 能耗: 0.0000J, 成功率: 52.0%, 步数: 1, 时间: 0.1s
INFO:OptimizedDDPG:回合 580/5000 - 奖励: -0.17, 延迟: 70.9559s, 能耗: 0.0000J, 成功率: 52.0%, 步数: 1, 时间: 0.1s
INFO:OptimizedDDPG:回合 590/5000 - 奖励: -0.17, 延迟: 70.9559s, 能耗: 0.0000J, 成功率: 52.0%, 步数: 1, 时间: 0.1s
INFO:OptimizedDDPG:回合 600/5000 - 奖励: -0.17, 延迟: 70.9559s, 能耗: 0.0000J, 成功率: 52.0%, 步数: 1, 时间: 0.1s
INFO:tensorflow:Assets written to: results/saved_models/ddpg_default_ep600_actor_saved_model/assets
INFO:tensorflow:Assets written to: results/saved_models/ddpg_default_ep600_critic_saved_model/assets
INFO:OptimizedDDPG:检查点已保存到 results/saved_models/ddpg_default_ep600
INFO:OptimizedDDPG:回合 610/5000 - 奖励: -0.17, 延迟: 70.9559s, 能耗: 0.0000J, 成功率: 52.0%, 步数: 1, 时间: 0.1s
INFO:tensorflow:Assets written to: results/saved_models/ddpg_default_best_actor_saved_model/assets
INFO:tensorflow:Assets written to: results/saved_models/ddpg_default_best_critic_saved_model/assets
INFO:OptimizedDDPG:发现更好的模型 (奖励: -0.16)，已保存到 results/saved_models/ddpg_default_best
INFO:OptimizedDDPG:回合 620/5000 - 奖励: -0.17, 延迟: 70.9559s, 能耗: 0.0000J, 成功率: 52.0%, 步数: 1, 时间: 0.1s
INFO:OptimizedDDPG:回合 630/5000 - 奖励: -0.16, 延迟: 69.9357s, 能耗: 0.0013J, 成功率: 54.0%, 步数: 1, 时间: 0.1s
INFO:tensorflow:Assets written to: results/saved_models/ddpg_default_best_actor_saved_model/assets
INFO:tensorflow:Assets written to: results/saved_models/ddpg_default_best_critic_saved_model/assets
INFO:OptimizedDDPG:发现更好的模型 (奖励: -0.16)，已保存到 results/saved_models/ddpg_default_best
INFO:OptimizedDDPG:回合 640/5000 - 奖励: -0.17, 延迟: 70.9559s, 能耗: 0.0000J, 成功率: 52.0%, 步数: 1, 时间: 0.1s
INFO:OptimizedDDPG:回合 650/5000 - 奖励: -0.17, 延迟: 70.9559s, 能耗: 0.0000J, 成功率: 52.0%, 步数: 1, 时间: 0.1s
INFO:OptimizedDDPG:回合 660/5000 - 奖励: -0.17, 延迟: 70.2343s, 能耗: 0.0006J, 成功率: 52.0%, 步数: 1, 时间: 0.1s
INFO:OptimizedDDPG:回合 670/5000 - 奖励: -0.17, 延迟: 70.9559s, 能耗: 0.0000J, 成功率: 52.0%, 步数: 1, 时间: 0.1s
INFO:OptimizedDDPG:回合 680/5000 - 奖励: -0.17, 延迟: 70.9559s, 能耗: 0.0000J, 成功率: 52.0%, 步数: 1, 时间: 0.1s
INFO:OptimizedDDPG:回合 690/5000 - 奖励: -0.17, 延迟: 70.9559s, 能耗: 0.0000J, 成功率: 52.0%, 步数: 1, 时间: 0.1s
INFO:OptimizedDDPG:回合 700/5000 - 奖励: -0.17, 延迟: 70.9559s, 能耗: 0.0000J, 成功率: 52.0%, 步数: 1, 时间: 0.1s
INFO:tensorflow:Assets written to: results/saved_models/ddpg_default_ep700_actor_saved_model/assets
INFO:tensorflow:Assets written to: results/saved_models/ddpg_default_ep700_critic_saved_model/assets
INFO:OptimizedDDPG:检查点已保存到 results/saved_models/ddpg_default_ep700
INFO:OptimizedDDPG:回合 710/5000 - 奖励: -0.17, 延迟: 70.9559s, 能耗: 0.0000J, 成功率: 52.0%, 步数: 1, 时间: 0.1s
INFO:OptimizedDDPG:回合 720/5000 - 奖励: -0.17, 延迟: 70.9559s, 能耗: 0.0000J, 成功率: 52.0%, 步数: 1, 时间: 0.1s
INFO:OptimizedDDPG:回合 730/5000 - 奖励: -0.17, 延迟: 70.9559s, 能耗: 0.0000J, 成功率: 52.0%, 步数: 1, 时间: 0.1s
INFO:OptimizedDDPG:回合 740/5000 - 奖励: -0.17, 延迟: 70.9559s, 能耗: 0.0000J, 成功率: 52.0%, 步数: 1, 时间: 0.1s
INFO:OptimizedDDPG:回合 750/5000 - 奖励: -0.17, 延迟: 70.9559s, 能耗: 0.0000J, 成功率: 52.0%, 步数: 1, 时间: 0.1s
INFO:OptimizedDDPG:回合 760/5000 - 奖励: -0.17, 延迟: 70.9559s, 能耗: 0.0000J, 成功率: 52.0%, 步数: 1, 时间: 0.1s
INFO:OptimizedDDPG:回合 770/5000 - 奖励: -0.17, 延迟: 70.0434s, 能耗: 0.0034J, 成功率: 52.0%, 步数: 1, 时间: 0.1s
INFO:OptimizedDDPG:回合 780/5000 - 奖励: -0.17, 延迟: 70.9559s, 能耗: 0.0000J, 成功率: 52.0%, 步数: 1, 时间: 0.1s
INFO:OptimizedDDPG:回合 790/5000 - 奖励: -0.17, 延迟: 70.9559s, 能耗: 0.0000J, 成功率: 52.0%, 步数: 1, 时间: 0.1s
INFO:OptimizedDDPG:回合 800/5000 - 奖励: -0.17, 延迟: 70.9559s, 能耗: 0.0000J, 成功率: 52.0%, 步数: 1, 时间: 0.1s
INFO:tensorflow:Assets written to: results/saved_models/ddpg_default_ep800_actor_saved_model/assets
INFO:tensorflow:Assets written to: results/saved_models/ddpg_default_ep800_critic_saved_model/assets
INFO:OptimizedDDPG:检查点已保存到 results/saved_models/ddpg_default_ep800
INFO:OptimizedDDPG:回合 810/5000 - 奖励: -0.17, 延迟: 70.9559s, 能耗: 0.0000J, 成功率: 52.0%, 步数: 1, 时间: 0.1s
INFO:tensorflow:Assets written to: results/saved_models/ddpg_default_best_actor_saved_model/assets
INFO:tensorflow:Assets written to: results/saved_models/ddpg_default_best_critic_saved_model/assets
INFO:OptimizedDDPG:发现更好的模型 (奖励: -0.15)，已保存到 results/saved_models/ddpg_default_best
INFO:tensorflow:Assets written to: results/saved_models/ddpg_default_best_actor_saved_model/assets
INFO:tensorflow:Assets written to: results/saved_models/ddpg_default_best_critic_saved_model/assets
INFO:OptimizedDDPG:发现更好的模型 (奖励: -0.15)，已保存到 results/saved_models/ddpg_default_best
INFO:OptimizedDDPG:回合 820/5000 - 奖励: -0.17, 延迟: 70.9559s, 能耗: 0.0000J, 成功率: 52.0%, 步数: 1, 时间: 0.1s
INFO:OptimizedDDPG:回合 830/5000 - 奖励: -0.17, 延迟: 69.7693s, 能耗: 0.0019J, 成功率: 52.0%, 步数: 1, 时间: 0.1s
INFO:OptimizedDDPG:回合 840/5000 - 奖励: -0.17, 延迟: 69.9453s, 能耗: 0.0018J, 成功率: 52.0%, 步数: 1, 时间: 0.1s
INFO:OptimizedDDPG:回合 850/5000 - 奖励: -0.17, 延迟: 70.9559s, 能耗: 0.0000J, 成功率: 52.0%, 步数: 1, 时间: 0.1s
INFO:OptimizedDDPG:回合 860/5000 - 奖励: -0.17, 延迟: 70.9559s, 能耗: 0.0000J, 成功率: 52.0%, 步数: 1, 时间: 0.1s
INFO:OptimizedDDPG:回合 870/5000 - 奖励: -0.17, 延迟: 70.9559s, 能耗: 0.0000J, 成功率: 52.0%, 步数: 1, 时间: 0.1s
INFO:OptimizedDDPG:回合 880/5000 - 奖励: -0.17, 延迟: 70.9559s, 能耗: 0.0000J, 成功率: 52.0%, 步数: 1, 时间: 0.1s
INFO:OptimizedDDPG:回合 890/5000 - 奖励: -0.17, 延迟: 70.9559s, 能耗: 0.0000J, 成功率: 52.0%, 步数: 1, 时间: 0.1s
INFO:OptimizedDDPG:回合 900/5000 - 奖励: -0.17, 延迟: 70.9559s, 能耗: 0.0000J, 成功率: 52.0%, 步数: 1, 时间: 0.1s
INFO:tensorflow:Assets written to: results/saved_models/ddpg_default_ep900_actor_saved_model/assets
INFO:tensorflow:Assets written to: results/saved_models/ddpg_default_ep900_critic_saved_model/assets
INFO:OptimizedDDPG:检查点已保存到 results/saved_models/ddpg_default_ep900
INFO:OptimizedDDPG:回合 910/5000 - 奖励: -0.17, 延迟: 70.9559s, 能耗: 0.0000J, 成功率: 52.0%, 步数: 1, 时间: 0.1s
INFO:OptimizedDDPG:回合 920/5000 - 奖励: -0.17, 延迟: 70.9559s, 能耗: 0.0000J, 成功率: 52.0%, 步数: 1, 时间: 0.1s
INFO:OptimizedDDPG:回合 930/5000 - 奖励: -0.17, 延迟: 70.9559s, 能耗: 0.0000J, 成功率: 52.0%, 步数: 1, 时间: 0.1s
INFO:OptimizedDDPG:回合 940/5000 - 奖励: -0.17, 延迟: 70.9559s, 能耗: 0.0000J, 成功率: 52.0%, 步数: 1, 时间: 0.1s
INFO:OptimizedDDPG:回合 950/5000 - 奖励: -0.17, 延迟: 70.9559s, 能耗: 0.0000J, 成功率: 52.0%, 步数: 1, 时间: 0.1s
INFO:OptimizedDDPG:回合 960/5000 - 奖励: -0.17, 延迟: 70.9559s, 能耗: 0.0000J, 成功率: 52.0%, 步数: 1, 时间: 0.1s
INFO:OptimizedDDPG:回合 970/5000 - 奖励: -0.17, 延迟: 70.9559s, 能耗: 0.0000J, 成功率: 52.0%, 步数: 1, 时间: 0.1s
INFO:OptimizedDDPG:回合 980/5000 - 奖励: -0.17, 延迟: 70.9559s, 能耗: 0.0000J, 成功率: 52.0%, 步数: 1, 时间: 0.1s
INFO:OptimizedDDPG:回合 990/5000 - 奖励: -0.15, 延迟: 66.5681s, 能耗: 0.0073J, 成功率: 56.0%, 步数: 1, 时间: 0.1s
INFO:OptimizedDDPG:回合 1000/5000 - 奖励: -0.15, 延迟: 66.6443s, 能耗: 0.0053J, 成功率: 56.0%, 步数: 1, 时间: 0.1s
INFO:tensorflow:Assets written to: results/saved_models/ddpg_default_ep1000_actor_saved_model/assets
INFO:tensorflow:Assets written to: results/saved_models/ddpg_default_ep1000_critic_saved_model/assets
INFO:OptimizedDDPG:检查点已保存到 results/saved_models/ddpg_default_ep1000
INFO:OptimizedDDPG:回合 1010/5000 - 奖励: -0.15, 延迟: 66.1340s, 能耗: 0.0053J, 成功率: 58.0%, 步数: 1, 时间: 0.1s
INFO:tensorflow:Assets written to: results/saved_models/ddpg_default_best_actor_saved_model/assets
INFO:tensorflow:Assets written to: results/saved_models/ddpg_default_best_critic_saved_model/assets
INFO:OptimizedDDPG:发现更好的模型 (奖励: -0.15)，已保存到 results/saved_models/ddpg_default_best
INFO:OptimizedDDPG:回合 1020/5000 - 奖励: -0.17, 延迟: 70.9559s, 能耗: 0.0000J, 成功率: 52.0%, 步数: 1, 时间: 0.1s
INFO:OptimizedDDPG:回合 1030/5000 - 奖励: -0.16, 延迟: 68.9417s, 能耗: 0.0004J, 成功率: 54.0%, 步数: 1, 时间: 0.1s
INFO:OptimizedDDPG:回合 1040/5000 - 奖励: -0.17, 延迟: 70.9559s, 能耗: 0.0000J, 成功率: 52.0%, 步数: 1, 时间: 0.1s
INFO:OptimizedDDPG:回合 1050/5000 - 奖励: -0.16, 延迟: 69.2390s, 能耗: 0.0018J, 成功率: 54.0%, 步数: 1, 时间: 0.1s
INFO:OptimizedDDPG:回合 1060/5000 - 奖励: -0.17, 延迟: 70.9559s, 能耗: 0.0000J, 成功率: 52.0%, 步数: 1, 时间: 0.1s
INFO:OptimizedDDPG:回合 1070/5000 - 奖励: -0.17, 延迟: 70.5865s, 能耗: 0.0015J, 成功率: 52.0%, 步数: 1, 时间: 0.1s
INFO:OptimizedDDPG:回合 1080/5000 - 奖励: -0.17, 延迟: 70.9559s, 能耗: 0.0000J, 成功率: 52.0%, 步数: 1, 时间: 0.1s
INFO:OptimizedDDPG:回合 1090/5000 - 奖励: -0.17, 延迟: 70.9559s, 能耗: 0.0000J, 成功率: 52.0%, 步数: 1, 时间: 0.1s
INFO:OptimizedDDPG:回合 1100/5000 - 奖励: -0.17, 延迟: 69.6666s, 能耗: 0.0042J, 成功率: 52.0%, 步数: 1, 时间: 0.1s
INFO:tensorflow:Assets written to: results/saved_models/ddpg_default_ep1100_actor_saved_model/assets
INFO:tensorflow:Assets written to: results/saved_models/ddpg_default_ep1100_critic_saved_model/assets
INFO:OptimizedDDPG:检查点已保存到 results/saved_models/ddpg_default_ep1100
INFO:OptimizedDDPG:回合 1110/5000 - 奖励: -0.15, 延迟: 68.1484s, 能耗: 0.0049J, 成功率: 56.0%, 步数: 1, 时间: 0.1s
INFO:OptimizedDDPG:回合 1120/5000 - 奖励: -0.17, 延迟: 70.9559s, 能耗: 0.0000J, 成功率: 52.0%, 步数: 1, 时间: 0.1s
INFO:OptimizedDDPG:回合 1130/5000 - 奖励: -0.17, 延迟: 70.9559s, 能耗: 0.0000J, 成功率: 52.0%, 步数: 1, 时间: 0.1s
INFO:OptimizedDDPG:回合 1140/5000 - 奖励: -0.17, 延迟: 70.9559s, 能耗: 0.0000J, 成功率: 52.0%, 步数: 1, 时间: 0.1s
INFO:tensorflow:Assets written to: results/saved_models/ddpg_default_best_actor_saved_model/assets
INFO:tensorflow:Assets written to: results/saved_models/ddpg_default_best_critic_saved_model/assets
INFO:OptimizedDDPG:发现更好的模型 (奖励: -0.14)，已保存到 results/saved_models/ddpg_default_best
INFO:OptimizedDDPG:回合 1150/5000 - 奖励: -0.17, 延迟: 70.9559s, 能耗: 0.0000J, 成功率: 52.0%, 步数: 1, 时间: 0.1s
INFO:OptimizedDDPG:回合 1160/5000 - 奖励: -0.15, 延迟: 61.6445s, 能耗: 0.0067J, 成功率: 58.0%, 步数: 1, 时间: 0.1s
INFO:OptimizedDDPG:回合 1170/5000 - 奖励: -0.17, 延迟: 70.9559s, 能耗: 0.0000J, 成功率: 52.0%, 步数: 1, 时间: 0.1s
INFO:tensorflow:Assets written to: results/saved_models/ddpg_default_best_actor_saved_model/assets
INFO:tensorflow:Assets written to: results/saved_models/ddpg_default_best_critic_saved_model/assets
INFO:OptimizedDDPG:发现更好的模型 (奖励: -0.13)，已保存到 results/saved_models/ddpg_default_best
INFO:OptimizedDDPG:回合 1180/5000 - 奖励: -0.17, 延迟: 70.9559s, 能耗: 0.0000J, 成功率: 52.0%, 步数: 1, 时间: 0.1s
INFO:tensorflow:Assets written to: results/saved_models/ddpg_default_best_actor_saved_model/assets
INFO:tensorflow:Assets written to: results/saved_models/ddpg_default_best_critic_saved_model/assets
INFO:OptimizedDDPG:发现更好的模型 (奖励: -0.13)，已保存到 results/saved_models/ddpg_default_best
INFO:OptimizedDDPG:回合 1190/5000 - 奖励: -0.15, 延迟: 64.5090s, 能耗: 0.0049J, 成功率: 56.0%, 步数: 1, 时间: 0.1s
INFO:OptimizedDDPG:回合 1200/5000 - 奖励: -0.17, 延迟: 70.9559s, 能耗: 0.0000J, 成功率: 52.0%, 步数: 1, 时间: 0.1s
INFO:tensorflow:Assets written to: results/saved_models/ddpg_default_ep1200_actor_saved_model/assets
INFO:tensorflow:Assets written to: results/saved_models/ddpg_default_ep1200_critic_saved_model/assets
INFO:OptimizedDDPG:检查点已保存到 results/saved_models/ddpg_default_ep1200
INFO:OptimizedDDPG:回合 1210/5000 - 奖励: -0.17, 延迟: 70.9559s, 能耗: 0.0000J, 成功率: 52.0%, 步数: 1, 时间: 0.1s
INFO:OptimizedDDPG:回合 1220/5000 - 奖励: -0.16, 延迟: 68.6494s, 能耗: 0.0031J, 成功率: 54.0%, 步数: 1, 时间: 0.1s
INFO:OptimizedDDPG:回合 1230/5000 - 奖励: -0.17, 延迟: 70.9559s, 能耗: 0.0000J, 成功率: 52.0%, 步数: 1, 时间: 0.1s
INFO:OptimizedDDPG:回合 1240/5000 - 奖励: -0.17, 延迟: 70.9559s, 能耗: 0.0000J, 成功率: 52.0%, 步数: 1, 时间: 0.1s
INFO:OptimizedDDPG:回合 1250/5000 - 奖励: -0.15, 延迟: 67.2809s, 能耗: 0.0030J, 成功率: 56.0%, 步数: 1, 时间: 0.1s
INFO:OptimizedDDPG:回合 1260/5000 - 奖励: -0.17, 延迟: 69.5397s, 能耗: 0.0044J, 成功率: 52.0%, 步数: 1, 时间: 0.1s
INFO:OptimizedDDPG:回合 1270/5000 - 奖励: -0.15, 延迟: 62.5651s, 能耗: 0.0047J, 成功率: 58.0%, 步数: 1, 时间: 0.1s
INFO:OptimizedDDPG:回合 1280/5000 - 奖励: -0.17, 延迟: 70.3094s, 能耗: 0.0013J, 成功率: 52.0%, 步数: 1, 时间: 0.1s
INFO:OptimizedDDPG:回合 1290/5000 - 奖励: -0.16, 延迟: 68.6182s, 能耗: 0.0029J, 成功率: 54.0%, 步数: 1, 时间: 0.1s
INFO:OptimizedDDPG:回合 1300/5000 - 奖励: -0.15, 延迟: 67.5120s, 能耗: 0.0019J, 成功率: 56.0%, 步数: 1, 时间: 0.1s
INFO:tensorflow:Assets written to: results/saved_models/ddpg_default_ep1300_actor_saved_model/assets
INFO:tensorflow:Assets written to: results/saved_models/ddpg_default_ep1300_critic_saved_model/assets
INFO:OptimizedDDPG:检查点已保存到 results/saved_models/ddpg_default_ep1300
INFO:OptimizedDDPG:回合 1310/5000 - 奖励: -0.17, 延迟: 70.9559s, 能耗: 0.0000J, 成功率: 52.0%, 步数: 1, 时间: 0.1s
INFO:OptimizedDDPG:回合 1320/5000 - 奖励: -0.16, 延迟: 68.9037s, 能耗: 0.0012J, 成功率: 54.0%, 步数: 1, 时间: 0.1s
INFO:OptimizedDDPG:回合 1330/5000 - 奖励: -0.15, 延迟: 66.3584s, 能耗: 0.0054J, 成功率: 56.0%, 步数: 1, 时间: 0.1s
INFO:OptimizedDDPG:回合 1340/5000 - 奖励: -0.17, 延迟: 70.9559s, 能耗: 0.0000J, 成功率: 52.0%, 步数: 1, 时间: 0.1s
INFO:OptimizedDDPG:回合 1350/5000 - 奖励: -0.17, 延迟: 70.9559s, 能耗: 0.0000J, 成功率: 52.0%, 步数: 1, 时间: 0.1s
INFO:OptimizedDDPG:回合 1360/5000 - 奖励: -0.17, 延迟: 70.9559s, 能耗: 0.0000J, 成功率: 52.0%, 步数: 1, 时间: 0.1s
INFO:OptimizedDDPG:回合 1370/5000 - 奖励: -0.17, 延迟: 70.9559s, 能耗: 0.0000J, 成功率: 52.0%, 步数: 1, 时间: 0.1s
INFO:OptimizedDDPG:回合 1380/5000 - 奖励: -0.16, 延迟: 69.5622s, 能耗: 0.0004J, 成功率: 54.0%, 步数: 1, 时间: 0.1s
INFO:OptimizedDDPG:回合 1390/5000 - 奖励: -0.15, 延迟: 67.5469s, 能耗: 0.0029J, 成功率: 56.0%, 步数: 1, 时间: 0.1s
INFO:OptimizedDDPG:回合 1400/5000 - 奖励: -0.15, 延迟: 68.2658s, 能耗: 0.0040J, 成功率: 56.0%, 步数: 1, 时间: 0.1s
INFO:tensorflow:Assets written to: results/saved_models/ddpg_default_ep1400_actor_saved_model/assets
INFO:tensorflow:Assets written to: results/saved_models/ddpg_default_ep1400_critic_saved_model/assets
INFO:OptimizedDDPG:检查点已保存到 results/saved_models/ddpg_default_ep1400
INFO:OptimizedDDPG:回合 1410/5000 - 奖励: -0.17, 延迟: 70.9559s, 能耗: 0.0000J, 成功率: 52.0%, 步数: 1, 时间: 0.1s
INFO:OptimizedDDPG:回合 1420/5000 - 奖励: -0.16, 延迟: 69.3350s, 能耗: 0.0019J, 成功率: 54.0%, 步数: 1, 时间: 0.1s
INFO:OptimizedDDPG:回合 1430/5000 - 奖励: -0.17, 延迟: 70.9559s, 能耗: 0.0000J, 成功率: 52.0%, 步数: 1, 时间: 0.1s
INFO:OptimizedDDPG:回合 1440/5000 - 奖励: -0.15, 延迟: 67.5657s, 能耗: 0.0059J, 成功率: 58.0%, 步数: 1, 时间: 0.1s
INFO:OptimizedDDPG:回合 1450/5000 - 奖励: -0.17, 延迟: 70.9559s, 能耗: 0.0000J, 成功率: 52.0%, 步数: 1, 时间: 0.1s
INFO:OptimizedDDPG:回合 1460/5000 - 奖励: -0.16, 延迟: 68.9019s, 能耗: 0.0011J, 成功率: 54.0%, 步数: 1, 时间: 0.1s
INFO:OptimizedDDPG:回合 1470/5000 - 奖励: -0.16, 延迟: 69.9141s, 能耗: 0.0012J, 成功率: 54.0%, 步数: 1, 时间: 0.1s
INFO:OptimizedDDPG:回合 1480/5000 - 奖励: -0.17, 延迟: 70.9559s, 能耗: 0.0000J, 成功率: 52.0%, 步数: 1, 时间: 0.1s
INFO:tensorflow:Assets written to: results/saved_models/ddpg_default_best_actor_saved_model/assets
INFO:tensorflow:Assets written to: results/saved_models/ddpg_default_best_critic_saved_model/assets
INFO:OptimizedDDPG:发现更好的模型 (奖励: -0.13)，已保存到 results/saved_models/ddpg_default_best
INFO:OptimizedDDPG:回合 1490/5000 - 奖励: -0.17, 延迟: 70.9559s, 能耗: 0.0000J, 成功率: 52.0%, 步数: 1, 时间: 0.1s
INFO:OptimizedDDPG:回合 1500/5000 - 奖励: -0.17, 延迟: 70.9559s, 能耗: 0.0000J, 成功率: 52.0%, 步数: 1, 时间: 0.1s
INFO:tensorflow:Assets written to: results/saved_models/ddpg_default_ep1500_actor_saved_model/assets
INFO:tensorflow:Assets written to: results/saved_models/ddpg_default_ep1500_critic_saved_model/assets
INFO:OptimizedDDPG:检查点已保存到 results/saved_models/ddpg_default_ep1500
INFO:OptimizedDDPG:回合 1510/5000 - 奖励: -0.17, 延迟: 70.9559s, 能耗: 0.0000J, 成功率: 52.0%, 步数: 1, 时间: 0.1s
INFO:OptimizedDDPG:回合 1520/5000 - 奖励: -0.17, 延迟: 70.9559s, 能耗: 0.0000J, 成功率: 52.0%, 步数: 1, 时间: 0.1s
INFO:OptimizedDDPG:回合 1530/5000 - 奖励: -0.17, 延迟: 70.9559s, 能耗: 0.0000J, 成功率: 52.0%, 步数: 1, 时间: 0.1s
INFO:OptimizedDDPG:回合 1540/5000 - 奖励: -0.16, 延迟: 69.3324s, 能耗: 0.0016J, 成功率: 54.0%, 步数: 1, 时间: 0.1s
INFO:OptimizedDDPG:回合 1550/5000 - 奖励: -0.15, 延迟: 67.0112s, 能耗: 0.0047J, 成功率: 58.0%, 步数: 1, 时间: 0.1s
INFO:OptimizedDDPG:回合 1560/5000 - 奖励: -0.17, 延迟: 70.9559s, 能耗: 0.0000J, 成功率: 52.0%, 步数: 1, 时间: 0.1s
INFO:OptimizedDDPG:回合 1570/5000 - 奖励: -0.16, 延迟: 67.5775s, 能耗: 0.0042J, 成功率: 54.0%, 步数: 1, 时间: 0.1s
INFO:OptimizedDDPG:回合 1580/5000 - 奖励: -0.14, 延迟: 65.8356s, 能耗: 0.0066J, 成功率: 60.0%, 步数: 1, 时间: 0.1s
INFO:OptimizedDDPG:回合 1590/5000 - 奖励: -0.17, 延迟: 70.9559s, 能耗: 0.0000J, 成功率: 52.0%, 步数: 1, 时间: 0.1s
INFO:OptimizedDDPG:回合 1600/5000 - 奖励: -0.15, 延迟: 65.4303s, 能耗: 0.0067J, 成功率: 56.0%, 步数: 1, 时间: 0.1s
INFO:tensorflow:Assets written to: results/saved_models/ddpg_default_ep1600_actor_saved_model/assets
INFO:tensorflow:Assets written to: results/saved_models/ddpg_default_ep1600_critic_saved_model/assets
INFO:OptimizedDDPG:检查点已保存到 results/saved_models/ddpg_default_ep1600
INFO:OptimizedDDPG:回合 1610/5000 - 奖励: -0.15, 延迟: 66.5655s, 能耗: 0.0035J, 成功率: 58.0%, 步数: 1, 时间: 0.1s
INFO:OptimizedDDPG:回合 1620/5000 - 奖励: -0.15, 延迟: 68.0991s, 能耗: 0.0043J, 成功率: 56.0%, 步数: 1, 时间: 0.1s
INFO:OptimizedDDPG:回合 1630/5000 - 奖励: -0.17, 延迟: 70.9559s, 能耗: 0.0000J, 成功率: 52.0%, 步数: 1, 时间: 0.1s
INFO:OptimizedDDPG:回合 1640/5000 - 奖励: -0.17, 延迟: 70.9559s, 能耗: 0.0000J, 成功率: 52.0%, 步数: 1, 时间: 0.1s
INFO:OptimizedDDPG:回合 1650/5000 - 奖励: -0.17, 延迟: 70.9559s, 能耗: 0.0000J, 成功率: 52.0%, 步数: 1, 时间: 0.1s
INFO:OptimizedDDPG:回合 1660/5000 - 奖励: -0.17, 延迟: 70.9559s, 能耗: 0.0000J, 成功率: 52.0%, 步数: 1, 时间: 0.1s
INFO:OptimizedDDPG:回合 1670/5000 - 奖励: -0.16, 延迟: 68.9207s, 能耗: 0.0061J, 成功率: 54.0%, 步数: 1, 时间: 0.1s
INFO:OptimizedDDPG:回合 1680/5000 - 奖励: -0.17, 延迟: 70.9559s, 能耗: 0.0000J, 成功率: 52.0%, 步数: 1, 时间: 0.1s
INFO:OptimizedDDPG:回合 1690/5000 - 奖励: -0.17, 延迟: 70.9559s, 能耗: 0.0000J, 成功率: 52.0%, 步数: 1, 时间: 0.1s
INFO:OptimizedDDPG:回合 1700/5000 - 奖励: -0.17, 延迟: 70.9559s, 能耗: 0.0000J, 成功率: 52.0%, 步数: 1, 时间: 0.1s
INFO:tensorflow:Assets written to: results/saved_models/ddpg_default_ep1700_actor_saved_model/assets
INFO:tensorflow:Assets written to: results/saved_models/ddpg_default_ep1700_critic_saved_model/assets
INFO:OptimizedDDPG:检查点已保存到 results/saved_models/ddpg_default_ep1700
INFO:OptimizedDDPG:回合 1710/5000 - 奖励: -0.16, 延迟: 66.4819s, 能耗: 0.0049J, 成功率: 54.0%, 步数: 1, 时间: 0.1s
INFO:OptimizedDDPG:回合 1720/5000 - 奖励: -0.17, 延迟: 70.9559s, 能耗: 0.0000J, 成功率: 52.0%, 步数: 1, 时间: 0.1s
INFO:OptimizedDDPG:回合 1730/5000 - 奖励: -0.15, 延迟: 62.4931s, 能耗: 0.0078J, 成功率: 58.0%, 步数: 1, 时间: 0.1s
INFO:OptimizedDDPG:回合 1740/5000 - 奖励: -0.17, 延迟: 70.9559s, 能耗: 0.0000J, 成功率: 52.0%, 步数: 1, 时间: 0.1s
INFO:OptimizedDDPG:回合 1750/5000 - 奖励: -0.15, 延迟: 65.9611s, 能耗: 0.0059J, 成功率: 56.0%, 步数: 1, 时间: 0.1s
INFO:OptimizedDDPG:回合 1760/5000 - 奖励: -0.17, 延迟: 70.9559s, 能耗: 0.0000J, 成功率: 52.0%, 步数: 1, 时间: 0.1s
INFO:OptimizedDDPG:回合 1770/5000 - 奖励: -0.17, 延迟: 70.9559s, 能耗: 0.0000J, 成功率: 52.0%, 步数: 1, 时间: 0.1s
INFO:OptimizedDDPG:回合 1780/5000 - 奖励: -0.17, 延迟: 70.9559s, 能耗: 0.0000J, 成功率: 52.0%, 步数: 1, 时间: 0.1s
INFO:OptimizedDDPG:回合 1790/5000 - 奖励: -0.17, 延迟: 70.9559s, 能耗: 0.0000J, 成功率: 52.0%, 步数: 1, 时间: 0.1s
INFO:OptimizedDDPG:回合 1800/5000 - 奖励: -0.15, 延迟: 67.3035s, 能耗: 0.0084J, 成功率: 56.0%, 步数: 1, 时间: 0.1s
INFO:tensorflow:Assets written to: results/saved_models/ddpg_default_ep1800_actor_saved_model/assets
INFO:tensorflow:Assets written to: results/saved_models/ddpg_default_ep1800_critic_saved_model/assets
INFO:OptimizedDDPG:检查点已保存到 results/saved_models/ddpg_default_ep1800
INFO:OptimizedDDPG:回合 1810/5000 - 奖励: -0.17, 延迟: 70.9559s, 能耗: 0.0000J, 成功率: 52.0%, 步数: 1, 时间: 0.1s
INFO:OptimizedDDPG:回合 1820/5000 - 奖励: -0.17, 延迟: 70.9559s, 能耗: 0.0000J, 成功率: 52.0%, 步数: 1, 时间: 0.1s
INFO:OptimizedDDPG:回合 1830/5000 - 奖励: -0.17, 延迟: 70.9559s, 能耗: 0.0000J, 成功率: 52.0%, 步数: 1, 时间: 0.1s
INFO:OptimizedDDPG:回合 1840/5000 - 奖励: -0.14, 延迟: 62.3831s, 能耗: 0.0107J, 成功率: 60.0%, 步数: 1, 时间: 0.1s
INFO:OptimizedDDPG:回合 1850/5000 - 奖励: -0.15, 延迟: 65.9033s, 能耗: 0.0051J, 成功率: 56.0%, 步数: 1, 时间: 0.1s
INFO:OptimizedDDPG:回合 1860/5000 - 奖励: -0.17, 延迟: 70.9559s, 能耗: 0.0000J, 成功率: 52.0%, 步数: 1, 时间: 0.1s
INFO:OptimizedDDPG:回合 1870/5000 - 奖励: -0.17, 延迟: 70.9559s, 能耗: 0.0000J, 成功率: 52.0%, 步数: 1, 时间: 0.1s
INFO:OptimizedDDPG:回合 1880/5000 - 奖励: -0.15, 延迟: 65.4305s, 能耗: 0.0075J, 成功率: 56.0%, 步数: 1, 时间: 0.1s
INFO:OptimizedDDPG:回合 1890/5000 - 奖励: -0.15, 延迟: 67.0175s, 能耗: 0.0053J, 成功率: 58.0%, 步数: 1, 时间: 0.1s
INFO:OptimizedDDPG:回合 1900/5000 - 奖励: -0.17, 延迟: 70.9559s, 能耗: 0.0000J, 成功率: 52.0%, 步数: 1, 时间: 0.1s
INFO:tensorflow:Assets written to: results/saved_models/ddpg_default_ep1900_actor_saved_model/assets
INFO:tensorflow:Assets written to: results/saved_models/ddpg_default_ep1900_critic_saved_model/assets
INFO:OptimizedDDPG:检查点已保存到 results/saved_models/ddpg_default_ep1900
INFO:OptimizedDDPG:回合 1910/5000 - 奖励: -0.15, 延迟: 66.2526s, 能耗: 0.0086J, 成功率: 56.0%, 步数: 1, 时间: 0.1s
INFO:OptimizedDDPG:回合 1920/5000 - 奖励: -0.16, 延迟: 68.3922s, 能耗: 0.0032J, 成功率: 54.0%, 步数: 1, 时间: 0.1s
INFO:OptimizedDDPG:回合 1930/5000 - 奖励: -0.17, 延迟: 70.9559s, 能耗: 0.0000J, 成功率: 52.0%, 步数: 1, 时间: 0.1s
INFO:OptimizedDDPG:回合 1940/5000 - 奖励: -0.15, 延迟: 63.2607s, 能耗: 0.0107J, 成功率: 58.0%, 步数: 1, 时间: 0.1s
INFO:OptimizedDDPG:回合 1950/5000 - 奖励: -0.17, 延迟: 70.9559s, 能耗: 0.0000J, 成功率: 52.0%, 步数: 1, 时间: 0.1s
INFO:OptimizedDDPG:回合 1960/5000 - 奖励: -0.17, 延迟: 70.9559s, 能耗: 0.0000J, 成功率: 52.0%, 步数: 1, 时间: 0.1s
INFO:OptimizedDDPG:回合 1970/5000 - 奖励: -0.15, 延迟: 63.4560s, 能耗: 0.0069J, 成功率: 58.0%, 步数: 1, 时间: 0.1s
INFO:OptimizedDDPG:回合 1980/5000 - 奖励: -0.15, 延迟: 65.9658s, 能耗: 0.0071J, 成功率: 56.0%, 步数: 1, 时间: 0.1s
INFO:OptimizedDDPG:回合 1990/5000 - 奖励: -0.15, 延迟: 65.8154s, 能耗: 0.0045J, 成功率: 56.0%, 步数: 1, 时间: 0.1s
INFO:OptimizedDDPG:回合 2000/5000 - 奖励: -0.17, 延迟: 70.9559s, 能耗: 0.0000J, 成功率: 52.0%, 步数: 1, 时间: 0.1s
INFO:tensorflow:Assets written to: results/saved_models/ddpg_default_ep2000_actor_saved_model/assets
INFO:tensorflow:Assets written to: results/saved_models/ddpg_default_ep2000_critic_saved_model/assets
INFO:OptimizedDDPG:检查点已保存到 results/saved_models/ddpg_default_ep2000
INFO:OptimizedDDPG:回合 2010/5000 - 奖励: -0.17, 延迟: 70.9559s, 能耗: 0.0000J, 成功率: 52.0%, 步数: 1, 时间: 0.1s
INFO:OptimizedDDPG:回合 2020/5000 - 奖励: -0.17, 延迟: 70.9559s, 能耗: 0.0000J, 成功率: 52.0%, 步数: 1, 时间: 0.1s
INFO:OptimizedDDPG:回合 2030/5000 - 奖励: -0.15, 延迟: 62.6531s, 能耗: 0.0096J, 成功率: 58.0%, 步数: 1, 时间: 0.1s
INFO:OptimizedDDPG:回合 2040/5000 - 奖励: -0.13, 延迟: 61.4154s, 能耗: 0.0094J, 成功率: 62.0%, 步数: 1, 时间: 0.1s
INFO:OptimizedDDPG:回合 2050/5000 - 奖励: -0.15, 延迟: 65.5065s, 能耗: 0.0063J, 成功率: 58.0%, 步数: 1, 时间: 0.1s
INFO:OptimizedDDPG:回合 2060/5000 - 奖励: -0.14, 延迟: 62.9057s, 能耗: 0.0100J, 成功率: 60.0%, 步数: 1, 时间: 0.1s
INFO:OptimizedDDPG:回合 2070/5000 - 奖励: -0.17, 延迟: 70.9559s, 能耗: 0.0000J, 成功率: 52.0%, 步数: 1, 时间: 0.1s
INFO:OptimizedDDPG:回合 2080/5000 - 奖励: -0.17, 延迟: 70.9559s, 能耗: 0.0000J, 成功率: 52.0%, 步数: 1, 时间: 0.1s
INFO:OptimizedDDPG:回合 2090/5000 - 奖励: -0.17, 延迟: 70.9559s, 能耗: 0.0000J, 成功率: 52.0%, 步数: 1, 时间: 0.1s
INFO:OptimizedDDPG:回合 2100/5000 - 奖励: -0.15, 延迟: 64.7238s, 能耗: 0.0088J, 成功率: 58.0%, 步数: 1, 时间: 0.1s
INFO:tensorflow:Assets written to: results/saved_models/ddpg_default_ep2100_actor_saved_model/assets
INFO:tensorflow:Assets written to: results/saved_models/ddpg_default_ep2100_critic_saved_model/assets
INFO:OptimizedDDPG:检查点已保存到 results/saved_models/ddpg_default_ep2100
INFO:OptimizedDDPG:回合 2110/5000 - 奖励: -0.15, 延迟: 66.0756s, 能耗: 0.0054J, 成功率: 56.0%, 步数: 1, 时间: 0.1s
INFO:OptimizedDDPG:回合 2120/5000 - 奖励: -0.15, 延迟: 63.9471s, 能耗: 0.0090J, 成功率: 56.0%, 步数: 1, 时间: 0.1s
INFO:OptimizedDDPG:回合 2130/5000 - 奖励: -0.17, 延迟: 70.9559s, 能耗: 0.0000J, 成功率: 52.0%, 步数: 1, 时间: 0.1s
INFO:OptimizedDDPG:回合 2140/5000 - 奖励: -0.13, 延迟: 60.2950s, 能耗: 0.0098J, 成功率: 62.0%, 步数: 1, 时间: 0.1s
INFO:OptimizedDDPG:回合 2150/5000 - 奖励: -0.17, 延迟: 70.9559s, 能耗: 0.0000J, 成功率: 52.0%, 步数: 1, 时间: 0.1s
INFO:OptimizedDDPG:回合 2160/5000 - 奖励: -0.17, 延迟: 70.9559s, 能耗: 0.0000J, 成功率: 52.0%, 步数: 1, 时间: 0.1s
INFO:tensorflow:Assets written to: results/saved_models/ddpg_default_best_actor_saved_model/assets
INFO:tensorflow:Assets written to: results/saved_models/ddpg_default_best_critic_saved_model/assets
INFO:OptimizedDDPG:发现更好的模型 (奖励: -0.12)，已保存到 results/saved_models/ddpg_default_best
INFO:OptimizedDDPG:回合 2170/5000 - 奖励: -0.17, 延迟: 70.9559s, 能耗: 0.0000J, 成功率: 52.0%, 步数: 1, 时间: 0.1s
INFO:OptimizedDDPG:回合 2180/5000 - 奖励: -0.14, 延迟: 63.5962s, 能耗: 0.0118J, 成功率: 60.0%, 步数: 1, 时间: 0.1s
INFO:OptimizedDDPG:回合 2190/5000 - 奖励: -0.17, 延迟: 70.9559s, 能耗: 0.0000J, 成功率: 52.0%, 步数: 1, 时间: 0.1s
INFO:OptimizedDDPG:回合 2200/5000 - 奖励: -0.17, 延迟: 70.9559s, 能耗: 0.0000J, 成功率: 52.0%, 步数: 1, 时间: 0.1s
INFO:tensorflow:Assets written to: results/saved_models/ddpg_default_ep2200_actor_saved_model/assets
INFO:tensorflow:Assets written to: results/saved_models/ddpg_default_ep2200_critic_saved_model/assets
INFO:OptimizedDDPG:检查点已保存到 results/saved_models/ddpg_default_ep2200
INFO:OptimizedDDPG:回合 2210/5000 - 奖励: -0.15, 延迟: 67.9115s, 能耗: 0.0049J, 成功率: 56.0%, 步数: 1, 时间: 0.1s
INFO:OptimizedDDPG:回合 2220/5000 - 奖励: -0.15, 延迟: 67.7273s, 能耗: 0.0078J, 成功率: 56.0%, 步数: 1, 时间: 0.1s
INFO:OptimizedDDPG:回合 2230/5000 - 奖励: -0.17, 延迟: 70.9559s, 能耗: 0.0000J, 成功率: 52.0%, 步数: 1, 时间: 0.1s
INFO:OptimizedDDPG:回合 2240/5000 - 奖励: -0.17, 延迟: 70.9559s, 能耗: 0.0000J, 成功率: 52.0%, 步数: 1, 时间: 0.1s
INFO:OptimizedDDPG:回合 2250/5000 - 奖励: -0.17, 延迟: 70.9559s, 能耗: 0.0000J, 成功率: 52.0%, 步数: 1, 时间: 0.1s
INFO:OptimizedDDPG:回合 2260/5000 - 奖励: -0.16, 延迟: 67.1689s, 能耗: 0.0091J, 成功率: 54.0%, 步数: 1, 时间: 0.1s
INFO:OptimizedDDPG:回合 2270/5000 - 奖励: -0.17, 延迟: 70.9559s, 能耗: 0.0000J, 成功率: 52.0%, 步数: 1, 时间: 0.1s
INFO:OptimizedDDPG:回合 2280/5000 - 奖励: -0.15, 延迟: 65.0031s, 能耗: 0.0080J, 成功率: 58.0%, 步数: 1, 时间: 0.1s
INFO:OptimizedDDPG:回合 2290/5000 - 奖励: -0.15, 延迟: 66.4170s, 能耗: 0.0075J, 成功率: 58.0%, 步数: 1, 时间: 0.1s
INFO:OptimizedDDPG:回合 2300/5000 - 奖励: -0.13, 延迟: 60.7069s, 能耗: 0.0084J, 成功率: 62.0%, 步数: 1, 时间: 0.1s
INFO:tensorflow:Assets written to: results/saved_models/ddpg_default_ep2300_actor_saved_model/assets
INFO:tensorflow:Assets written to: results/saved_models/ddpg_default_ep2300_critic_saved_model/assets
INFO:OptimizedDDPG:检查点已保存到 results/saved_models/ddpg_default_ep2300
INFO:OptimizedDDPG:回合 2310/5000 - 奖励: -0.15, 延迟: 62.5531s, 能耗: 0.0121J, 成功率: 58.0%, 步数: 1, 时间: 0.1s
INFO:OptimizedDDPG:回合 2320/5000 - 奖励: -0.15, 延迟: 63.3594s, 能耗: 0.0063J, 成功率: 58.0%, 步数: 1, 时间: 0.1s
INFO:OptimizedDDPG:回合 2330/5000 - 奖励: -0.17, 延迟: 70.9559s, 能耗: 0.0000J, 成功率: 52.0%, 步数: 1, 时间: 0.1s
INFO:OptimizedDDPG:回合 2340/5000 - 奖励: -0.14, 延迟: 62.5779s, 能耗: 0.0121J, 成功率: 60.0%, 步数: 1, 时间: 0.1s
INFO:OptimizedDDPG:回合 2350/5000 - 奖励: -0.15, 延迟: 64.3855s, 能耗: 0.0075J, 成功率: 56.0%, 步数: 1, 时间: 0.1s
INFO:OptimizedDDPG:回合 2360/5000 - 奖励: -0.17, 延迟: 70.9559s, 能耗: 0.0000J, 成功率: 52.0%, 步数: 1, 时间: 0.1s
INFO:OptimizedDDPG:回合 2370/5000 - 奖励: -0.17, 延迟: 70.9559s, 能耗: 0.0000J, 成功率: 52.0%, 步数: 1, 时间: 0.1s
INFO:OptimizedDDPG:回合 2380/5000 - 奖励: -0.17, 延迟: 69.2279s, 能耗: 0.0064J, 成功率: 52.0%, 步数: 1, 时间: 0.1s
INFO:OptimizedDDPG:回合 2390/5000 - 奖励: -0.17, 延迟: 70.9559s, 能耗: 0.0000J, 成功率: 52.0%, 步数: 1, 时间: 0.1s
INFO:OptimizedDDPG:回合 2400/5000 - 奖励: -0.15, 延迟: 68.1016s, 能耗: 0.0038J, 成功率: 56.0%, 步数: 1, 时间: 0.1s
INFO:tensorflow:Assets written to: results/saved_models/ddpg_default_ep2400_actor_saved_model/assets
INFO:tensorflow:Assets written to: results/saved_models/ddpg_default_ep2400_critic_saved_model/assets
INFO:OptimizedDDPG:检查点已保存到 results/saved_models/ddpg_default_ep2400
INFO:OptimizedDDPG:回合 2410/5000 - 奖励: -0.15, 延迟: 65.3214s, 能耗: 0.0080J, 成功率: 58.0%, 步数: 1, 时间: 0.1s
INFO:OptimizedDDPG:回合 2420/5000 - 奖励: -0.17, 延迟: 70.9559s, 能耗: 0.0000J, 成功率: 52.0%, 步数: 1, 时间: 0.1s
INFO:OptimizedDDPG:回合 2430/5000 - 奖励: -0.14, 延迟: 61.2964s, 能耗: 0.0091J, 成功率: 60.0%, 步数: 1, 时间: 0.1s
INFO:OptimizedDDPG:回合 2440/5000 - 奖励: -0.15, 延迟: 65.3907s, 能耗: 0.0115J, 成功率: 58.0%, 步数: 1, 时间: 0.1s
INFO:OptimizedDDPG:回合 2450/5000 - 奖励: -0.17, 延迟: 70.9559s, 能耗: 0.0000J, 成功率: 52.0%, 步数: 1, 时间: 0.1s
INFO:OptimizedDDPG:回合 2460/5000 - 奖励: -0.15, 延迟: 66.0186s, 能耗: 0.0086J, 成功率: 56.0%, 步数: 1, 时间: 0.1s
INFO:OptimizedDDPG:回合 2470/5000 - 奖励: -0.17, 延迟: 70.9559s, 能耗: 0.0000J, 成功率: 52.0%, 步数: 1, 时间: 0.1s
INFO:OptimizedDDPG:回合 2480/5000 - 奖励: -0.17, 延迟: 70.9559s, 能耗: 0.0000J, 成功率: 52.0%, 步数: 1, 时间: 0.1s
INFO:OptimizedDDPG:回合 2490/5000 - 奖励: -0.17, 延迟: 70.9559s, 能耗: 0.0000J, 成功率: 52.0%, 步数: 1, 时间: 0.1s
INFO:tensorflow:Assets written to: results/saved_models/ddpg_default_best_actor_saved_model/assets
INFO:tensorflow:Assets written to: results/saved_models/ddpg_default_best_critic_saved_model/assets
INFO:OptimizedDDPG:发现更好的模型 (奖励: -0.12)，已保存到 results/saved_models/ddpg_default_best
INFO:OptimizedDDPG:回合 2500/5000 - 奖励: -0.17, 延迟: 70.9559s, 能耗: 0.0000J, 成功率: 52.0%, 步数: 1, 时间: 0.1s
INFO:tensorflow:Assets written to: results/saved_models/ddpg_default_ep2500_actor_saved_model/assets
INFO:tensorflow:Assets written to: results/saved_models/ddpg_default_ep2500_critic_saved_model/assets
INFO:OptimizedDDPG:检查点已保存到 results/saved_models/ddpg_default_ep2500
INFO:OptimizedDDPG:回合 2510/5000 - 奖励: -0.15, 延迟: 65.3659s, 能耗: 0.0115J, 成功率: 58.0%, 步数: 1, 时间: 0.1s
INFO:OptimizedDDPG:回合 2520/5000 - 奖励: -0.17, 延迟: 70.9559s, 能耗: 0.0000J, 成功率: 52.0%, 步数: 1, 时间: 0.1s
INFO:OptimizedDDPG:回合 2530/5000 - 奖励: -0.15, 延迟: 63.5038s, 能耗: 0.0091J, 成功率: 58.0%, 步数: 1, 时间: 0.1s
INFO:OptimizedDDPG:回合 2540/5000 - 奖励: -0.17, 延迟: 70.9559s, 能耗: 0.0000J, 成功率: 52.0%, 步数: 1, 时间: 0.1s
INFO:OptimizedDDPG:回合 2550/5000 - 奖励: -0.17, 延迟: 70.9559s, 能耗: 0.0000J, 成功率: 52.0%, 步数: 1, 时间: 0.1s
INFO:OptimizedDDPG:回合 2560/5000 - 奖励: -0.13, 延迟: 60.7743s, 能耗: 0.0127J, 成功率: 62.0%, 步数: 1, 时间: 0.1s
INFO:OptimizedDDPG:回合 2570/5000 - 奖励: -0.14, 延迟: 63.1735s, 能耗: 0.0113J, 成功率: 60.0%, 步数: 1, 时间: 0.1s
INFO:OptimizedDDPG:回合 2580/5000 - 奖励: -0.13, 延迟: 62.7000s, 能耗: 0.0097J, 成功率: 62.0%, 步数: 1, 时间: 0.1s
INFO:OptimizedDDPG:回合 2590/5000 - 奖励: -0.15, 延迟: 63.6437s, 能耗: 0.0106J, 成功率: 58.0%, 步数: 1, 时间: 0.1s
INFO:OptimizedDDPG:回合 2600/5000 - 奖励: -0.17, 延迟: 70.9559s, 能耗: 0.0000J, 成功率: 52.0%, 步数: 1, 时间: 0.1s
INFO:tensorflow:Assets written to: results/saved_models/ddpg_default_ep2600_actor_saved_model/assets
INFO:tensorflow:Assets written to: results/saved_models/ddpg_default_ep2600_critic_saved_model/assets
INFO:OptimizedDDPG:检查点已保存到 results/saved_models/ddpg_default_ep2600
INFO:OptimizedDDPG:回合 2610/5000 - 奖励: -0.13, 延迟: 61.7772s, 能耗: 0.0113J, 成功率: 62.0%, 步数: 1, 时间: 0.1s
INFO:OptimizedDDPG:回合 2620/5000 - 奖励: -0.17, 延迟: 70.9559s, 能耗: 0.0000J, 成功率: 52.0%, 步数: 1, 时间: 0.1s
INFO:OptimizedDDPG:回合 2630/5000 - 奖励: -0.17, 延迟: 70.9559s, 能耗: 0.0000J, 成功率: 52.0%, 步数: 1, 时间: 0.1s
INFO:OptimizedDDPG:回合 2640/5000 - 奖励: -0.17, 延迟: 70.9559s, 能耗: 0.0000J, 成功率: 52.0%, 步数: 1, 时间: 0.1s
INFO:OptimizedDDPG:回合 2650/5000 - 奖励: -0.17, 延迟: 70.9559s, 能耗: 0.0000J, 成功率: 52.0%, 步数: 1, 时间: 0.1s
INFO:OptimizedDDPG:回合 2660/5000 - 奖励: -0.17, 延迟: 70.9559s, 能耗: 0.0000J, 成功率: 52.0%, 步数: 1, 时间: 0.1s
INFO:OptimizedDDPG:回合 2670/5000 - 奖励: -0.14, 延迟: 63.1803s, 能耗: 0.0096J, 成功率: 60.0%, 步数: 1, 时间: 0.1s
INFO:OptimizedDDPG:回合 2680/5000 - 奖励: -0.13, 延迟: 60.1544s, 能耗: 0.0090J, 成功率: 62.0%, 步数: 1, 时间: 0.1s
INFO:OptimizedDDPG:回合 2690/5000 - 奖励: -0.17, 延迟: 70.9559s, 能耗: 0.0000J, 成功率: 52.0%, 步数: 1, 时间: 0.1s
INFO:OptimizedDDPG:回合 2700/5000 - 奖励: -0.13, 延迟: 60.7179s, 能耗: 0.0118J, 成功率: 62.0%, 步数: 1, 时间: 0.1s
INFO:tensorflow:Assets written to: results/saved_models/ddpg_default_ep2700_actor_saved_model/assets
INFO:tensorflow:Assets written to: results/saved_models/ddpg_default_ep2700_critic_saved_model/assets
INFO:OptimizedDDPG:检查点已保存到 results/saved_models/ddpg_default_ep2700
INFO:OptimizedDDPG:回合 2710/5000 - 奖励: -0.17, 延迟: 70.9559s, 能耗: 0.0000J, 成功率: 52.0%, 步数: 1, 时间: 0.1s
INFO:OptimizedDDPG:回合 2720/5000 - 奖励: -0.14, 延迟: 66.2378s, 能耗: 0.0082J, 成功率: 60.0%, 步数: 1, 时间: 0.1s
INFO:OptimizedDDPG:回合 2730/5000 - 奖励: -0.17, 延迟: 70.9559s, 能耗: 0.0000J, 成功率: 52.0%, 步数: 1, 时间: 0.1s
INFO:OptimizedDDPG:回合 2740/5000 - 奖励: -0.15, 延迟: 67.9348s, 能耗: 0.0042J, 成功率: 56.0%, 步数: 1, 时间: 0.1s
INFO:OptimizedDDPG:回合 2750/5000 - 奖励: -0.14, 延迟: 64.0477s, 能耗: 0.0087J, 成功率: 60.0%, 步数: 1, 时间: 0.1s
INFO:OptimizedDDPG:回合 2760/5000 - 奖励: -0.17, 延迟: 70.9559s, 能耗: 0.0000J, 成功率: 52.0%, 步数: 1, 时间: 0.1s
INFO:OptimizedDDPG:回合 2770/5000 - 奖励: -0.15, 延迟: 67.6985s, 能耗: 0.0046J, 成功率: 56.0%, 步数: 1, 时间: 0.1s
INFO:OptimizedDDPG:回合 2780/5000 - 奖励: -0.17, 延迟: 70.9559s, 能耗: 0.0000J, 成功率: 52.0%, 步数: 1, 时间: 0.1s
INFO:OptimizedDDPG:回合 2790/5000 - 奖励: -0.17, 延迟: 70.9559s, 能耗: 0.0000J, 成功率: 52.0%, 步数: 1, 时间: 0.1s
INFO:OptimizedDDPG:回合 2800/5000 - 奖励: -0.17, 延迟: 70.9559s, 能耗: 0.0000J, 成功率: 52.0%, 步数: 1, 时间: 0.1s
INFO:tensorflow:Assets written to: results/saved_models/ddpg_default_ep2800_actor_saved_model/assets
INFO:tensorflow:Assets written to: results/saved_models/ddpg_default_ep2800_critic_saved_model/assets
INFO:OptimizedDDPG:检查点已保存到 results/saved_models/ddpg_default_ep2800
INFO:OptimizedDDPG:回合 2810/5000 - 奖励: -0.13, 延迟: 61.8521s, 能耗: 0.0104J, 成功率: 62.0%, 步数: 1, 时间: 0.1s
INFO:tensorflow:Assets written to: results/saved_models/ddpg_default_best_actor_saved_model/assets
INFO:tensorflow:Assets written to: results/saved_models/ddpg_default_best_critic_saved_model/assets
INFO:OptimizedDDPG:发现更好的模型 (奖励: -0.12)，已保存到 results/saved_models/ddpg_default_best
INFO:OptimizedDDPG:回合 2820/5000 - 奖励: -0.17, 延迟: 70.9559s, 能耗: 0.0000J, 成功率: 52.0%, 步数: 1, 时间: 0.1s
INFO:OptimizedDDPG:回合 2830/5000 - 奖励: -0.12, 延迟: 59.3551s, 能耗: 0.0116J, 成功率: 66.0%, 步数: 1, 时间: 0.1s
INFO:OptimizedDDPG:回合 2840/5000 - 奖励: -0.17, 延迟: 70.9559s, 能耗: 0.0000J, 成功率: 52.0%, 步数: 1, 时间: 0.1s
INFO:OptimizedDDPG:回合 2850/5000 - 奖励: -0.17, 延迟: 70.9559s, 能耗: 0.0000J, 成功率: 52.0%, 步数: 1, 时间: 0.1s
INFO:OptimizedDDPG:回合 2860/5000 - 奖励: -0.14, 延迟: 64.8510s, 能耗: 0.0092J, 成功率: 60.0%, 步数: 1, 时间: 0.1s
INFO:OptimizedDDPG:回合 2870/5000 - 奖励: -0.17, 延迟: 70.9559s, 能耗: 0.0000J, 成功率: 52.0%, 步数: 1, 时间: 0.1s
INFO:OptimizedDDPG:回合 2880/5000 - 奖励: -0.15, 延迟: 66.2074s, 能耗: 0.0062J, 成功率: 58.0%, 步数: 1, 时间: 0.1s
INFO:OptimizedDDPG:回合 2890/5000 - 奖励: -0.17, 延迟: 70.9559s, 能耗: 0.0000J, 成功率: 52.0%, 步数: 1, 时间: 0.1s
INFO:OptimizedDDPG:回合 2900/5000 - 奖励: -0.17, 延迟: 70.9559s, 能耗: 0.0000J, 成功率: 52.0%, 步数: 1, 时间: 0.1s
INFO:tensorflow:Assets written to: results/saved_models/ddpg_default_ep2900_actor_saved_model/assets
INFO:tensorflow:Assets written to: results/saved_models/ddpg_default_ep2900_critic_saved_model/assets
INFO:OptimizedDDPG:检查点已保存到 results/saved_models/ddpg_default_ep2900
INFO:tensorflow:Assets written to: results/saved_models/ddpg_default_best_actor_saved_model/assets
INFO:tensorflow:Assets written to: results/saved_models/ddpg_default_best_critic_saved_model/assets
INFO:OptimizedDDPG:发现更好的模型 (奖励: -0.11)，已保存到 results/saved_models/ddpg_default_best
INFO:OptimizedDDPG:回合 2910/5000 - 奖励: -0.17, 延迟: 70.9559s, 能耗: 0.0000J, 成功率: 52.0%, 步数: 1, 时间: 0.1s
INFO:OptimizedDDPG:回合 2920/5000 - 奖励: -0.17, 延迟: 70.9559s, 能耗: 0.0000J, 成功率: 52.0%, 步数: 1, 时间: 0.1s
INFO:OptimizedDDPG:回合 2930/5000 - 奖励: -0.15, 延迟: 65.1722s, 能耗: 0.0087J, 成功率: 58.0%, 步数: 1, 时间: 0.1s
INFO:OptimizedDDPG:回合 2940/5000 - 奖励: -0.14, 延迟: 62.6379s, 能耗: 0.0065J, 成功率: 60.0%, 步数: 1, 时间: 0.1s
INFO:OptimizedDDPG:回合 2950/5000 - 奖励: -0.14, 延迟: 61.4640s, 能耗: 0.0077J, 成功率: 60.0%, 步数: 1, 时间: 0.1s
INFO:OptimizedDDPG:回合 2960/5000 - 奖励: -0.15, 延迟: 63.7300s, 能耗: 0.0101J, 成功率: 58.0%, 步数: 1, 时间: 0.1s
INFO:OptimizedDDPG:回合 2970/5000 - 奖励: -0.17, 延迟: 70.9559s, 能耗: 0.0000J, 成功率: 52.0%, 步数: 1, 时间: 0.1s
INFO:OptimizedDDPG:回合 2980/5000 - 奖励: -0.17, 延迟: 70.9559s, 能耗: 0.0000J, 成功率: 52.0%, 步数: 1, 时间: 0.1s
INFO:OptimizedDDPG:回合 2990/5000 - 奖励: -0.17, 延迟: 70.9559s, 能耗: 0.0000J, 成功率: 52.0%, 步数: 1, 时间: 0.1s
INFO:tensorflow:Assets written to: results/saved_models/ddpg_default_best_actor_saved_model/assets
INFO:tensorflow:Assets written to: results/saved_models/ddpg_default_best_critic_saved_model/assets
INFO:OptimizedDDPG:发现更好的模型 (奖励: -0.11)，已保存到 results/saved_models/ddpg_default_best
INFO:OptimizedDDPG:回合 3000/5000 - 奖励: -0.17, 延迟: 70.9559s, 能耗: 0.0000J, 成功率: 52.0%, 步数: 1, 时间: 0.1s
INFO:tensorflow:Assets written to: results/saved_models/ddpg_default_ep3000_actor_saved_model/assets
INFO:tensorflow:Assets written to: results/saved_models/ddpg_default_ep3000_critic_saved_model/assets
INFO:OptimizedDDPG:检查点已保存到 results/saved_models/ddpg_default_ep3000
INFO:OptimizedDDPG:回合 3010/5000 - 奖励: -0.15, 延迟: 66.6997s, 能耗: 0.0042J, 成功率: 56.0%, 步数: 1, 时间: 0.1s
INFO:OptimizedDDPG:回合 3020/5000 - 奖励: -0.13, 延迟: 61.3379s, 能耗: 0.0105J, 成功率: 62.0%, 步数: 1, 时间: 0.1s
INFO:OptimizedDDPG:回合 3030/5000 - 奖励: -0.15, 延迟: 65.8686s, 能耗: 0.0044J, 成功率: 58.0%, 步数: 1, 时间: 0.1s
INFO:OptimizedDDPG:回合 3040/5000 - 奖励: -0.17, 延迟: 70.9559s, 能耗: 0.0000J, 成功率: 52.0%, 步数: 1, 时间: 0.1s
INFO:OptimizedDDPG:回合 3050/5000 - 奖励: -0.17, 延迟: 70.9559s, 能耗: 0.0000J, 成功率: 52.0%, 步数: 1, 时间: 0.1s
INFO:OptimizedDDPG:回合 3060/5000 - 奖励: -0.13, 延迟: 60.9065s, 能耗: 0.0104J, 成功率: 64.0%, 步数: 1, 时间: 0.1s
INFO:OptimizedDDPG:回合 3070/5000 - 奖励: -0.17, 延迟: 70.9559s, 能耗: 0.0000J, 成功率: 52.0%, 步数: 1, 时间: 0.1s
INFO:OptimizedDDPG:回合 3080/5000 - 奖励: -0.15, 延迟: 64.8949s, 能耗: 0.0054J, 成功率: 58.0%, 步数: 1, 时间: 0.1s
INFO:OptimizedDDPG:回合 3090/5000 - 奖励: -0.15, 延迟: 65.6374s, 能耗: 0.0047J, 成功率: 58.0%, 步数: 1, 时间: 0.1s
INFO:OptimizedDDPG:回合 3100/5000 - 奖励: -0.13, 延迟: 59.3371s, 能耗: 0.0132J, 成功率: 64.0%, 步数: 1, 时间: 0.1s
INFO:tensorflow:Assets written to: results/saved_models/ddpg_default_ep3100_actor_saved_model/assets
INFO:tensorflow:Assets written to: results/saved_models/ddpg_default_ep3100_critic_saved_model/assets
INFO:OptimizedDDPG:检查点已保存到 results/saved_models/ddpg_default_ep3100
INFO:OptimizedDDPG:回合 3110/5000 - 奖励: -0.13, 延迟: 60.8060s, 能耗: 0.0100J, 成功率: 62.0%, 步数: 1, 时间: 0.1s
INFO:tensorflow:Assets written to: results/saved_models/ddpg_default_best_actor_saved_model/assets
INFO:tensorflow:Assets written to: results/saved_models/ddpg_default_best_critic_saved_model/assets
INFO:OptimizedDDPG:发现更好的模型 (奖励: -0.11)，已保存到 results/saved_models/ddpg_default_best
INFO:OptimizedDDPG:回合 3120/5000 - 奖励: -0.13, 延迟: 61.0771s, 能耗: 0.0099J, 成功率: 64.0%, 步数: 1, 时间: 0.1s
INFO:OptimizedDDPG:回合 3130/5000 - 奖励: -0.17, 延迟: 70.9559s, 能耗: 0.0000J, 成功率: 52.0%, 步数: 1, 时间: 0.1s
INFO:OptimizedDDPG:回合 3140/5000 - 奖励: -0.17, 延迟: 70.9559s, 能耗: 0.0000J, 成功率: 52.0%, 步数: 1, 时间: 0.1s
INFO:OptimizedDDPG:回合 3150/5000 - 奖励: -0.17, 延迟: 70.9559s, 能耗: 0.0000J, 成功率: 52.0%, 步数: 1, 时间: 0.1s
INFO:OptimizedDDPG:回合 3160/5000 - 奖励: -0.13, 延迟: 58.2851s, 能耗: 0.0138J, 成功率: 64.0%, 步数: 1, 时间: 0.1s
INFO:OptimizedDDPG:回合 3170/5000 - 奖励: -0.15, 延迟: 64.8319s, 能耗: 0.0048J, 成功率: 58.0%, 步数: 1, 时间: 0.1s
INFO:OptimizedDDPG:回合 3180/5000 - 奖励: -0.15, 延迟: 67.0662s, 能耗: 0.0069J, 成功率: 56.0%, 步数: 1, 时间: 0.1s
INFO:tensorflow:Assets written to: results/saved_models/ddpg_default_best_actor_saved_model/assets
INFO:tensorflow:Assets written to: results/saved_models/ddpg_default_best_critic_saved_model/assets
INFO:OptimizedDDPG:发现更好的模型 (奖励: -0.11)，已保存到 results/saved_models/ddpg_default_best
INFO:OptimizedDDPG:回合 3190/5000 - 奖励: -0.13, 延迟: 59.7610s, 能耗: 0.0125J, 成功率: 64.0%, 步数: 1, 时间: 0.1s
INFO:OptimizedDDPG:回合 3200/5000 - 奖励: -0.13, 延迟: 57.3252s, 能耗: 0.0180J, 成功率: 64.0%, 步数: 1, 时间: 0.1s
INFO:tensorflow:Assets written to: results/saved_models/ddpg_default_ep3200_actor_saved_model/assets
INFO:tensorflow:Assets written to: results/saved_models/ddpg_default_ep3200_critic_saved_model/assets
INFO:OptimizedDDPG:检查点已保存到 results/saved_models/ddpg_default_ep3200
INFO:OptimizedDDPG:回合 3210/5000 - 奖励: -0.13, 延迟: 60.4321s, 能耗: 0.0142J, 成功率: 62.0%, 步数: 1, 时间: 0.1s
INFO:OptimizedDDPG:回合 3220/5000 - 奖励: -0.17, 延迟: 70.9559s, 能耗: 0.0000J, 成功率: 52.0%, 步数: 1, 时间: 0.1s
INFO:OptimizedDDPG:回合 3230/5000 - 奖励: -0.17, 延迟: 70.9559s, 能耗: 0.0000J, 成功率: 52.0%, 步数: 1, 时间: 0.1s
INFO:OptimizedDDPG:回合 3240/5000 - 奖励: -0.17, 延迟: 70.9559s, 能耗: 0.0000J, 成功率: 52.0%, 步数: 1, 时间: 0.1s
INFO:OptimizedDDPG:回合 3250/5000 - 奖励: -0.17, 延迟: 70.9559s, 能耗: 0.0000J, 成功率: 52.0%, 步数: 1, 时间: 0.1s
INFO:OptimizedDDPG:回合 3260/5000 - 奖励: -0.17, 延迟: 70.9559s, 能耗: 0.0000J, 成功率: 52.0%, 步数: 1, 时间: 0.1s
INFO:OptimizedDDPG:回合 3270/5000 - 奖励: -0.17, 延迟: 70.9559s, 能耗: 0.0000J, 成功率: 52.0%, 步数: 1, 时间: 0.1s
INFO:OptimizedDDPG:回合 3280/5000 - 奖励: -0.17, 延迟: 70.9559s, 能耗: 0.0000J, 成功率: 52.0%, 步数: 1, 时间: 0.1s
INFO:OptimizedDDPG:回合 3290/5000 - 奖励: -0.17, 延迟: 70.9559s, 能耗: 0.0000J, 成功率: 52.0%, 步数: 1, 时间: 0.1s
INFO:OptimizedDDPG:回合 3300/5000 - 奖励: -0.15, 延迟: 63.1307s, 能耗: 0.0065J, 成功率: 58.0%, 步数: 1, 时间: 0.1s
INFO:tensorflow:Assets written to: results/saved_models/ddpg_default_ep3300_actor_saved_model/assets
INFO:tensorflow:Assets written to: results/saved_models/ddpg_default_ep3300_critic_saved_model/assets
INFO:OptimizedDDPG:检查点已保存到 results/saved_models/ddpg_default_ep3300
INFO:OptimizedDDPG:回合 3310/5000 - 奖励: -0.13, 延迟: 63.3903s, 能耗: 0.0073J, 成功率: 62.0%, 步数: 1, 时间: 0.1s
INFO:OptimizedDDPG:回合 3320/5000 - 奖励: -0.14, 延迟: 60.8618s, 能耗: 0.0114J, 成功率: 60.0%, 步数: 1, 时间: 0.1s
INFO:OptimizedDDPG:回合 3330/5000 - 奖励: -0.17, 延迟: 70.9559s, 能耗: 0.0000J, 成功率: 52.0%, 步数: 1, 时间: 0.1s
INFO:OptimizedDDPG:回合 3340/5000 - 奖励: -0.13, 延迟: 59.1675s, 能耗: 0.0108J, 成功率: 64.0%, 步数: 1, 时间: 0.1s
INFO:OptimizedDDPG:回合 3350/5000 - 奖励: -0.13, 延迟: 59.2672s, 能耗: 0.0149J, 成功率: 64.0%, 步数: 1, 时间: 0.1s
INFO:OptimizedDDPG:回合 3360/5000 - 奖励: -0.17, 延迟: 70.9559s, 能耗: 0.0000J, 成功率: 52.0%, 步数: 1, 时间: 0.1s
INFO:OptimizedDDPG:回合 3370/5000 - 奖励: -0.17, 延迟: 70.9559s, 能耗: 0.0000J, 成功率: 52.0%, 步数: 1, 时间: 0.1s
INFO:OptimizedDDPG:回合 3380/5000 - 奖励: -0.13, 延迟: 61.6945s, 能耗: 0.0077J, 成功率: 62.0%, 步数: 1, 时间: 0.1s
INFO:OptimizedDDPG:回合 3390/5000 - 奖励: -0.13, 延迟: 58.8096s, 能耗: 0.0100J, 成功率: 62.0%, 步数: 1, 时间: 0.1s
INFO:OptimizedDDPG:回合 3400/5000 - 奖励: -0.14, 延迟: 62.3935s, 能耗: 0.0133J, 成功率: 60.0%, 步数: 1, 时间: 0.1s
INFO:tensorflow:Assets written to: results/saved_models/ddpg_default_ep3400_actor_saved_model/assets
INFO:tensorflow:Assets written to: results/saved_models/ddpg_default_ep3400_critic_saved_model/assets
INFO:OptimizedDDPG:检查点已保存到 results/saved_models/ddpg_default_ep3400
INFO:tensorflow:Assets written to: results/saved_models/ddpg_default_best_actor_saved_model/assets
INFO:tensorflow:Assets written to: results/saved_models/ddpg_default_best_critic_saved_model/assets
INFO:OptimizedDDPG:发现更好的模型 (奖励: -0.11)，已保存到 results/saved_models/ddpg_default_best
INFO:OptimizedDDPG:回合 3410/5000 - 奖励: -0.13, 延迟: 61.2548s, 能耗: 0.0084J, 成功率: 62.0%, 步数: 1, 时间: 0.1s
INFO:OptimizedDDPG:回合 3420/5000 - 奖励: -0.17, 延迟: 70.9559s, 能耗: 0.0000J, 成功率: 52.0%, 步数: 1, 时间: 0.1s
INFO:OptimizedDDPG:回合 3430/5000 - 奖励: -0.13, 延迟: 60.3620s, 能耗: 0.0127J, 成功率: 62.0%, 步数: 1, 时间: 0.1s
INFO:OptimizedDDPG:回合 3440/5000 - 奖励: -0.14, 延迟: 61.8020s, 能耗: 0.0109J, 成功率: 60.0%, 步数: 1, 时间: 0.1s
INFO:OptimizedDDPG:回合 3450/5000 - 奖励: -0.14, 延迟: 61.1011s, 能耗: 0.0192J, 成功率: 60.0%, 步数: 1, 时间: 0.1s
INFO:OptimizedDDPG:回合 3460/5000 - 奖励: -0.17, 延迟: 70.9559s, 能耗: 0.0000J, 成功率: 52.0%, 步数: 1, 时间: 0.1s
INFO:OptimizedDDPG:回合 3470/5000 - 奖励: -0.13, 延迟: 58.0063s, 能耗: 0.0137J, 成功率: 64.0%, 步数: 1, 时间: 0.1s
INFO:OptimizedDDPG:回合 3480/5000 - 奖励: -0.12, 延迟: 59.0649s, 能耗: 0.0148J, 成功率: 66.0%, 步数: 1, 时间: 0.1s
INFO:OptimizedDDPG:回合 3490/5000 - 奖励: -0.14, 延迟: 64.0932s, 能耗: 0.0082J, 成功率: 60.0%, 步数: 1, 时间: 0.1s
INFO:OptimizedDDPG:回合 3500/5000 - 奖励: -0.17, 延迟: 70.9559s, 能耗: 0.0000J, 成功率: 52.0%, 步数: 1, 时间: 0.1s
INFO:tensorflow:Assets written to: results/saved_models/ddpg_default_ep3500_actor_saved_model/assets
INFO:tensorflow:Assets written to: results/saved_models/ddpg_default_ep3500_critic_saved_model/assets
INFO:OptimizedDDPG:检查点已保存到 results/saved_models/ddpg_default_ep3500
INFO:OptimizedDDPG:回合 3510/5000 - 奖励: -0.15, 延迟: 65.2679s, 能耗: 0.0059J, 成功率: 56.0%, 步数: 1, 时间: 0.1s
INFO:OptimizedDDPG:回合 3520/5000 - 奖励: -0.17, 延迟: 70.9559s, 能耗: 0.0000J, 成功率: 52.0%, 步数: 1, 时间: 0.1s
INFO:OptimizedDDPG:回合 3530/5000 - 奖励: -0.17, 延迟: 70.9559s, 能耗: 0.0000J, 成功率: 52.0%, 步数: 1, 时间: 0.1s
INFO:OptimizedDDPG:回合 3540/5000 - 奖励: -0.17, 延迟: 70.9559s, 能耗: 0.0000J, 成功率: 52.0%, 步数: 1, 时间: 0.1s
INFO:OptimizedDDPG:回合 3550/5000 - 奖励: -0.13, 延迟: 60.4247s, 能耗: 0.0149J, 成功率: 62.0%, 步数: 1, 时间: 0.1s
INFO:OptimizedDDPG:回合 3560/5000 - 奖励: -0.17, 延迟: 70.9559s, 能耗: 0.0000J, 成功率: 52.0%, 步数: 1, 时间: 0.1s
INFO:OptimizedDDPG:回合 3570/5000 - 奖励: -0.17, 延迟: 70.9559s, 能耗: 0.0000J, 成功率: 52.0%, 步数: 1, 时间: 0.1s
INFO:OptimizedDDPG:回合 3580/5000 - 奖励: -0.17, 延迟: 70.9559s, 能耗: 0.0000J, 成功率: 52.0%, 步数: 1, 时间: 0.1s
INFO:OptimizedDDPG:回合 3590/5000 - 奖励: -0.12, 延迟: 58.0469s, 能耗: 0.0104J, 成功率: 66.0%, 步数: 1, 时间: 0.1s
INFO:OptimizedDDPG:回合 3600/5000 - 奖励: -0.13, 延迟: 60.0364s, 能耗: 0.0150J, 成功率: 64.0%, 步数: 1, 时间: 0.1s
INFO:tensorflow:Assets written to: results/saved_models/ddpg_default_ep3600_actor_saved_model/assets
INFO:tensorflow:Assets written to: results/saved_models/ddpg_default_ep3600_critic_saved_model/assets
INFO:OptimizedDDPG:检查点已保存到 results/saved_models/ddpg_default_ep3600
INFO:OptimizedDDPG:回合 3610/5000 - 奖励: -0.16, 延迟: 69.5381s, 能耗: 0.0009J, 成功率: 54.0%, 步数: 1, 时间: 0.1s
INFO:OptimizedDDPG:回合 3620/5000 - 奖励: -0.13, 延迟: 58.9840s, 能耗: 0.0169J, 成功率: 64.0%, 步数: 1, 时间: 0.1s
INFO:OptimizedDDPG:回合 3630/5000 - 奖励: -0.17, 延迟: 70.9559s, 能耗: 0.0000J, 成功率: 52.0%, 步数: 1, 时间: 0.1s
INFO:OptimizedDDPG:回合 3640/5000 - 奖励: -0.13, 延迟: 60.2325s, 能耗: 0.0128J, 成功率: 62.0%, 步数: 1, 时间: 0.1s
INFO:tensorflow:Assets written to: results/saved_models/ddpg_default_best_actor_saved_model/assets
INFO:tensorflow:Assets written to: results/saved_models/ddpg_default_best_critic_saved_model/assets
INFO:OptimizedDDPG:发现更好的模型 (奖励: -0.11)，已保存到 results/saved_models/ddpg_default_best
INFO:OptimizedDDPG:回合 3650/5000 - 奖励: -0.14, 延迟: 63.0430s, 能耗: 0.0085J, 成功率: 60.0%, 步数: 1, 时间: 0.1s
INFO:OptimizedDDPG:回合 3660/5000 - 奖励: -0.13, 延迟: 60.2756s, 能耗: 0.0109J, 成功率: 64.0%, 步数: 1, 时间: 0.1s
INFO:OptimizedDDPG:回合 3670/5000 - 奖励: -0.17, 延迟: 70.9559s, 能耗: 0.0000J, 成功率: 52.0%, 步数: 1, 时间: 0.1s
INFO:OptimizedDDPG:回合 3680/5000 - 奖励: -0.17, 延迟: 70.9559s, 能耗: 0.0000J, 成功率: 52.0%, 步数: 1, 时间: 0.1s
INFO:OptimizedDDPG:回合 3690/5000 - 奖励: -0.14, 延迟: 63.4894s, 能耗: 0.0085J, 成功率: 60.0%, 步数: 1, 时间: 0.1s
INFO:OptimizedDDPG:回合 3700/5000 - 奖励: -0.13, 延迟: 62.3331s, 能耗: 0.0085J, 成功率: 62.0%, 步数: 1, 时间: 0.1s
INFO:tensorflow:Assets written to: results/saved_models/ddpg_default_ep3700_actor_saved_model/assets
INFO:tensorflow:Assets written to: results/saved_models/ddpg_default_ep3700_critic_saved_model/assets
INFO:OptimizedDDPG:检查点已保存到 results/saved_models/ddpg_default_ep3700
INFO:OptimizedDDPG:回合 3710/5000 - 奖励: -0.14, 延迟: 61.4219s, 能耗: 0.0171J, 成功率: 60.0%, 步数: 1, 时间: 0.1s
INFO:OptimizedDDPG:回合 3720/5000 - 奖励: -0.11, 延迟: 54.6772s, 能耗: 0.0143J, 成功率: 68.0%, 步数: 1, 时间: 0.1s
INFO:OptimizedDDPG:回合 3730/5000 - 奖励: -0.17, 延迟: 70.9559s, 能耗: 0.0000J, 成功率: 52.0%, 步数: 1, 时间: 0.1s
INFO:OptimizedDDPG:回合 3740/5000 - 奖励: -0.17, 延迟: 70.9559s, 能耗: 0.0000J, 成功率: 52.0%, 步数: 1, 时间: 0.1s
INFO:OptimizedDDPG:回合 3750/5000 - 奖励: -0.15, 延迟: 66.0163s, 能耗: 0.0073J, 成功率: 58.0%, 步数: 1, 时间: 0.1s
INFO:OptimizedDDPG:回合 3760/5000 - 奖励: -0.17, 延迟: 70.9559s, 能耗: 0.0000J, 成功率: 52.0%, 步数: 1, 时间: 0.1s
INFO:OptimizedDDPG:回合 3770/5000 - 奖励: -0.13, 延迟: 64.0952s, 能耗: 0.0103J, 成功率: 62.0%, 步数: 1, 时间: 0.1s
INFO:OptimizedDDPG:回合 3780/5000 - 奖励: -0.15, 延迟: 66.3340s, 能耗: 0.0049J, 成功率: 56.0%, 步数: 1, 时间: 0.1s
INFO:OptimizedDDPG:回合 3790/5000 - 奖励: -0.17, 延迟: 70.9559s, 能耗: 0.0000J, 成功率: 52.0%, 步数: 1, 时间: 0.1s
INFO:OptimizedDDPG:环境初始化，状态维度=17，动作维度=59
INFO:OptimizedDDPG:训练参数：50个用户，3个UAV，场景：urban
WARNING:absl:At this time, the v2.11+ optimizer `tf.keras.optimizers.Adam` runs slowly on M1/M2 Macs, please use the legacy Keras optimizer instead, located at `tf.keras.optimizers.legacy.Adam`.
WARNING:absl:At this time, the v2.11+ optimizer `tf.keras.optimizers.Adam` runs slowly on M1/M2 Macs, please use the legacy Keras optimizer instead, located at `tf.keras.optimizers.legacy.Adam`.
INFO:OptimizedDDPG:开始预填充经验回放缓冲区 (5000 步)...
INFO:OptimizedDDPG:开始训练 1000 个回合...
INFO:OptimizedDDPG:回合 1/1000 - 奖励: -0.17, 延迟: 58.0113s, 能耗: 0.0000J, 成功率: 50.0%, 步数: 1, 时间: 0.1s
INFO:tensorflow:Assets written to: results/saved_models/ddpg_urban_best_actor_saved_model/assets
INFO:tensorflow:Assets written to: results/saved_models/ddpg_urban_best_critic_saved_model/assets
INFO:OptimizedDDPG:发现更好的模型 (奖励: -0.17)，已保存到 results/saved_models/ddpg_urban_best
INFO:OptimizedDDPG:回合 10/1000 - 奖励: -0.17, 延迟: 58.0113s, 能耗: 0.0000J, 成功率: 50.0%, 步数: 1, 时间: 0.1s
INFO:OptimizedDDPG:回合 20/1000 - 奖励: -0.17, 延迟: 58.0113s, 能耗: 0.0000J, 成功率: 50.0%, 步数: 1, 时间: 0.1s
INFO:OptimizedDDPG:回合 30/1000 - 奖励: -0.17, 延迟: 58.0113s, 能耗: 0.0000J, 成功率: 50.0%, 步数: 1, 时间: 0.1s
INFO:OptimizedDDPG:回合 40/1000 - 奖励: -0.17, 延迟: 58.0113s, 能耗: 0.0000J, 成功率: 50.0%, 步数: 1, 时间: 0.1s
INFO:OptimizedDDPG:回合 50/1000 - 奖励: -0.17, 延迟: 58.0113s, 能耗: 0.0000J, 成功率: 50.0%, 步数: 1, 时间: 0.1s
INFO:OptimizedDDPG:回合 60/1000 - 奖励: -0.17, 延迟: 58.0113s, 能耗: 0.0000J, 成功率: 50.0%, 步数: 1, 时间: 0.1s
INFO:OptimizedDDPG:回合 70/1000 - 奖励: -0.17, 延迟: 58.0113s, 能耗: 0.0000J, 成功率: 50.0%, 步数: 1, 时间: 0.1s
INFO:OptimizedDDPG:回合 80/1000 - 奖励: -0.17, 延迟: 58.0113s, 能耗: 0.0000J, 成功率: 50.0%, 步数: 1, 时间: 0.1s
INFO:OptimizedDDPG:回合 90/1000 - 奖励: -0.17, 延迟: 58.0113s, 能耗: 0.0000J, 成功率: 50.0%, 步数: 1, 时间: 0.1s
INFO:OptimizedDDPG:回合 100/1000 - 奖励: -0.17, 延迟: 58.0113s, 能耗: 0.0000J, 成功率: 50.0%, 步数: 1, 时间: 0.1s
INFO:tensorflow:Assets written to: results/saved_models/ddpg_urban_ep100_actor_saved_model/assets
INFO:tensorflow:Assets written to: results/saved_models/ddpg_urban_ep100_critic_saved_model/assets
INFO:OptimizedDDPG:检查点已保存到 results/saved_models/ddpg_urban_ep100
INFO:OptimizedDDPG:回合 110/1000 - 奖励: -0.17, 延迟: 58.0113s, 能耗: 0.0000J, 成功率: 50.0%, 步数: 1, 时间: 0.1s
INFO:OptimizedDDPG:回合 120/1000 - 奖励: -0.17, 延迟: 58.0113s, 能耗: 0.0000J, 成功率: 50.0%, 步数: 1, 时间: 0.1s
INFO:OptimizedDDPG:回合 130/1000 - 奖励: -0.17, 延迟: 58.0113s, 能耗: 0.0000J, 成功率: 50.0%, 步数: 1, 时间: 0.1s
INFO:OptimizedDDPG:回合 140/1000 - 奖励: -0.17, 延迟: 58.0113s, 能耗: 0.0000J, 成功率: 50.0%, 步数: 1, 时间: 0.1s
INFO:tensorflow:Assets written to: results/saved_models/ddpg_urban_best_actor_saved_model/assets
INFO:tensorflow:Assets written to: results/saved_models/ddpg_urban_best_critic_saved_model/assets
INFO:OptimizedDDPG:发现更好的模型 (奖励: -0.16)，已保存到 results/saved_models/ddpg_urban_best
INFO:tensorflow:Assets written to: results/saved_models/ddpg_urban_best_actor_saved_model/assets
INFO:tensorflow:Assets written to: results/saved_models/ddpg_urban_best_critic_saved_model/assets
INFO:OptimizedDDPG:发现更好的模型 (奖励: -0.15)，已保存到 results/saved_models/ddpg_urban_best
INFO:OptimizedDDPG:回合 150/1000 - 奖励: -0.15, 延迟: 51.8361s, 能耗: 0.0042J, 成功率: 56.0%, 步数: 1, 时间: 0.1s
INFO:tensorflow:Assets written to: results/saved_models/ddpg_urban_best_actor_saved_model/assets
INFO:tensorflow:Assets written to: results/saved_models/ddpg_urban_best_critic_saved_model/assets
INFO:OptimizedDDPG:发现更好的模型 (奖励: -0.15)，已保存到 results/saved_models/ddpg_urban_best
INFO:tensorflow:Assets written to: results/saved_models/ddpg_urban_best_actor_saved_model/assets
INFO:tensorflow:Assets written to: results/saved_models/ddpg_urban_best_critic_saved_model/assets
INFO:OptimizedDDPG:发现更好的模型 (奖励: -0.14)，已保存到 results/saved_models/ddpg_urban_best
INFO:tensorflow:Assets written to: results/saved_models/ddpg_urban_best_actor_saved_model/assets
INFO:tensorflow:Assets written to: results/saved_models/ddpg_urban_best_critic_saved_model/assets
INFO:OptimizedDDPG:发现更好的模型 (奖励: -0.13)，已保存到 results/saved_models/ddpg_urban_best
INFO:OptimizedDDPG:回合 160/1000 - 奖励: -0.17, 延迟: 58.0113s, 能耗: 0.0000J, 成功率: 50.0%, 步数: 1, 时间: 0.1s
INFO:OptimizedDDPG:回合 170/1000 - 奖励: -0.17, 延迟: 54.9653s, 能耗: 0.0058J, 成功率: 52.0%, 步数: 1, 时间: 0.1s
INFO:tensorflow:Assets written to: results/saved_models/ddpg_urban_best_actor_saved_model/assets
INFO:tensorflow:Assets written to: results/saved_models/ddpg_urban_best_critic_saved_model/assets
INFO:OptimizedDDPG:发现更好的模型 (奖励: -0.11)，已保存到 results/saved_models/ddpg_urban_best
INFO:tensorflow:Assets written to: results/saved_models/ddpg_urban_best_actor_saved_model/assets
INFO:tensorflow:Assets written to: results/saved_models/ddpg_urban_best_critic_saved_model/assets
INFO:OptimizedDDPG:发现更好的模型 (奖励: -0.08)，已保存到 results/saved_models/ddpg_urban_best
INFO:OptimizedDDPG:回合 180/1000 - 奖励: -0.08, 延迟: 37.2445s, 能耗: 0.0134J, 成功率: 76.0%, 步数: 1, 时间: 0.1s
INFO:tensorflow:Assets written to: results/saved_models/ddpg_urban_best_actor_saved_model/assets
INFO:tensorflow:Assets written to: results/saved_models/ddpg_urban_best_critic_saved_model/assets
INFO:OptimizedDDPG:发现更好的模型 (奖励: -0.08)，已保存到 results/saved_models/ddpg_urban_best
INFO:tensorflow:Assets written to: results/saved_models/ddpg_urban_best_actor_saved_model/assets
INFO:tensorflow:Assets written to: results/saved_models/ddpg_urban_best_critic_saved_model/assets
INFO:OptimizedDDPG:发现更好的模型 (奖励: -0.07)，已保存到 results/saved_models/ddpg_urban_best
INFO:OptimizedDDPG:回合 190/1000 - 奖励: -0.17, 延迟: 58.0113s, 能耗: 0.0000J, 成功率: 50.0%, 步数: 1, 时间: 0.1s
INFO:tensorflow:Assets written to: results/saved_models/ddpg_urban_best_actor_saved_model/assets
INFO:tensorflow:Assets written to: results/saved_models/ddpg_urban_best_critic_saved_model/assets
INFO:OptimizedDDPG:发现更好的模型 (奖励: -0.06)，已保存到 results/saved_models/ddpg_urban_best
INFO:OptimizedDDPG:回合 200/1000 - 奖励: -0.07, 延迟: 36.0777s, 能耗: 0.0235J, 成功率: 80.0%, 步数: 1, 时间: 0.1s
INFO:tensorflow:Assets written to: results/saved_models/ddpg_urban_ep200_actor_saved_model/assets
INFO:tensorflow:Assets written to: results/saved_models/ddpg_urban_ep200_critic_saved_model/assets
INFO:OptimizedDDPG:检查点已保存到 results/saved_models/ddpg_urban_ep200
INFO:OptimizedDDPG:回合 210/1000 - 奖励: -0.06, 延迟: 31.6735s, 能耗: 0.0249J, 成功率: 84.0%, 步数: 1, 时间: 0.1s
INFO:tensorflow:Assets written to: results/saved_models/ddpg_urban_best_actor_saved_model/assets
INFO:tensorflow:Assets written to: results/saved_models/ddpg_urban_best_critic_saved_model/assets
INFO:OptimizedDDPG:发现更好的模型 (奖励: -0.06)，已保存到 results/saved_models/ddpg_urban_best
INFO:OptimizedDDPG:回合 220/1000 - 奖励: -0.17, 延迟: 58.0113s, 能耗: 0.0000J, 成功率: 50.0%, 步数: 1, 时间: 0.1s
INFO:OptimizedDDPG:回合 230/1000 - 奖励: -0.17, 延迟: 58.0113s, 能耗: 0.0000J, 成功率: 50.0%, 步数: 1, 时间: 0.1s
INFO:OptimizedDDPG:回合 240/1000 - 奖励: -0.17, 延迟: 58.0113s, 能耗: 0.0000J, 成功率: 50.0%, 步数: 1, 时间: 0.1s
INFO:tensorflow:Assets written to: results/saved_models/ddpg_urban_best_actor_saved_model/assets
INFO:tensorflow:Assets written to: results/saved_models/ddpg_urban_best_critic_saved_model/assets
INFO:OptimizedDDPG:发现更好的模型 (奖励: -0.06)，已保存到 results/saved_models/ddpg_urban_best
INFO:OptimizedDDPG:回合 250/1000 - 奖励: -0.08, 延迟: 31.6737s, 能耗: 0.0257J, 成功率: 78.0%, 步数: 1, 时间: 0.1s
INFO:OptimizedDDPG:回合 260/1000 - 奖励: -0.09, 延迟: 35.4539s, 能耗: 0.0215J, 成功率: 74.0%, 步数: 1, 时间: 0.1s
INFO:OptimizedDDPG:回合 270/1000 - 奖励: -0.17, 延迟: 58.0113s, 能耗: 0.0000J, 成功率: 50.0%, 步数: 1, 时间: 0.1s
INFO:tensorflow:Assets written to: results/saved_models/ddpg_urban_best_actor_saved_model/assets
INFO:tensorflow:Assets written to: results/saved_models/ddpg_urban_best_critic_saved_model/assets
INFO:OptimizedDDPG:发现更好的模型 (奖励: -0.05)，已保存到 results/saved_models/ddpg_urban_best
INFO:OptimizedDDPG:回合 280/1000 - 奖励: -0.17, 延迟: 58.0113s, 能耗: 0.0000J, 成功率: 50.0%, 步数: 1, 时间: 0.1s
INFO:OptimizedDDPG:回合 290/1000 - 奖励: -0.09, 延迟: 36.1260s, 能耗: 0.0213J, 成功率: 74.0%, 步数: 1, 时间: 0.1s
INFO:OptimizedDDPG:回合 300/1000 - 奖励: -0.09, 延迟: 33.2817s, 能耗: 0.0195J, 成功率: 74.0%, 步数: 1, 时间: 0.1s
INFO:tensorflow:Assets written to: results/saved_models/ddpg_urban_ep300_actor_saved_model/assets
INFO:tensorflow:Assets written to: results/saved_models/ddpg_urban_ep300_critic_saved_model/assets
INFO:OptimizedDDPG:检查点已保存到 results/saved_models/ddpg_urban_ep300
INFO:tensorflow:Assets written to: results/saved_models/ddpg_urban_best_actor_saved_model/assets
INFO:tensorflow:Assets written to: results/saved_models/ddpg_urban_best_critic_saved_model/assets
INFO:OptimizedDDPG:发现更好的模型 (奖励: -0.03)，已保存到 results/saved_models/ddpg_urban_best
INFO:OptimizedDDPG:回合 310/1000 - 奖励: -0.17, 延迟: 58.0113s, 能耗: 0.0000J, 成功率: 50.0%, 步数: 1, 时间: 0.1s
INFO:OptimizedDDPG:回合 320/1000 - 奖励: -0.17, 延迟: 58.0113s, 能耗: 0.0000J, 成功率: 50.0%, 步数: 1, 时间: 0.1s
INFO:OptimizedDDPG:回合 330/1000 - 奖励: -0.09, 延迟: 35.9549s, 能耗: 0.0212J, 成功率: 74.0%, 步数: 1, 时间: 0.1s
INFO:OptimizedDDPG:回合 340/1000 - 奖励: -0.17, 延迟: 58.0113s, 能耗: 0.0000J, 成功率: 50.0%, 步数: 1, 时间: 0.1s
INFO:OptimizedDDPG:回合 350/1000 - 奖励: -0.17, 延迟: 58.0113s, 能耗: 0.0000J, 成功率: 50.0%, 步数: 1, 时间: 0.1s
INFO:OptimizedDDPG:回合 360/1000 - 奖励: -0.09, 延迟: 37.1330s, 能耗: 0.0203J, 成功率: 74.0%, 步数: 1, 时间: 0.1s
INFO:OptimizedDDPG:回合 370/1000 - 奖励: -0.17, 延迟: 58.0113s, 能耗: 0.0000J, 成功率: 50.0%, 步数: 1, 时间: 0.1s
INFO:OptimizedDDPG:回合 380/1000 - 奖励: -0.08, 延迟: 35.5170s, 能耗: 0.0215J, 成功率: 76.0%, 步数: 1, 时间: 0.1s
INFO:OptimizedDDPG:回合 390/1000 - 奖励: -0.08, 延迟: 34.8158s, 能耗: 0.0213J, 成功率: 76.0%, 步数: 1, 时间: 0.1s
INFO:OptimizedDDPG:回合 400/1000 - 奖励: -0.17, 延迟: 58.0113s, 能耗: 0.0000J, 成功率: 50.0%, 步数: 1, 时间: 0.1s
INFO:tensorflow:Assets written to: results/saved_models/ddpg_urban_ep400_actor_saved_model/assets
INFO:tensorflow:Assets written to: results/saved_models/ddpg_urban_ep400_critic_saved_model/assets
INFO:OptimizedDDPG:检查点已保存到 results/saved_models/ddpg_urban_ep400
INFO:OptimizedDDPG:回合 410/1000 - 奖励: -0.17, 延迟: 58.0113s, 能耗: 0.0000J, 成功率: 50.0%, 步数: 1, 时间: 0.1s
INFO:OptimizedDDPG:回合 420/1000 - 奖励: -0.17, 延迟: 58.0113s, 能耗: 0.0000J, 成功率: 50.0%, 步数: 1, 时间: 0.1s
INFO:OptimizedDDPG:回合 430/1000 - 奖励: -0.08, 延迟: 34.1917s, 能耗: 0.0217J, 成功率: 76.0%, 步数: 1, 时间: 0.1s
INFO:OptimizedDDPG:回合 440/1000 - 奖励: -0.08, 延迟: 34.9799s, 能耗: 0.0219J, 成功率: 76.0%, 步数: 1, 时间: 0.1s
INFO:OptimizedDDPG:回合 450/1000 - 奖励: -0.05, 延迟: 30.6469s, 能耗: 0.0259J, 成功率: 86.0%, 步数: 1, 时间: 0.1s
INFO:OptimizedDDPG:回合 460/1000 - 奖励: -0.08, 延迟: 37.2608s, 能耗: 0.0196J, 成功率: 78.0%, 步数: 1, 时间: 0.1s
INFO:OptimizedDDPG:回合 470/1000 - 奖励: -0.08, 延迟: 34.1161s, 能耗: 0.0210J, 成功率: 78.0%, 步数: 1, 时间: 0.1s
INFO:OptimizedDDPG:回合 480/1000 - 奖励: -0.17, 延迟: 58.0113s, 能耗: 0.0000J, 成功率: 50.0%, 步数: 1, 时间: 0.1s
INFO:OptimizedDDPG:回合 490/1000 - 奖励: -0.17, 延迟: 58.0113s, 能耗: 0.0000J, 成功率: 50.0%, 步数: 1, 时间: 0.1s
INFO:OptimizedDDPG:回合 500/1000 - 奖励: -0.17, 延迟: 58.0113s, 能耗: 0.0000J, 成功率: 50.0%, 步数: 1, 时间: 0.1s
INFO:tensorflow:Assets written to: results/saved_models/ddpg_urban_ep500_actor_saved_model/assets
INFO:tensorflow:Assets written to: results/saved_models/ddpg_urban_ep500_critic_saved_model/assets
INFO:OptimizedDDPG:检查点已保存到 results/saved_models/ddpg_urban_ep500
INFO:OptimizedDDPG:回合 510/1000 - 奖励: -0.17, 延迟: 58.0113s, 能耗: 0.0000J, 成功率: 50.0%, 步数: 1, 时间: 0.1s
INFO:OptimizedDDPG:回合 520/1000 - 奖励: -0.17, 延迟: 58.0113s, 能耗: 0.0000J, 成功率: 50.0%, 步数: 1, 时间: 0.1s
INFO:OptimizedDDPG:回合 530/1000 - 奖励: -0.17, 延迟: 58.0113s, 能耗: 0.0000J, 成功率: 50.0%, 步数: 1, 时间: 0.1s
INFO:OptimizedDDPG:回合 540/1000 - 奖励: -0.05, 延迟: 31.8090s, 能耗: 0.0245J, 成功率: 86.0%, 步数: 1, 时间: 0.1s
INFO:OptimizedDDPG:回合 550/1000 - 奖励: -0.08, 延迟: 37.8251s, 能耗: 0.0171J, 成功率: 78.0%, 步数: 1, 时间: 0.1s
INFO:OptimizedDDPG:回合 560/1000 - 奖励: -0.17, 延迟: 58.0113s, 能耗: 0.0000J, 成功率: 50.0%, 步数: 1, 时间: 0.1s
INFO:OptimizedDDPG:回合 570/1000 - 奖励: -0.17, 延迟: 58.0113s, 能耗: 0.0000J, 成功率: 50.0%, 步数: 1, 时间: 0.1s
INFO:OptimizedDDPG:回合 580/1000 - 奖励: -0.11, 延迟: 42.2513s, 能耗: 0.0150J, 成功率: 68.0%, 步数: 1, 时间: 0.1s
INFO:OptimizedDDPG:回合 590/1000 - 奖励: -0.08, 延迟: 38.1439s, 能耗: 0.0202J, 成功率: 76.0%, 步数: 1, 时间: 0.1s
INFO:OptimizedDDPG:回合 600/1000 - 奖励: -0.08, 延迟: 36.7549s, 能耗: 0.0211J, 成功率: 78.0%, 步数: 1, 时间: 0.1s
INFO:tensorflow:Assets written to: results/saved_models/ddpg_urban_ep600_actor_saved_model/assets
INFO:tensorflow:Assets written to: results/saved_models/ddpg_urban_ep600_critic_saved_model/assets
INFO:OptimizedDDPG:检查点已保存到 results/saved_models/ddpg_urban_ep600
INFO:OptimizedDDPG:回合 610/1000 - 奖励: -0.17, 延迟: 58.0113s, 能耗: 0.0000J, 成功率: 50.0%, 步数: 1, 时间: 0.1s
INFO:OptimizedDDPG:回合 620/1000 - 奖励: -0.09, 延迟: 35.2676s, 能耗: 0.0210J, 成功率: 74.0%, 步数: 1, 时间: 0.1s
INFO:OptimizedDDPG:回合 630/1000 - 奖励: -0.08, 延迟: 33.3939s, 能耗: 0.0208J, 成功率: 78.0%, 步数: 1, 时间: 0.1s
INFO:OptimizedDDPG:回合 640/1000 - 奖励: -0.07, 延迟: 30.9668s, 能耗: 0.0249J, 成功率: 80.0%, 步数: 1, 时间: 0.1s
INFO:OptimizedDDPG:回合 650/1000 - 奖励: -0.17, 延迟: 58.0113s, 能耗: 0.0000J, 成功率: 50.0%, 步数: 1, 时间: 0.1s
INFO:OptimizedDDPG:回合 660/1000 - 奖励: -0.17, 延迟: 58.0113s, 能耗: 0.0000J, 成功率: 50.0%, 步数: 1, 时间: 0.1s
INFO:OptimizedDDPG:回合 670/1000 - 奖励: -0.08, 延迟: 35.0956s, 能耗: 0.0205J, 成功率: 76.0%, 步数: 1, 时间: 0.1s
INFO:OptimizedDDPG:回合 680/1000 - 奖励: -0.17, 延迟: 58.0113s, 能耗: 0.0000J, 成功率: 50.0%, 步数: 1, 时间: 0.1s
INFO:OptimizedDDPG:回合 690/1000 - 奖励: -0.11, 延迟: 36.4839s, 能耗: 0.0226J, 成功率: 68.0%, 步数: 1, 时间: 0.1s
INFO:OptimizedDDPG:回合 700/1000 - 奖励: -0.17, 延迟: 58.0113s, 能耗: 0.0000J, 成功率: 50.0%, 步数: 1, 时间: 0.1s
INFO:tensorflow:Assets written to: results/saved_models/ddpg_urban_ep700_actor_saved_model/assets
INFO:tensorflow:Assets written to: results/saved_models/ddpg_urban_ep700_critic_saved_model/assets
INFO:OptimizedDDPG:检查点已保存到 results/saved_models/ddpg_urban_ep700
INFO:OptimizedDDPG:回合 710/1000 - 奖励: -0.08, 延迟: 34.4289s, 能耗: 0.0243J, 成功率: 78.0%, 步数: 1, 时间: 0.1s
INFO:OptimizedDDPG:回合 720/1000 - 奖励: -0.08, 延迟: 34.1756s, 能耗: 0.0181J, 成功率: 78.0%, 步数: 1, 时间: 0.1s
INFO:OptimizedDDPG:回合 730/1000 - 奖励: -0.06, 延迟: 28.5796s, 能耗: 0.0226J, 成功率: 82.0%, 步数: 1, 时间: 0.1s
INFO:OptimizedDDPG:回合 740/1000 - 奖励: -0.09, 延迟: 34.9926s, 能耗: 0.0194J, 成功率: 74.0%, 步数: 1, 时间: 0.1s
INFO:OptimizedDDPG:回合 750/1000 - 奖励: -0.06, 延迟: 33.0200s, 能耗: 0.0235J, 成功率: 84.0%, 步数: 1, 时间: 0.1s
INFO:OptimizedDDPG:回合 760/1000 - 奖励: -0.11, 延迟: 36.6881s, 能耗: 0.0240J, 成功率: 70.0%, 步数: 1, 时间: 0.1s
INFO:OptimizedDDPG:回合 770/1000 - 奖励: -0.07, 延迟: 30.6465s, 能耗: 0.0307J, 成功率: 80.0%, 步数: 1, 时间: 0.1s
INFO:OptimizedDDPG:回合 780/1000 - 奖励: -0.07, 延迟: 34.4069s, 能耗: 0.0273J, 成功率: 80.0%, 步数: 1, 时间: 0.1s
INFO:OptimizedDDPG:回合 790/1000 - 奖励: -0.10, 延迟: 38.7274s, 能耗: 0.0198J, 成功率: 72.0%, 步数: 1, 时间: 0.1s
INFO:OptimizedDDPG:回合 800/1000 - 奖励: -0.13, 延迟: 39.8497s, 能耗: 0.0244J, 成功率: 64.0%, 步数: 1, 时间: 0.1s
INFO:tensorflow:Assets written to: results/saved_models/ddpg_urban_ep800_actor_saved_model/assets
INFO:tensorflow:Assets written to: results/saved_models/ddpg_urban_ep800_critic_saved_model/assets
INFO:OptimizedDDPG:检查点已保存到 results/saved_models/ddpg_urban_ep800
INFO:OptimizedDDPG:回合 810/1000 - 奖励: -0.06, 延迟: 33.2169s, 能耗: 0.0253J, 成功率: 84.0%, 步数: 1, 时间: 0.1s
INFO:OptimizedDDPG:回合 820/1000 - 奖励: -0.08, 延迟: 34.8920s, 能耗: 0.0172J, 成功率: 78.0%, 步数: 1, 时间: 0.1s
INFO:OptimizedDDPG:回合 830/1000 - 奖励: -0.10, 延迟: 33.7591s, 能耗: 0.0198J, 成功率: 72.0%, 步数: 1, 时间: 0.1s
INFO:OptimizedDDPG:回合 840/1000 - 奖励: -0.08, 延迟: 34.7692s, 能耗: 0.0237J, 成功率: 78.0%, 步数: 1, 时间: 0.1s
INFO:OptimizedDDPG:回合 850/1000 - 奖励: -0.06, 延迟: 32.1008s, 能耗: 0.0250J, 成功率: 82.0%, 步数: 1, 时间: 0.1s
INFO:OptimizedDDPG:回合 860/1000 - 奖励: -0.17, 延迟: 58.0113s, 能耗: 0.0000J, 成功率: 50.0%, 步数: 1, 时间: 0.1s
INFO:OptimizedDDPG:回合 870/1000 - 奖励: -0.17, 延迟: 58.0113s, 能耗: 0.0000J, 成功率: 50.0%, 步数: 1, 时间: 0.1s
INFO:OptimizedDDPG:回合 880/1000 - 奖励: -0.08, 延迟: 37.6613s, 能耗: 0.0188J, 成功率: 78.0%, 步数: 1, 时间: 0.1s
INFO:OptimizedDDPG:回合 890/1000 - 奖励: -0.08, 延迟: 33.9754s, 能耗: 0.0266J, 成功率: 76.0%, 步数: 1, 时间: 0.1s
INFO:OptimizedDDPG:回合 900/1000 - 奖励: -0.11, 延迟: 37.0810s, 能耗: 0.0183J, 成功率: 68.0%, 步数: 1, 时间: 0.1s
INFO:tensorflow:Assets written to: results/saved_models/ddpg_urban_ep900_actor_saved_model/assets
INFO:tensorflow:Assets written to: results/saved_models/ddpg_urban_ep900_critic_saved_model/assets
INFO:OptimizedDDPG:检查点已保存到 results/saved_models/ddpg_urban_ep900
INFO:OptimizedDDPG:回合 910/1000 - 奖励: -0.17, 延迟: 58.0113s, 能耗: 0.0000J, 成功率: 50.0%, 步数: 1, 时间: 0.1s
INFO:OptimizedDDPG:回合 920/1000 - 奖励: -0.17, 延迟: 58.0113s, 能耗: 0.0000J, 成功率: 50.0%, 步数: 1, 时间: 0.1s
INFO:OptimizedDDPG:回合 930/1000 - 奖励: -0.17, 延迟: 58.0113s, 能耗: 0.0000J, 成功率: 50.0%, 步数: 1, 时间: 0.1s
INFO:OptimizedDDPG:回合 940/1000 - 奖励: -0.04, 延迟: 29.1692s, 能耗: 0.0277J, 成功率: 88.0%, 步数: 1, 时间: 0.1s
INFO:OptimizedDDPG:回合 950/1000 - 奖励: -0.13, 延迟: 39.7747s, 能耗: 0.0206J, 成功率: 64.0%, 步数: 1, 时间: 0.1s
INFO:OptimizedDDPG:回合 960/1000 - 奖励: -0.09, 延迟: 38.0910s, 能耗: 0.0220J, 成功率: 74.0%, 步数: 1, 时间: 0.1s
INFO:OptimizedDDPG:回合 970/1000 - 奖励: -0.11, 延迟: 39.9585s, 能耗: 0.0205J, 成功率: 70.0%, 步数: 1, 时间: 0.1s
INFO:OptimizedDDPG:回合 980/1000 - 奖励: -0.17, 延迟: 58.0113s, 能耗: 0.0000J, 成功率: 50.0%, 步数: 1, 时间: 0.1s
INFO:OptimizedDDPG:回合 990/1000 - 奖励: -0.10, 延迟: 38.5928s, 能耗: 0.0233J, 成功率: 72.0%, 步数: 1, 时间: 0.2s
INFO:OptimizedDDPG:回合 1000/1000 - 奖励: -0.08, 延迟: 34.0328s, 能耗: 0.0222J, 成功率: 76.0%, 步数: 1, 时间: 0.1s
INFO:tensorflow:Assets written to: results/saved_models/ddpg_urban_ep1000_actor_saved_model/assets
INFO:tensorflow:Assets written to: results/saved_models/ddpg_urban_ep1000_critic_saved_model/assets
INFO:OptimizedDDPG:检查点已保存到 results/saved_models/ddpg_urban_ep1000
INFO:tensorflow:Assets written to: results/saved_models/ddpg_urban_final_actor_saved_model/assets
INFO:tensorflow:Assets written to: results/saved_models/ddpg_urban_final_critic_saved_model/assets
INFO:OptimizedDDPG:最终模型已保存到 results/saved_models/ddpg_urban_final
INFO:OptimizedDDPG:训练结果已保存到 results/plots
INFO:PPOAgent:环境初始化，状态维度=17，动作维度=59
INFO:PPOAgent:训练参数：50个用户，3个UAV，场景：urban
INFO:OptimizedDDPG:环境初始化，状态维度=17，动作维度=59
INFO:OptimizedDDPG:训练参数：50个用户，3个UAV，场景：default
WARNING:absl:At this time, the v2.11+ optimizer `tf.keras.optimizers.Adam` runs slowly on M1/M2 Macs, please use the legacy Keras optimizer instead, located at `tf.keras.optimizers.legacy.Adam`.
WARNING:absl:At this time, the v2.11+ optimizer `tf.keras.optimizers.Adam` runs slowly on M1/M2 Macs, please use the legacy Keras optimizer instead, located at `tf.keras.optimizers.legacy.Adam`.
INFO:OptimizedDDPG:开始预填充经验回放缓冲区 (1000 步)...
INFO:OptimizedDDPG:开始训练 1000 个回合...
INFO:OptimizedDDPG:回合 1/1000 - 奖励: -0.12, 延迟: 59.5916s, 能耗: 0.0000J, 成功率: 66.0%, 步数: 1, 时间: 0.1s
INFO:tensorflow:Assets written to: results/saved_models/ddpg_default_best_actor_saved_model/assets
INFO:tensorflow:Assets written to: results/saved_models/ddpg_default_best_critic_saved_model/assets
INFO:OptimizedDDPG:发现更好的模型 (奖励: -0.12)，已保存到 results/saved_models/ddpg_default_best
INFO:OptimizedDDPG:回合 10/1000 - 奖励: -0.12, 延迟: 59.5916s, 能耗: 0.0000J, 成功率: 66.0%, 步数: 1, 时间: 0.1s
INFO:OptimizedDDPG:回合 20/1000 - 奖励: -0.12, 延迟: 59.5916s, 能耗: 0.0000J, 成功率: 66.0%, 步数: 1, 时间: 0.1s
INFO:OptimizedDDPG:回合 30/1000 - 奖励: -0.12, 延迟: 59.5916s, 能耗: 0.0000J, 成功率: 66.0%, 步数: 1, 时间: 0.1s
INFO:OptimizedDDPG:回合 40/1000 - 奖励: -0.12, 延迟: 59.5916s, 能耗: 0.0000J, 成功率: 66.0%, 步数: 1, 时间: 0.0s
INFO:OptimizedDDPG:回合 50/1000 - 奖励: -0.12, 延迟: 59.5916s, 能耗: 0.0000J, 成功率: 66.0%, 步数: 1, 时间: 0.0s
INFO:OptimizedDDPG:回合 60/1000 - 奖励: -0.12, 延迟: 59.5916s, 能耗: 0.0000J, 成功率: 66.0%, 步数: 1, 时间: 0.0s
INFO:OptimizedDDPG:回合 70/1000 - 奖励: -0.12, 延迟: 59.5916s, 能耗: 0.0000J, 成功率: 66.0%, 步数: 1, 时间: 0.1s
INFO:OptimizedDDPG:回合 80/1000 - 奖励: -0.12, 延迟: 59.5916s, 能耗: 0.0000J, 成功率: 66.0%, 步数: 1, 时间: 0.1s
INFO:OptimizedDDPG:回合 90/1000 - 奖励: -0.12, 延迟: 59.5916s, 能耗: 0.0000J, 成功率: 66.0%, 步数: 1, 时间: 0.1s
INFO:OptimizedDDPG:回合 100/1000 - 奖励: -0.12, 延迟: 59.5916s, 能耗: 0.0000J, 成功率: 66.0%, 步数: 1, 时间: 0.0s
INFO:tensorflow:Assets written to: results/saved_models/ddpg_default_ep100_actor_saved_model/assets
INFO:tensorflow:Assets written to: results/saved_models/ddpg_default_ep100_critic_saved_model/assets
INFO:OptimizedDDPG:检查点已保存到 results/saved_models/ddpg_default_ep100
INFO:OptimizedDDPG:回合 110/1000 - 奖励: -0.12, 延迟: 59.5916s, 能耗: 0.0000J, 成功率: 66.0%, 步数: 1, 时间: 0.1s
INFO:OptimizedDDPG:回合 120/1000 - 奖励: -0.12, 延迟: 59.5916s, 能耗: 0.0000J, 成功率: 66.0%, 步数: 1, 时间: 0.0s
INFO:tensorflow:Assets written to: results/saved_models/ddpg_default_best_actor_saved_model/assets
INFO:tensorflow:Assets written to: results/saved_models/ddpg_default_best_critic_saved_model/assets
INFO:OptimizedDDPG:发现更好的模型 (奖励: -0.11)，已保存到 results/saved_models/ddpg_default_best
INFO:OptimizedDDPG:回合 130/1000 - 奖励: -0.11, 延迟: 56.4171s, 能耗: 0.0032J, 成功率: 70.0%, 步数: 1, 时间: 0.1s
INFO:tensorflow:Assets written to: results/saved_models/ddpg_default_best_actor_saved_model/assets
INFO:tensorflow:Assets written to: results/saved_models/ddpg_default_best_critic_saved_model/assets
INFO:OptimizedDDPG:发现更好的模型 (奖励: -0.11)，已保存到 results/saved_models/ddpg_default_best
INFO:tensorflow:Assets written to: results/saved_models/ddpg_default_best_actor_saved_model/assets
INFO:tensorflow:Assets written to: results/saved_models/ddpg_default_best_critic_saved_model/assets
INFO:OptimizedDDPG:发现更好的模型 (奖励: -0.10)，已保存到 results/saved_models/ddpg_default_best
INFO:tensorflow:Assets written to: results/saved_models/ddpg_default_best_actor_saved_model/assets
INFO:tensorflow:Assets written to: results/saved_models/ddpg_default_best_critic_saved_model/assets
INFO:OptimizedDDPG:发现更好的模型 (奖励: -0.10)，已保存到 results/saved_models/ddpg_default_best
INFO:OptimizedDDPG:回合 140/1000 - 奖励: -0.11, 延迟: 52.7970s, 能耗: 0.0186J, 成功率: 70.0%, 步数: 1, 时间: 0.1s
INFO:tensorflow:Assets written to: results/saved_models/ddpg_default_best_actor_saved_model/assets
INFO:tensorflow:Assets written to: results/saved_models/ddpg_default_best_critic_saved_model/assets
INFO:OptimizedDDPG:发现更好的模型 (奖励: -0.09)，已保存到 results/saved_models/ddpg_default_best
INFO:tensorflow:Assets written to: results/saved_models/ddpg_default_best_actor_saved_model/assets
INFO:tensorflow:Assets written to: results/saved_models/ddpg_default_best_critic_saved_model/assets
INFO:OptimizedDDPG:发现更好的模型 (奖励: -0.08)，已保存到 results/saved_models/ddpg_default_best
INFO:OptimizedDDPG:回合 150/1000 - 奖励: -0.08, 延迟: 41.9009s, 能耗: 0.0296J, 成功率: 78.0%, 步数: 1, 时间: 0.1s
INFO:tensorflow:Assets written to: results/saved_models/ddpg_default_best_actor_saved_model/assets
INFO:tensorflow:Assets written to: results/saved_models/ddpg_default_best_critic_saved_model/assets
INFO:OptimizedDDPG:发现更好的模型 (奖励: -0.08)，已保存到 results/saved_models/ddpg_default_best
INFO:tensorflow:Assets written to: results/saved_models/ddpg_default_best_actor_saved_model/assets
INFO:tensorflow:Assets written to: results/saved_models/ddpg_default_best_critic_saved_model/assets
INFO:OptimizedDDPG:发现更好的模型 (奖励: -0.08)，已保存到 results/saved_models/ddpg_default_best
INFO:OptimizedDDPG:回合 160/1000 - 奖励: -0.07, 延迟: 41.3725s, 能耗: 0.0294J, 成功率: 80.0%, 步数: 1, 时间: 0.2s
INFO:tensorflow:Assets written to: results/saved_models/ddpg_default_best_actor_saved_model/assets
INFO:tensorflow:Assets written to: results/saved_models/ddpg_default_best_critic_saved_model/assets
INFO:OptimizedDDPG:发现更好的模型 (奖励: -0.07)，已保存到 results/saved_models/ddpg_default_best
INFO:tensorflow:Assets written to: results/saved_models/ddpg_default_best_actor_saved_model/assets
INFO:tensorflow:Assets written to: results/saved_models/ddpg_default_best_critic_saved_model/assets
INFO:OptimizedDDPG:发现更好的模型 (奖励: -0.05)，已保存到 results/saved_models/ddpg_default_best
INFO:OptimizedDDPG:回合 170/1000 - 奖励: -0.12, 延迟: 59.5916s, 能耗: 0.0000J, 成功率: 66.0%, 步数: 1, 时间: 0.1s
INFO:OptimizedDDPG:回合 180/1000 - 奖励: -0.12, 延迟: 59.5916s, 能耗: 0.0000J, 成功率: 66.0%, 步数: 1, 时间: 0.1s
INFO:tensorflow:Assets written to: results/saved_models/ddpg_default_best_actor_saved_model/assets
INFO:tensorflow:Assets written to: results/saved_models/ddpg_default_best_critic_saved_model/assets
INFO:OptimizedDDPG:发现更好的模型 (奖励: -0.04)，已保存到 results/saved_models/ddpg_default_best
INFO:OptimizedDDPG:回合 190/1000 - 奖励: -0.12, 延迟: 59.5916s, 能耗: 0.0000J, 成功率: 66.0%, 步数: 1, 时间: 0.1s
INFO:OptimizedDDPG:回合 200/1000 - 奖励: -0.05, 延迟: 36.8556s, 能耗: 0.0373J, 成功率: 86.0%, 步数: 1, 时间: 0.1s
INFO:tensorflow:Assets written to: results/saved_models/ddpg_default_ep200_actor_saved_model/assets
INFO:tensorflow:Assets written to: results/saved_models/ddpg_default_ep200_critic_saved_model/assets
INFO:OptimizedDDPG:检查点已保存到 results/saved_models/ddpg_default_ep200
INFO:OptimizedDDPG:回合 210/1000 - 奖励: -0.12, 延迟: 59.5916s, 能耗: 0.0000J, 成功率: 66.0%, 步数: 1, 时间: 0.1s
INFO:OptimizedDDPG:回合 220/1000 - 奖励: -0.12, 延迟: 59.5916s, 能耗: 0.0000J, 成功率: 66.0%, 步数: 1, 时间: 0.1s
INFO:OptimizedDDPG:回合 230/1000 - 奖励: -0.12, 延迟: 59.5916s, 能耗: 0.0000J, 成功率: 66.0%, 步数: 1, 时间: 0.1s
INFO:OptimizedDDPG:回合 240/1000 - 奖励: -0.12, 延迟: 59.5916s, 能耗: 0.0000J, 成功率: 66.0%, 步数: 1, 时间: 0.1s
INFO:OptimizedDDPG:回合 250/1000 - 奖励: -0.08, 延迟: 41.7807s, 能耗: 0.0298J, 成功率: 78.0%, 步数: 1, 时间: 0.1s
INFO:OptimizedDDPG:回合 260/1000 - 奖励: -0.04, 延迟: 36.5455s, 能耗: 0.0324J, 成功率: 88.0%, 步数: 1, 时间: 0.1s
INFO:OptimizedDDPG:回合 270/1000 - 奖励: -0.08, 延迟: 41.8122s, 能耗: 0.0295J, 成功率: 78.0%, 步数: 1, 时间: 0.1s
INFO:tensorflow:Assets written to: results/saved_models/ddpg_default_best_actor_saved_model/assets
INFO:tensorflow:Assets written to: results/saved_models/ddpg_default_best_critic_saved_model/assets
INFO:OptimizedDDPG:发现更好的模型 (奖励: -0.03)，已保存到 results/saved_models/ddpg_default_best
INFO:OptimizedDDPG:回合 280/1000 - 奖励: -0.05, 延迟: 36.0151s, 能耗: 0.0437J, 成功率: 86.0%, 步数: 1, 时间: 0.1s
INFO:OptimizedDDPG:回合 290/1000 - 奖励: -0.07, 延迟: 38.4071s, 能耗: 0.0391J, 成功率: 80.0%, 步数: 1, 时间: 0.0s
INFO:OptimizedDDPG:回合 300/1000 - 奖励: -0.12, 延迟: 59.5916s, 能耗: 0.0000J, 成功率: 66.0%, 步数: 1, 时间: 0.1s
INFO:tensorflow:Assets written to: results/saved_models/ddpg_default_ep300_actor_saved_model/assets
INFO:tensorflow:Assets written to: results/saved_models/ddpg_default_ep300_critic_saved_model/assets
INFO:OptimizedDDPG:检查点已保存到 results/saved_models/ddpg_default_ep300
INFO:OptimizedDDPG:回合 310/1000 - 奖励: -0.06, 延迟: 38.9248s, 能耗: 0.0322J, 成功率: 82.0%, 步数: 1, 时间: 0.1s
INFO:OptimizedDDPG:回合 320/1000 - 奖励: -0.05, 延迟: 31.6347s, 能耗: 0.0408J, 成功率: 86.0%, 步数: 1, 时间: 0.1s
INFO:OptimizedDDPG:回合 330/1000 - 奖励: -0.12, 延迟: 59.5916s, 能耗: 0.0000J, 成功率: 66.0%, 步数: 1, 时间: 0.1s
INFO:OptimizedDDPG:回合 340/1000 - 奖励: -0.06, 延迟: 34.7185s, 能耗: 0.0358J, 成功率: 84.0%, 步数: 1, 时间: 0.1s
INFO:OptimizedDDPG:回合 350/1000 - 奖励: -0.12, 延迟: 59.5916s, 能耗: 0.0000J, 成功率: 66.0%, 步数: 1, 时间: 0.1s
INFO:OptimizedDDPG:回合 360/1000 - 奖励: -0.12, 延迟: 59.5916s, 能耗: 0.0000J, 成功率: 66.0%, 步数: 1, 时间: 0.1s
INFO:OptimizedDDPG:回合 370/1000 - 奖励: -0.12, 延迟: 59.5916s, 能耗: 0.0000J, 成功率: 66.0%, 步数: 1, 时间: 0.1s
INFO:OptimizedDDPG:回合 380/1000 - 奖励: -0.12, 延迟: 59.5916s, 能耗: 0.0000J, 成功率: 66.0%, 步数: 1, 时间: 0.0s
INFO:OptimizedDDPG:回合 390/1000 - 奖励: -0.07, 延迟: 39.6782s, 能耗: 0.0359J, 成功率: 80.0%, 步数: 1, 时间: 0.1s
INFO:OptimizedDDPG:回合 400/1000 - 奖励: -0.06, 延迟: 41.0614s, 能耗: 0.0332J, 成功率: 84.0%, 步数: 1, 时间: 0.1s
INFO:tensorflow:Assets written to: results/saved_models/ddpg_default_ep400_actor_saved_model/assets
INFO:tensorflow:Assets written to: results/saved_models/ddpg_default_ep400_critic_saved_model/assets
INFO:OptimizedDDPG:检查点已保存到 results/saved_models/ddpg_default_ep400
INFO:OptimizedDDPG:回合 410/1000 - 奖励: -0.12, 延迟: 59.5916s, 能耗: 0.0000J, 成功率: 66.0%, 步数: 1, 时间: 0.1s
INFO:OptimizedDDPG:回合 420/1000 - 奖励: -0.12, 延迟: 59.5916s, 能耗: 0.0000J, 成功率: 66.0%, 步数: 1, 时间: 0.1s
INFO:OptimizedDDPG:回合 430/1000 - 奖励: -0.12, 延迟: 59.5916s, 能耗: 0.0000J, 成功率: 66.0%, 步数: 1, 时间: 0.1s
INFO:OptimizedDDPG:回合 440/1000 - 奖励: -0.12, 延迟: 59.5916s, 能耗: 0.0000J, 成功率: 66.0%, 步数: 1, 时间: 0.0s
INFO:tensorflow:Assets written to: results/saved_models/ddpg_default_best_actor_saved_model/assets
INFO:tensorflow:Assets written to: results/saved_models/ddpg_default_best_critic_saved_model/assets
INFO:OptimizedDDPG:发现更好的模型 (奖励: -0.02)，已保存到 results/saved_models/ddpg_default_best
INFO:OptimizedDDPG:回合 450/1000 - 奖励: -0.12, 延迟: 59.5916s, 能耗: 0.0000J, 成功率: 66.0%, 步数: 1, 时间: 0.1s
INFO:OptimizedDDPG:回合 460/1000 - 奖励: -0.08, 延迟: 38.2495s, 能耗: 0.0420J, 成功率: 78.0%, 步数: 1, 时间: 0.1s
INFO:OptimizedDDPG:回合 470/1000 - 奖励: -0.12, 延迟: 59.5916s, 能耗: 0.0000J, 成功率: 66.0%, 步数: 1, 时间: 0.1s
INFO:OptimizedDDPG:回合 480/1000 - 奖励: -0.12, 延迟: 59.5916s, 能耗: 0.0000J, 成功率: 66.0%, 步数: 1, 时间: 0.0s
INFO:OptimizedDDPG:回合 490/1000 - 奖励: -0.04, 延迟: 32.2587s, 能耗: 0.0417J, 成功率: 88.0%, 步数: 1, 时间: 0.1s
INFO:OptimizedDDPG:回合 500/1000 - 奖励: -0.12, 延迟: 59.5916s, 能耗: 0.0000J, 成功率: 66.0%, 步数: 1, 时间: 0.1s
INFO:tensorflow:Assets written to: results/saved_models/ddpg_default_ep500_actor_saved_model/assets
INFO:tensorflow:Assets written to: results/saved_models/ddpg_default_ep500_critic_saved_model/assets
INFO:OptimizedDDPG:检查点已保存到 results/saved_models/ddpg_default_ep500
INFO:OptimizedDDPG:回合 510/1000 - 奖励: -0.07, 延迟: 36.1742s, 能耗: 0.0382J, 成功率: 80.0%, 步数: 1, 时间: 0.1s
INFO:OptimizedDDPG:回合 520/1000 - 奖励: -0.05, 延迟: 35.1129s, 能耗: 0.0465J, 成功率: 86.0%, 步数: 1, 时间: 0.1s
INFO:OptimizedDDPG:回合 530/1000 - 奖励: -0.07, 延迟: 41.2521s, 能耗: 0.0289J, 成功率: 80.0%, 步数: 1, 时间: 0.1s
INFO:OptimizedDDPG:回合 540/1000 - 奖励: -0.06, 延迟: 36.0151s, 能耗: 0.0361J, 成功率: 82.0%, 步数: 1, 时间: 0.1s
INFO:OptimizedDDPG:回合 550/1000 - 奖励: -0.06, 延迟: 37.1434s, 能耗: 0.0406J, 成功率: 84.0%, 步数: 1, 时间: 0.1s
INFO:OptimizedDDPG:回合 560/1000 - 奖励: -0.12, 延迟: 59.5916s, 能耗: 0.0000J, 成功率: 66.0%, 步数: 1, 时间: 0.1s
INFO:OptimizedDDPG:回合 570/1000 - 奖励: -0.06, 延迟: 35.2334s, 能耗: 0.0475J, 成功率: 84.0%, 步数: 1, 时间: 0.1s
INFO:OptimizedDDPG:回合 580/1000 - 奖励: -0.08, 延迟: 44.4715s, 能耗: 0.0282J, 成功率: 78.0%, 步数: 1, 时间: 0.1s
INFO:OptimizedDDPG:回合 590/1000 - 奖励: -0.09, 延迟: 40.0129s, 能耗: 0.0347J, 成功率: 76.0%, 步数: 1, 时间: 0.1s
INFO:OptimizedDDPG:回合 600/1000 - 奖励: -0.12, 延迟: 59.5916s, 能耗: 0.0000J, 成功率: 66.0%, 步数: 1, 时间: 0.1s
INFO:tensorflow:Assets written to: results/saved_models/ddpg_default_ep600_actor_saved_model/assets
INFO:tensorflow:Assets written to: results/saved_models/ddpg_default_ep600_critic_saved_model/assets
INFO:OptimizedDDPG:检查点已保存到 results/saved_models/ddpg_default_ep600
INFO:OptimizedDDPG:回合 610/1000 - 奖励: -0.12, 延迟: 59.5916s, 能耗: 0.0000J, 成功率: 66.0%, 步数: 1, 时间: 0.1s
INFO:OptimizedDDPG:回合 620/1000 - 奖励: -0.06, 延迟: 38.4409s, 能耗: 0.0429J, 成功率: 82.0%, 步数: 1, 时间: 0.1s
INFO:OptimizedDDPG:回合 630/1000 - 奖励: -0.12, 延迟: 59.5916s, 能耗: 0.0000J, 成功率: 66.0%, 步数: 1, 时间: 0.1s
INFO:OptimizedDDPG:回合 640/1000 - 奖励: -0.08, 延迟: 46.4494s, 能耗: 0.0279J, 成功率: 76.0%, 步数: 1, 时间: 0.1s
INFO:OptimizedDDPG:回合 650/1000 - 奖励: -0.12, 延迟: 59.5916s, 能耗: 0.0000J, 成功率: 66.0%, 步数: 1, 时间: 0.1s
INFO:OptimizedDDPG:回合 660/1000 - 奖励: -0.04, 延迟: 28.9783s, 能耗: 0.0418J, 成功率: 90.0%, 步数: 1, 时间: 0.1s
INFO:OptimizedDDPG:回合 670/1000 - 奖励: -0.06, 延迟: 35.4887s, 能耗: 0.0447J, 成功率: 84.0%, 步数: 1, 时间: 0.1s
INFO:OptimizedDDPG:回合 680/1000 - 奖励: -0.12, 延迟: 59.5916s, 能耗: 0.0000J, 成功率: 66.0%, 步数: 1, 时间: 0.1s
INFO:OptimizedDDPG:回合 690/1000 - 奖励: -0.05, 延迟: 33.7328s, 能耗: 0.0455J, 成功率: 86.0%, 步数: 1, 时间: 0.1s
INFO:OptimizedDDPG:回合 700/1000 - 奖励: -0.06, 延迟: 42.3425s, 能耗: 0.0330J, 成功率: 82.0%, 步数: 1, 时间: 0.1s
INFO:tensorflow:Assets written to: results/saved_models/ddpg_default_ep700_actor_saved_model/assets
INFO:tensorflow:Assets written to: results/saved_models/ddpg_default_ep700_critic_saved_model/assets
INFO:OptimizedDDPG:检查点已保存到 results/saved_models/ddpg_default_ep700
INFO:OptimizedDDPG:回合 710/1000 - 奖励: -0.06, 延迟: 37.1772s, 能耗: 0.0308J, 成功率: 82.0%, 步数: 1, 时间: 0.1s
INFO:OptimizedDDPG:回合 720/1000 - 奖励: -0.07, 延迟: 38.8363s, 能耗: 0.0368J, 成功率: 80.0%, 步数: 1, 时间: 0.1s
INFO:OptimizedDDPG:回合 730/1000 - 奖励: -0.12, 延迟: 59.5916s, 能耗: 0.0000J, 成功率: 66.0%, 步数: 1, 时间: 0.1s
INFO:OptimizedDDPG:回合 740/1000 - 奖励: -0.04, 延迟: 35.6032s, 能耗: 0.0376J, 成功率: 88.0%, 步数: 1, 时间: 0.1s
INFO:OptimizedDDPG:回合 750/1000 - 奖励: -0.06, 延迟: 34.7355s, 能耗: 0.0396J, 成功率: 84.0%, 步数: 1, 时间: 0.1s
INFO:OptimizedDDPG:回合 760/1000 - 奖励: -0.05, 延迟: 33.7277s, 能耗: 0.0443J, 成功率: 86.0%, 步数: 1, 时间: 0.1s
INFO:OptimizedDDPG:回合 770/1000 - 奖励: -0.05, 延迟: 31.2052s, 能耗: 0.0422J, 成功率: 86.0%, 步数: 1, 时间: 0.1s
INFO:OptimizedDDPG:回合 780/1000 - 奖励: -0.12, 延迟: 59.5916s, 能耗: 0.0000J, 成功率: 66.0%, 步数: 1, 时间: 0.1s
INFO:OptimizedDDPG:回合 790/1000 - 奖励: -0.07, 延迟: 39.6693s, 能耗: 0.0318J, 成功率: 80.0%, 步数: 1, 时间: 0.1s
INFO:OptimizedDDPG:回合 800/1000 - 奖励: -0.12, 延迟: 59.5916s, 能耗: 0.0000J, 成功率: 66.0%, 步数: 1, 时间: 0.1s
INFO:tensorflow:Assets written to: results/saved_models/ddpg_default_ep800_actor_saved_model/assets
INFO:tensorflow:Assets written to: results/saved_models/ddpg_default_ep800_critic_saved_model/assets
INFO:OptimizedDDPG:检查点已保存到 results/saved_models/ddpg_default_ep800
INFO:OptimizedDDPG:回合 810/1000 - 奖励: -0.05, 延迟: 31.5486s, 能耗: 0.0481J, 成功率: 86.0%, 步数: 1, 时间: 0.1s
INFO:OptimizedDDPG:回合 820/1000 - 奖励: -0.12, 延迟: 59.5916s, 能耗: 0.0000J, 成功率: 66.0%, 步数: 1, 时间: 0.1s
INFO:OptimizedDDPG:回合 830/1000 - 奖励: -0.07, 延迟: 38.4885s, 能耗: 0.0404J, 成功率: 80.0%, 步数: 1, 时间: 0.1s
INFO:OptimizedDDPG:回合 840/1000 - 奖励: -0.06, 延迟: 35.5264s, 能耗: 0.0435J, 成功率: 82.0%, 步数: 1, 时间: 0.1s
INFO:OptimizedDDPG:回合 850/1000 - 奖励: -0.12, 延迟: 59.5916s, 能耗: 0.0000J, 成功率: 66.0%, 步数: 1, 时间: 0.1s
INFO:OptimizedDDPG:回合 860/1000 - 奖励: -0.06, 延迟: 38.4832s, 能耗: 0.0295J, 成功率: 82.0%, 步数: 1, 时间: 0.1s
INFO:OptimizedDDPG:回合 870/1000 - 奖励: -0.08, 延迟: 41.8325s, 能耗: 0.0326J, 成功率: 78.0%, 步数: 1, 时间: 0.1s
INFO:OptimizedDDPG:回合 880/1000 - 奖励: -0.12, 延迟: 59.5916s, 能耗: 0.0000J, 成功率: 66.0%, 步数: 1, 时间: 0.1s
INFO:OptimizedDDPG:回合 890/1000 - 奖励: -0.04, 延迟: 32.8649s, 能耗: 0.0395J, 成功率: 88.0%, 步数: 1, 时间: 0.1s
INFO:OptimizedDDPG:回合 900/1000 - 奖励: -0.12, 延迟: 59.5916s, 能耗: 0.0000J, 成功率: 66.0%, 步数: 1, 时间: 0.1s
INFO:tensorflow:Assets written to: results/saved_models/ddpg_default_ep900_actor_saved_model/assets
INFO:tensorflow:Assets written to: results/saved_models/ddpg_default_ep900_critic_saved_model/assets
INFO:OptimizedDDPG:检查点已保存到 results/saved_models/ddpg_default_ep900
INFO:OptimizedDDPG:回合 910/1000 - 奖励: -0.07, 延迟: 40.1589s, 能耗: 0.0337J, 成功率: 80.0%, 步数: 1, 时间: 0.1s
INFO:OptimizedDDPG:回合 920/1000 - 奖励: -0.07, 延迟: 38.6924s, 能耗: 0.0358J, 成功率: 80.0%, 步数: 1, 时间: 0.1s
INFO:OptimizedDDPG:回合 930/1000 - 奖励: -0.12, 延迟: 59.5916s, 能耗: 0.0000J, 成功率: 66.0%, 步数: 1, 时间: 0.1s
INFO:OptimizedDDPG:回合 940/1000 - 奖励: -0.09, 延迟: 41.0131s, 能耗: 0.0361J, 成功率: 76.0%, 步数: 1, 时间: 0.1s
INFO:OptimizedDDPG:回合 950/1000 - 奖励: -0.12, 延迟: 59.5916s, 能耗: 0.0000J, 成功率: 66.0%, 步数: 1, 时间: 0.1s
INFO:OptimizedDDPG:回合 960/1000 - 奖励: -0.06, 延迟: 33.6201s, 能耗: 0.0456J, 成功率: 84.0%, 步数: 1, 时间: 0.1s
INFO:OptimizedDDPG:回合 970/1000 - 奖励: -0.12, 延迟: 59.5916s, 能耗: 0.0000J, 成功率: 66.0%, 步数: 1, 时间: 0.1s
INFO:OptimizedDDPG:回合 980/1000 - 奖励: -0.12, 延迟: 59.5916s, 能耗: 0.0000J, 成功率: 66.0%, 步数: 1, 时间: 0.1s
INFO:OptimizedDDPG:回合 990/1000 - 奖励: -0.06, 延迟: 40.2364s, 能耗: 0.0349J, 成功率: 82.0%, 步数: 1, 时间: 0.1s
INFO:OptimizedDDPG:回合 1000/1000 - 奖励: -0.04, 延迟: 31.8513s, 能耗: 0.0480J, 成功率: 90.0%, 步数: 1, 时间: 0.1s
INFO:tensorflow:Assets written to: results/saved_models/ddpg_default_ep1000_actor_saved_model/assets
INFO:tensorflow:Assets written to: results/saved_models/ddpg_default_ep1000_critic_saved_model/assets
INFO:OptimizedDDPG:检查点已保存到 results/saved_models/ddpg_default_ep1000
INFO:tensorflow:Assets written to: results/saved_models/ddpg_default_final_actor_saved_model/assets
INFO:tensorflow:Assets written to: results/saved_models/ddpg_default_final_critic_saved_model/assets
INFO:OptimizedDDPG:最终模型已保存到 results/saved_models/ddpg_default_final
INFO:OptimizedDDPG:训练结果已保存到 results/plots
INFO:OptimizedDDPG:环境初始化，状态维度=17，动作维度=59
INFO:OptimizedDDPG:训练参数：50个用户，3个UAV，场景：default
WARNING:absl:At this time, the v2.11+ optimizer `tf.keras.optimizers.Adam` runs slowly on M1/M2 Macs, please use the legacy Keras optimizer instead, located at `tf.keras.optimizers.legacy.Adam`.
WARNING:absl:At this time, the v2.11+ optimizer `tf.keras.optimizers.Adam` runs slowly on M1/M2 Macs, please use the legacy Keras optimizer instead, located at `tf.keras.optimizers.legacy.Adam`.
INFO:OptimizedDDPG:开始预填充经验回放缓冲区 (1000 步)...
INFO:OptimizedDDPG:开始训练 1000 个回合...
INFO:OptimizedDDPG:回合 1/1000 - 奖励: -0.17, 延迟: 74.0396s, 能耗: 0.0000J, 成功率: 50.0%, 步数: 1, 时间: 0.1s
INFO:tensorflow:Assets written to: results/saved_models/ddpg_default_best_actor_saved_model/assets
INFO:tensorflow:Assets written to: results/saved_models/ddpg_default_best_critic_saved_model/assets
INFO:OptimizedDDPG:发现更好的模型 (奖励: -0.17)，已保存到 results/saved_models/ddpg_default_best
INFO:OptimizedDDPG:回合 10/1000 - 奖励: -0.17, 延迟: 74.0396s, 能耗: 0.0000J, 成功率: 50.0%, 步数: 1, 时间: 0.0s
INFO:OptimizedDDPG:回合 20/1000 - 奖励: -0.17, 延迟: 74.0396s, 能耗: 0.0000J, 成功率: 50.0%, 步数: 1, 时间: 0.1s
INFO:OptimizedDDPG:回合 30/1000 - 奖励: -0.17, 延迟: 74.0396s, 能耗: 0.0000J, 成功率: 50.0%, 步数: 1, 时间: 0.0s
INFO:OptimizedDDPG:回合 40/1000 - 奖励: -0.17, 延迟: 74.0396s, 能耗: 0.0000J, 成功率: 50.0%, 步数: 1, 时间: 0.1s
INFO:OptimizedDDPG:回合 50/1000 - 奖励: -0.17, 延迟: 74.0396s, 能耗: 0.0000J, 成功率: 50.0%, 步数: 1, 时间: 0.0s
INFO:OptimizedDDPG:回合 60/1000 - 奖励: -0.17, 延迟: 74.0396s, 能耗: 0.0000J, 成功率: 50.0%, 步数: 1, 时间: 0.0s
INFO:OptimizedDDPG:回合 70/1000 - 奖励: -0.17, 延迟: 74.0396s, 能耗: 0.0000J, 成功率: 50.0%, 步数: 1, 时间: 0.0s
INFO:OptimizedDDPG:回合 80/1000 - 奖励: -0.17, 延迟: 74.0396s, 能耗: 0.0000J, 成功率: 50.0%, 步数: 1, 时间: 0.1s
INFO:OptimizedDDPG:回合 90/1000 - 奖励: -0.17, 延迟: 74.0396s, 能耗: 0.0000J, 成功率: 50.0%, 步数: 1, 时间: 0.0s
INFO:OptimizedDDPG:回合 100/1000 - 奖励: -0.17, 延迟: 74.0396s, 能耗: 0.0000J, 成功率: 50.0%, 步数: 1, 时间: 0.1s
INFO:tensorflow:Assets written to: results/saved_models/ddpg_default_ep100_actor_saved_model/assets
INFO:tensorflow:Assets written to: results/saved_models/ddpg_default_ep100_critic_saved_model/assets
INFO:OptimizedDDPG:检查点已保存到 results/saved_models/ddpg_default_ep100
INFO:OptimizedDDPG:回合 110/1000 - 奖励: -0.17, 延迟: 74.0396s, 能耗: 0.0000J, 成功率: 50.0%, 步数: 1, 时间: 0.1s
INFO:OptimizedDDPG:回合 120/1000 - 奖励: -0.17, 延迟: 74.0396s, 能耗: 0.0000J, 成功率: 50.0%, 步数: 1, 时间: 0.0s
INFO:tensorflow:Assets written to: results/saved_models/ddpg_default_best_actor_saved_model/assets
INFO:tensorflow:Assets written to: results/saved_models/ddpg_default_best_critic_saved_model/assets
INFO:OptimizedDDPG:发现更好的模型 (奖励: -0.16)，已保存到 results/saved_models/ddpg_default_best
INFO:OptimizedDDPG:回合 130/1000 - 奖励: -0.14, 延迟: 64.7958s, 能耗: 0.0087J, 成功率: 60.0%, 步数: 1, 时间: 0.1s
INFO:tensorflow:Assets written to: results/saved_models/ddpg_default_best_actor_saved_model/assets
INFO:tensorflow:Assets written to: results/saved_models/ddpg_default_best_critic_saved_model/assets
INFO:OptimizedDDPG:发现更好的模型 (奖励: -0.14)，已保存到 results/saved_models/ddpg_default_best
INFO:tensorflow:Assets written to: results/saved_models/ddpg_default_best_actor_saved_model/assets
INFO:tensorflow:Assets written to: results/saved_models/ddpg_default_best_critic_saved_model/assets
INFO:OptimizedDDPG:发现更好的模型 (奖励: -0.13)，已保存到 results/saved_models/ddpg_default_best
INFO:OptimizedDDPG:回合 140/1000 - 奖励: -0.13, 延迟: 59.5076s, 能耗: 0.0190J, 成功率: 64.0%, 步数: 1, 时间: 0.1s
INFO:tensorflow:Assets written to: results/saved_models/ddpg_default_best_actor_saved_model/assets
INFO:tensorflow:Assets written to: results/saved_models/ddpg_default_best_critic_saved_model/assets
INFO:OptimizedDDPG:发现更好的模型 (奖励: -0.12)，已保存到 results/saved_models/ddpg_default_best
INFO:tensorflow:Assets written to: results/saved_models/ddpg_default_best_actor_saved_model/assets
INFO:tensorflow:Assets written to: results/saved_models/ddpg_default_best_critic_saved_model/assets
INFO:OptimizedDDPG:发现更好的模型 (奖励: -0.11)，已保存到 results/saved_models/ddpg_default_best
INFO:OptimizedDDPG:回合 150/1000 - 奖励: -0.17, 延迟: 74.0396s, 能耗: 0.0000J, 成功率: 50.0%, 步数: 1, 时间: 0.1s
INFO:tensorflow:Assets written to: results/saved_models/ddpg_default_best_actor_saved_model/assets
INFO:tensorflow:Assets written to: results/saved_models/ddpg_default_best_critic_saved_model/assets
INFO:OptimizedDDPG:发现更好的模型 (奖励: -0.08)，已保存到 results/saved_models/ddpg_default_best
INFO:tensorflow:Assets written to: results/saved_models/ddpg_default_best_actor_saved_model/assets
INFO:tensorflow:Assets written to: results/saved_models/ddpg_default_best_critic_saved_model/assets
INFO:OptimizedDDPG:发现更好的模型 (奖励: -0.07)，已保存到 results/saved_models/ddpg_default_best
INFO:tensorflow:Assets written to: results/saved_models/ddpg_default_best_actor_saved_model/assets
INFO:tensorflow:Assets written to: results/saved_models/ddpg_default_best_critic_saved_model/assets
INFO:OptimizedDDPG:发现更好的模型 (奖励: -0.07)，已保存到 results/saved_models/ddpg_default_best
INFO:OptimizedDDPG:回合 160/1000 - 奖励: -0.17, 延迟: 74.0396s, 能耗: 0.0000J, 成功率: 50.0%, 步数: 1, 时间: 0.1s
INFO:tensorflow:Assets written to: results/saved_models/ddpg_default_best_actor_saved_model/assets
INFO:tensorflow:Assets written to: results/saved_models/ddpg_default_best_critic_saved_model/assets
INFO:OptimizedDDPG:发现更好的模型 (奖励: -0.06)，已保存到 results/saved_models/ddpg_default_best
INFO:OptimizedDDPG:回合 170/1000 - 奖励: -0.17, 延迟: 74.0396s, 能耗: 0.0000J, 成功率: 50.0%, 步数: 1, 时间: 0.1s
INFO:OptimizedDDPG:回合 180/1000 - 奖励: -0.09, 延迟: 42.0263s, 能耗: 0.0352J, 成功率: 76.0%, 步数: 1, 时间: 0.1s
INFO:OptimizedDDPG:回合 190/1000 - 奖励: -0.17, 延迟: 74.0396s, 能耗: 0.0000J, 成功率: 50.0%, 步数: 1, 时间: 0.1s
INFO:OptimizedDDPG:回合 200/1000 - 奖励: -0.17, 延迟: 74.0396s, 能耗: 0.0000J, 成功率: 50.0%, 步数: 1, 时间: 0.1s
INFO:tensorflow:Assets written to: results/saved_models/ddpg_default_ep200_actor_saved_model/assets
INFO:tensorflow:Assets written to: results/saved_models/ddpg_default_ep200_critic_saved_model/assets
INFO:OptimizedDDPG:检查点已保存到 results/saved_models/ddpg_default_ep200
INFO:OptimizedDDPG:回合 210/1000 - 奖励: -0.17, 延迟: 74.0396s, 能耗: 0.0000J, 成功率: 50.0%, 步数: 1, 时间: 0.1s
INFO:OptimizedDDPG:回合 220/1000 - 奖励: -0.08, 延迟: 40.7844s, 能耗: 0.0423J, 成功率: 78.0%, 步数: 1, 时间: 0.1s
INFO:OptimizedDDPG:回合 230/1000 - 奖励: -0.17, 延迟: 74.0396s, 能耗: 0.0000J, 成功率: 50.0%, 步数: 1, 时间: 0.0s
INFO:OptimizedDDPG:回合 240/1000 - 奖励: -0.17, 延迟: 74.0396s, 能耗: 0.0000J, 成功率: 50.0%, 步数: 1, 时间: 0.1s
INFO:OptimizedDDPG:回合 250/1000 - 奖励: -0.09, 延迟: 48.4136s, 能耗: 0.0316J, 成功率: 74.0%, 步数: 1, 时间: 0.1s
INFO:tensorflow:Assets written to: results/saved_models/ddpg_default_best_actor_saved_model/assets
INFO:tensorflow:Assets written to: results/saved_models/ddpg_default_best_critic_saved_model/assets
INFO:OptimizedDDPG:发现更好的模型 (奖励: -0.06)，已保存到 results/saved_models/ddpg_default_best
INFO:OptimizedDDPG:回合 260/1000 - 奖励: -0.11, 延迟: 45.5021s, 能耗: 0.0450J, 成功率: 70.0%, 步数: 1, 时间: 0.1s
INFO:OptimizedDDPG:回合 270/1000 - 奖励: -0.17, 延迟: 74.0396s, 能耗: 0.0000J, 成功率: 50.0%, 步数: 1, 时间: 0.1s
INFO:OptimizedDDPG:回合 280/1000 - 奖励: -0.10, 延迟: 48.0699s, 能耗: 0.0422J, 成功率: 72.0%, 步数: 1, 时间: 0.1s
INFO:OptimizedDDPG:回合 290/1000 - 奖励: -0.11, 延迟: 49.0543s, 能耗: 0.0318J, 成功率: 70.0%, 步数: 1, 时间: 0.1s
INFO:OptimizedDDPG:回合 300/1000 - 奖励: -0.11, 延迟: 45.6096s, 能耗: 0.0391J, 成功率: 70.0%, 步数: 1, 时间: 0.1s
INFO:tensorflow:Assets written to: results/saved_models/ddpg_default_ep300_actor_saved_model/assets
INFO:tensorflow:Assets written to: results/saved_models/ddpg_default_ep300_critic_saved_model/assets
INFO:OptimizedDDPG:检查点已保存到 results/saved_models/ddpg_default_ep300
INFO:OptimizedDDPG:回合 310/1000 - 奖励: -0.17, 延迟: 74.0396s, 能耗: 0.0000J, 成功率: 50.0%, 步数: 1, 时间: 0.1s
INFO:OptimizedDDPG:回合 320/1000 - 奖励: -0.17, 延迟: 74.0396s, 能耗: 0.0000J, 成功率: 50.0%, 步数: 1, 时间: 0.0s
INFO:OptimizedDDPG:回合 330/1000 - 奖励: -0.17, 延迟: 74.0396s, 能耗: 0.0000J, 成功率: 50.0%, 步数: 1, 时间: 0.0s
INFO:tensorflow:Assets written to: results/saved_models/ddpg_default_best_actor_saved_model/assets
INFO:tensorflow:Assets written to: results/saved_models/ddpg_default_best_critic_saved_model/assets
INFO:OptimizedDDPG:发现更好的模型 (奖励: -0.05)，已保存到 results/saved_models/ddpg_default_best
INFO:OptimizedDDPG:回合 340/1000 - 奖励: -0.07, 延迟: 34.2699s, 能耗: 0.0526J, 成功率: 80.0%, 步数: 1, 时间: 0.1s
INFO:OptimizedDDPG:回合 350/1000 - 奖励: -0.17, 延迟: 74.0396s, 能耗: 0.0000J, 成功率: 50.0%, 步数: 1, 时间: 0.1s
INFO:OptimizedDDPG:回合 360/1000 - 奖励: -0.17, 延迟: 74.0396s, 能耗: 0.0000J, 成功率: 50.0%, 步数: 1, 时间: 0.1s
INFO:OptimizedDDPG:回合 370/1000 - 奖励: -0.17, 延迟: 74.0396s, 能耗: 0.0000J, 成功率: 50.0%, 步数: 1, 时间: 0.0s
INFO:OptimizedDDPG:回合 380/1000 - 奖励: -0.17, 延迟: 74.0396s, 能耗: 0.0000J, 成功率: 50.0%, 步数: 1, 时间: 0.1s
INFO:OptimizedDDPG:回合 390/1000 - 奖励: -0.17, 延迟: 74.0396s, 能耗: 0.0000J, 成功率: 50.0%, 步数: 1, 时间: 0.0s
INFO:OptimizedDDPG:回合 400/1000 - 奖励: -0.17, 延迟: 74.0396s, 能耗: 0.0000J, 成功率: 50.0%, 步数: 1, 时间: 0.1s
INFO:tensorflow:Assets written to: results/saved_models/ddpg_default_ep400_actor_saved_model/assets
INFO:tensorflow:Assets written to: results/saved_models/ddpg_default_ep400_critic_saved_model/assets
INFO:OptimizedDDPG:检查点已保存到 results/saved_models/ddpg_default_ep400
INFO:OptimizedDDPG:回合 410/1000 - 奖励: -0.11, 延迟: 51.9345s, 能耗: 0.0255J, 成功率: 70.0%, 步数: 1, 时间: 0.1s
INFO:OptimizedDDPG:回合 420/1000 - 奖励: -0.17, 延迟: 74.0396s, 能耗: 0.0000J, 成功率: 50.0%, 步数: 1, 时间: 0.1s
INFO:OptimizedDDPG:回合 430/1000 - 奖励: -0.17, 延迟: 74.0396s, 能耗: 0.0000J, 成功率: 50.0%, 步数: 1, 时间: 0.1s
INFO:OptimizedDDPG:回合 440/1000 - 奖励: -0.17, 延迟: 74.0396s, 能耗: 0.0000J, 成功率: 50.0%, 步数: 1, 时间: 0.1s
INFO:OptimizedDDPG:回合 450/1000 - 奖励: -0.17, 延迟: 74.0396s, 能耗: 0.0000J, 成功率: 50.0%, 步数: 1, 时间: 0.0s
INFO:tensorflow:Assets written to: results/saved_models/ddpg_default_best_actor_saved_model/assets
INFO:tensorflow:Assets written to: results/saved_models/ddpg_default_best_critic_saved_model/assets
INFO:OptimizedDDPG:发现更好的模型 (奖励: -0.04)，已保存到 results/saved_models/ddpg_default_best
INFO:OptimizedDDPG:回合 460/1000 - 奖励: -0.08, 延迟: 40.6226s, 能耗: 0.0449J, 成功率: 78.0%, 步数: 1, 时间: 0.1s
INFO:OptimizedDDPG:回合 470/1000 - 奖励: -0.17, 延迟: 74.0396s, 能耗: 0.0000J, 成功率: 50.0%, 步数: 1, 时间: 0.1s
INFO:OptimizedDDPG:回合 480/1000 - 奖励: -0.17, 延迟: 74.0396s, 能耗: 0.0000J, 成功率: 50.0%, 步数: 1, 时间: 0.1s
INFO:OptimizedDDPG:回合 490/1000 - 奖励: -0.17, 延迟: 74.0396s, 能耗: 0.0000J, 成功率: 50.0%, 步数: 1, 时间: 0.1s
INFO:OptimizedDDPG:回合 500/1000 - 奖励: -0.17, 延迟: 74.0396s, 能耗: 0.0000J, 成功率: 50.0%, 步数: 1, 时间: 0.0s
INFO:tensorflow:Assets written to: results/saved_models/ddpg_default_ep500_actor_saved_model/assets
INFO:tensorflow:Assets written to: results/saved_models/ddpg_default_ep500_critic_saved_model/assets
INFO:OptimizedDDPG:检查点已保存到 results/saved_models/ddpg_default_ep500
INFO:OptimizedDDPG:回合 510/1000 - 奖励: -0.17, 延迟: 74.0396s, 能耗: 0.0000J, 成功率: 50.0%, 步数: 1, 时间: 0.1s
INFO:tensorflow:Assets written to: results/saved_models/ddpg_default_best_actor_saved_model/assets
INFO:tensorflow:Assets written to: results/saved_models/ddpg_default_best_critic_saved_model/assets
INFO:OptimizedDDPG:发现更好的模型 (奖励: -0.04)，已保存到 results/saved_models/ddpg_default_best
INFO:OptimizedDDPG:回合 520/1000 - 奖励: -0.08, 延迟: 40.3903s, 能耗: 0.0348J, 成功率: 78.0%, 步数: 1, 时间: 0.1s
INFO:OptimizedDDPG:回合 530/1000 - 奖励: -0.06, 延迟: 32.6373s, 能耗: 0.0506J, 成功率: 84.0%, 步数: 1, 时间: 0.1s
INFO:OptimizedDDPG:回合 540/1000 - 奖励: -0.11, 延迟: 53.1961s, 能耗: 0.0282J, 成功率: 68.0%, 步数: 1, 时间: 0.1s
INFO:OptimizedDDPG:回合 550/1000 - 奖励: -0.09, 延迟: 46.5953s, 能耗: 0.0389J, 成功率: 74.0%, 步数: 1, 时间: 0.1s
INFO:OptimizedDDPG:回合 560/1000 - 奖励: -0.17, 延迟: 74.0396s, 能耗: 0.0000J, 成功率: 50.0%, 步数: 1, 时间: 0.1s
INFO:OptimizedDDPG:回合 570/1000 - 奖励: -0.17, 延迟: 74.0396s, 能耗: 0.0000J, 成功率: 50.0%, 步数: 1, 时间: 0.0s
INFO:OptimizedDDPG:回合 580/1000 - 奖励: -0.11, 延迟: 41.4733s, 能耗: 0.0491J, 成功率: 70.0%, 步数: 1, 时间: 0.1s
INFO:OptimizedDDPG:回合 590/1000 - 奖励: -0.17, 延迟: 74.0396s, 能耗: 0.0000J, 成功率: 50.0%, 步数: 1, 时间: 0.0s
INFO:OptimizedDDPG:回合 600/1000 - 奖励: -0.17, 延迟: 74.0396s, 能耗: 0.0000J, 成功率: 50.0%, 步数: 1, 时间: 0.1s
INFO:tensorflow:Assets written to: results/saved_models/ddpg_default_ep600_actor_saved_model/assets
INFO:tensorflow:Assets written to: results/saved_models/ddpg_default_ep600_critic_saved_model/assets
INFO:OptimizedDDPG:检查点已保存到 results/saved_models/ddpg_default_ep600
INFO:OptimizedDDPG:回合 610/1000 - 奖励: -0.17, 延迟: 74.0396s, 能耗: 0.0000J, 成功率: 50.0%, 步数: 1, 时间: 0.1s
INFO:OptimizedDDPG:回合 620/1000 - 奖励: -0.09, 延迟: 44.6044s, 能耗: 0.0372J, 成功率: 74.0%, 步数: 1, 时间: 0.1s
INFO:OptimizedDDPG:回合 630/1000 - 奖励: -0.17, 延迟: 74.0396s, 能耗: 0.0000J, 成功率: 50.0%, 步数: 1, 时间: 0.1s
INFO:OptimizedDDPG:回合 640/1000 - 奖励: -0.17, 延迟: 74.0396s, 能耗: 0.0000J, 成功率: 50.0%, 步数: 1, 时间: 0.1s
INFO:OptimizedDDPG:回合 650/1000 - 奖励: -0.17, 延迟: 74.0396s, 能耗: 0.0000J, 成功率: 50.0%, 步数: 1, 时间: 0.1s
INFO:OptimizedDDPG:回合 660/1000 - 奖励: -0.17, 延迟: 74.0396s, 能耗: 0.0000J, 成功率: 50.0%, 步数: 1, 时间: 0.1s
INFO:OptimizedDDPG:回合 670/1000 - 奖励: -0.17, 延迟: 74.0396s, 能耗: 0.0000J, 成功率: 50.0%, 步数: 1, 时间: 0.0s
INFO:OptimizedDDPG:回合 680/1000 - 奖励: -0.17, 延迟: 74.0396s, 能耗: 0.0000J, 成功率: 50.0%, 步数: 1, 时间: 0.0s
INFO:OptimizedDDPG:回合 690/1000 - 奖励: -0.09, 延迟: 43.0132s, 能耗: 0.0478J, 成功率: 74.0%, 步数: 1, 时间: 0.1s
INFO:OptimizedDDPG:回合 700/1000 - 奖励: -0.17, 延迟: 74.0396s, 能耗: 0.0000J, 成功率: 50.0%, 步数: 1, 时间: 0.1s
INFO:tensorflow:Assets written to: results/saved_models/ddpg_default_ep700_actor_saved_model/assets
INFO:tensorflow:Assets written to: results/saved_models/ddpg_default_ep700_critic_saved_model/assets
INFO:OptimizedDDPG:检查点已保存到 results/saved_models/ddpg_default_ep700
INFO:OptimizedDDPG:回合 710/1000 - 奖励: -0.10, 延迟: 46.0472s, 能耗: 0.0310J, 成功率: 72.0%, 步数: 1, 时间: 0.1s
INFO:OptimizedDDPG:回合 720/1000 - 奖励: -0.07, 延迟: 38.2165s, 能耗: 0.0461J, 成功率: 80.0%, 步数: 1, 时间: 0.1s
INFO:OptimizedDDPG:回合 730/1000 - 奖励: -0.09, 延迟: 39.4435s, 能耗: 0.0420J, 成功率: 76.0%, 步数: 1, 时间: 0.1s
INFO:OptimizedDDPG:回合 740/1000 - 奖励: -0.11, 延迟: 49.0465s, 能耗: 0.0273J, 成功率: 68.0%, 步数: 1, 时间: 0.1s
INFO:OptimizedDDPG:回合 750/1000 - 奖励: -0.10, 延迟: 43.4160s, 能耗: 0.0418J, 成功率: 72.0%, 步数: 1, 时间: 0.1s
INFO:OptimizedDDPG:回合 760/1000 - 奖励: -0.07, 延迟: 42.1632s, 能耗: 0.0333J, 成功率: 80.0%, 步数: 1, 时间: 0.1s
INFO:OptimizedDDPG:回合 770/1000 - 奖励: -0.11, 延迟: 49.0729s, 能耗: 0.0365J, 成功率: 70.0%, 步数: 1, 时间: 0.1s
INFO:OptimizedDDPG:回合 780/1000 - 奖励: -0.11, 延迟: 50.2982s, 能耗: 0.0358J, 成功率: 70.0%, 步数: 1, 时间: 0.1s
INFO:OptimizedDDPG:回合 790/1000 - 奖励: -0.10, 延迟: 47.8561s, 能耗: 0.0328J, 成功率: 72.0%, 步数: 1, 时间: 0.1s
INFO:OptimizedDDPG:回合 800/1000 - 奖励: -0.09, 延迟: 47.1602s, 能耗: 0.0349J, 成功率: 74.0%, 步数: 1, 时间: 0.1s
INFO:tensorflow:Assets written to: results/saved_models/ddpg_default_ep800_actor_saved_model/assets
INFO:tensorflow:Assets written to: results/saved_models/ddpg_default_ep800_critic_saved_model/assets
INFO:OptimizedDDPG:检查点已保存到 results/saved_models/ddpg_default_ep800
INFO:OptimizedDDPG:回合 810/1000 - 奖励: -0.06, 延迟: 36.5085s, 能耗: 0.0438J, 成功率: 84.0%, 步数: 1, 时间: 0.1s
INFO:OptimizedDDPG:回合 820/1000 - 奖励: -0.10, 延迟: 45.6450s, 能耗: 0.0333J, 成功率: 72.0%, 步数: 1, 时间: 0.1s
INFO:OptimizedDDPG:回合 830/1000 - 奖励: -0.08, 延迟: 43.1790s, 能耗: 0.0401J, 成功率: 78.0%, 步数: 1, 时间: 0.1s
INFO:OptimizedDDPG:回合 840/1000 - 奖励: -0.08, 延迟: 44.6847s, 能耗: 0.0351J, 成功率: 78.0%, 步数: 1, 时间: 0.1s
INFO:OptimizedDDPG:回合 850/1000 - 奖励: -0.11, 延迟: 51.1018s, 能耗: 0.0330J, 成功率: 68.0%, 步数: 1, 时间: 0.1s
INFO:OptimizedDDPG:回合 860/1000 - 奖励: -0.06, 延迟: 38.4948s, 能耗: 0.0432J, 成功率: 82.0%, 步数: 1, 时间: 0.1s
INFO:OptimizedDDPG:回合 870/1000 - 奖励: -0.11, 延迟: 50.5513s, 能耗: 0.0330J, 成功率: 68.0%, 步数: 1, 时间: 0.1s
INFO:OptimizedDDPG:回合 880/1000 - 奖励: -0.17, 延迟: 74.0396s, 能耗: 0.0000J, 成功率: 50.0%, 步数: 1, 时间: 0.0s
INFO:OptimizedDDPG:回合 890/1000 - 奖励: -0.17, 延迟: 74.0396s, 能耗: 0.0000J, 成功率: 50.0%, 步数: 1, 时间: 0.0s
INFO:OptimizedDDPG:回合 900/1000 - 奖励: -0.17, 延迟: 74.0396s, 能耗: 0.0000J, 成功率: 50.0%, 步数: 1, 时间: 0.1s
INFO:tensorflow:Assets written to: results/saved_models/ddpg_default_ep900_actor_saved_model/assets
INFO:tensorflow:Assets written to: results/saved_models/ddpg_default_ep900_critic_saved_model/assets
INFO:OptimizedDDPG:检查点已保存到 results/saved_models/ddpg_default_ep900
INFO:OptimizedDDPG:回合 910/1000 - 奖励: -0.07, 延迟: 39.6259s, 能耗: 0.0434J, 成功率: 80.0%, 步数: 1, 时间: 0.1s
INFO:OptimizedDDPG:回合 920/1000 - 奖励: -0.17, 延迟: 74.0396s, 能耗: 0.0000J, 成功率: 50.0%, 步数: 1, 时间: 0.0s
INFO:OptimizedDDPG:回合 930/1000 - 奖励: -0.07, 延迟: 40.9975s, 能耗: 0.0395J, 成功率: 80.0%, 步数: 1, 时间: 0.1s
INFO:OptimizedDDPG:回合 940/1000 - 奖励: -0.14, 延迟: 56.3678s, 能耗: 0.0231J, 成功率: 60.0%, 步数: 1, 时间: 0.1s
INFO:OptimizedDDPG:回合 950/1000 - 奖励: -0.07, 延迟: 40.6904s, 能耗: 0.0372J, 成功率: 80.0%, 步数: 1, 时间: 0.1s
INFO:OptimizedDDPG:回合 960/1000 - 奖励: -0.17, 延迟: 74.0396s, 能耗: 0.0000J, 成功率: 50.0%, 步数: 1, 时间: 0.1s
INFO:OptimizedDDPG:回合 970/1000 - 奖励: -0.11, 延迟: 50.1815s, 能耗: 0.0368J, 成功率: 68.0%, 步数: 1, 时间: 0.1s
INFO:OptimizedDDPG:回合 980/1000 - 奖励: -0.10, 延迟: 44.7711s, 能耗: 0.0382J, 成功率: 72.0%, 步数: 1, 时间: 0.1s
INFO:OptimizedDDPG:回合 990/1000 - 奖励: -0.06, 延迟: 35.4281s, 能耗: 0.0465J, 成功率: 84.0%, 步数: 1, 时间: 0.1s
INFO:OptimizedDDPG:回合 1000/1000 - 奖励: -0.10, 延迟: 37.8734s, 能耗: 0.0507J, 成功率: 72.0%, 步数: 1, 时间: 0.1s
INFO:tensorflow:Assets written to: results/saved_models/ddpg_default_ep1000_actor_saved_model/assets
INFO:tensorflow:Assets written to: results/saved_models/ddpg_default_ep1000_critic_saved_model/assets
INFO:OptimizedDDPG:检查点已保存到 results/saved_models/ddpg_default_ep1000
INFO:tensorflow:Assets written to: results/saved_models/ddpg_default_final_actor_saved_model/assets
INFO:tensorflow:Assets written to: results/saved_models/ddpg_default_final_critic_saved_model/assets
INFO:OptimizedDDPG:最终模型已保存到 results/saved_models/ddpg_default_final
INFO:OptimizedDDPG:训练结果已保存到 results
INFO:OptimizedDDPG:环境初始化，状态维度=17，动作维度=59
INFO:OptimizedDDPG:训练参数：50个用户，3个UAV，场景：default
WARNING:absl:At this time, the v2.11+ optimizer `tf.keras.optimizers.Adam` runs slowly on M1/M2 Macs, please use the legacy Keras optimizer instead, located at `tf.keras.optimizers.legacy.Adam`.
WARNING:absl:At this time, the v2.11+ optimizer `tf.keras.optimizers.Adam` runs slowly on M1/M2 Macs, please use the legacy Keras optimizer instead, located at `tf.keras.optimizers.legacy.Adam`.
INFO:OptimizedDDPG:开始预填充经验回放缓冲区 (1000 步)...
INFO:OptimizedDDPG:开始训练 1500 个回合...
INFO:OptimizedDDPG:回合 1/1500 - 奖励: -0.20, 延迟: 64.9010s, 能耗: 0.0000J, 成功率: 44.0%, 步数: 1, 时间: 0.1s
INFO:tensorflow:Assets written to: results/saved_models/ddpg_default_best_actor_saved_model/assets
INFO:tensorflow:Assets written to: results/saved_models/ddpg_default_best_critic_saved_model/assets
INFO:OptimizedDDPG:发现更好的模型 (奖励: -0.20)，已保存到 results/saved_models/ddpg_default_best
INFO:OptimizedDDPG:回合 10/1500 - 奖励: -0.20, 延迟: 64.9010s, 能耗: 0.0000J, 成功率: 44.0%, 步数: 1, 时间: 0.1s
INFO:OptimizedDDPG:回合 20/1500 - 奖励: -0.20, 延迟: 64.9010s, 能耗: 0.0000J, 成功率: 44.0%, 步数: 1, 时间: 0.1s
INFO:OptimizedDDPG:回合 30/1500 - 奖励: -0.20, 延迟: 64.9010s, 能耗: 0.0000J, 成功率: 44.0%, 步数: 1, 时间: 0.1s
INFO:OptimizedDDPG:回合 40/1500 - 奖励: -0.20, 延迟: 64.9010s, 能耗: 0.0000J, 成功率: 44.0%, 步数: 1, 时间: 0.1s
INFO:OptimizedDDPG:回合 50/1500 - 奖励: -0.20, 延迟: 64.9010s, 能耗: 0.0000J, 成功率: 44.0%, 步数: 1, 时间: 0.1s
INFO:OptimizedDDPG:回合 60/1500 - 奖励: -0.20, 延迟: 64.9010s, 能耗: 0.0000J, 成功率: 44.0%, 步数: 1, 时间: 0.1s
INFO:OptimizedDDPG:回合 70/1500 - 奖励: -0.20, 延迟: 64.9010s, 能耗: 0.0000J, 成功率: 44.0%, 步数: 1, 时间: 0.1s
INFO:OptimizedDDPG:回合 80/1500 - 奖励: -0.20, 延迟: 64.9010s, 能耗: 0.0000J, 成功率: 44.0%, 步数: 1, 时间: 0.1s
INFO:OptimizedDDPG:回合 90/1500 - 奖励: -0.20, 延迟: 64.9010s, 能耗: 0.0000J, 成功率: 44.0%, 步数: 1, 时间: 0.1s
INFO:OptimizedDDPG:回合 100/1500 - 奖励: -0.20, 延迟: 64.9010s, 能耗: 0.0000J, 成功率: 44.0%, 步数: 1, 时间: 0.1s
INFO:tensorflow:Assets written to: results/saved_models/ddpg_default_ep100_actor_saved_model/assets
INFO:tensorflow:Assets written to: results/saved_models/ddpg_default_ep100_critic_saved_model/assets
INFO:OptimizedDDPG:检查点已保存到 results/saved_models/ddpg_default_ep100
INFO:OptimizedDDPG:回合 110/1500 - 奖励: -0.20, 延迟: 64.9010s, 能耗: 0.0000J, 成功率: 44.0%, 步数: 1, 时间: 0.1s
INFO:OptimizedDDPG:回合 120/1500 - 奖励: -0.20, 延迟: 64.2021s, 能耗: 0.0009J, 成功率: 44.0%, 步数: 1, 时间: 0.1s
INFO:tensorflow:Assets written to: results/saved_models/ddpg_default_best_actor_saved_model/assets
INFO:tensorflow:Assets written to: results/saved_models/ddpg_default_best_critic_saved_model/assets
INFO:OptimizedDDPG:发现更好的模型 (奖励: -0.18)，已保存到 results/saved_models/ddpg_default_best
INFO:tensorflow:Assets written to: results/saved_models/ddpg_default_best_actor_saved_model/assets
INFO:tensorflow:Assets written to: results/saved_models/ddpg_default_best_critic_saved_model/assets
INFO:OptimizedDDPG:发现更好的模型 (奖励: -0.18)，已保存到 results/saved_models/ddpg_default_best
INFO:OptimizedDDPG:回合 130/1500 - 奖励: -0.18, 延迟: 58.4291s, 能耗: 0.0091J, 成功率: 50.0%, 步数: 1, 时间: 0.1s
INFO:tensorflow:Assets written to: results/saved_models/ddpg_default_best_actor_saved_model/assets
INFO:tensorflow:Assets written to: results/saved_models/ddpg_default_best_critic_saved_model/assets
INFO:OptimizedDDPG:发现更好的模型 (奖励: -0.18)，已保存到 results/saved_models/ddpg_default_best
INFO:tensorflow:Assets written to: results/saved_models/ddpg_default_best_actor_saved_model/assets
INFO:tensorflow:Assets written to: results/saved_models/ddpg_default_best_critic_saved_model/assets
INFO:OptimizedDDPG:发现更好的模型 (奖励: -0.18)，已保存到 results/saved_models/ddpg_default_best
INFO:tensorflow:Assets written to: results/saved_models/ddpg_default_best_actor_saved_model/assets
INFO:tensorflow:Assets written to: results/saved_models/ddpg_default_best_critic_saved_model/assets
INFO:OptimizedDDPG:发现更好的模型 (奖励: -0.15)，已保存到 results/saved_models/ddpg_default_best
INFO:OptimizedDDPG:回合 140/1500 - 奖励: -0.20, 延迟: 64.9010s, 能耗: 0.0000J, 成功率: 44.0%, 步数: 1, 时间: 0.1s
INFO:tensorflow:Assets written to: results/saved_models/ddpg_default_best_actor_saved_model/assets
INFO:tensorflow:Assets written to: results/saved_models/ddpg_default_best_critic_saved_model/assets
INFO:OptimizedDDPG:发现更好的模型 (奖励: -0.14)，已保存到 results/saved_models/ddpg_default_best
INFO:tensorflow:Assets written to: results/saved_models/ddpg_default_best_actor_saved_model/assets
INFO:tensorflow:Assets written to: results/saved_models/ddpg_default_best_critic_saved_model/assets
INFO:OptimizedDDPG:发现更好的模型 (奖励: -0.13)，已保存到 results/saved_models/ddpg_default_best
INFO:tensorflow:Assets written to: results/saved_models/ddpg_default_best_actor_saved_model/assets
INFO:tensorflow:Assets written to: results/saved_models/ddpg_default_best_critic_saved_model/assets
INFO:OptimizedDDPG:发现更好的模型 (奖励: -0.13)，已保存到 results/saved_models/ddpg_default_best
INFO:OptimizedDDPG:回合 150/1500 - 奖励: -0.11, 延迟: 45.0463s, 能耗: 0.0277J, 成功率: 68.0%, 步数: 1, 时间: 0.1s
INFO:tensorflow:Assets written to: results/saved_models/ddpg_default_best_actor_saved_model/assets
INFO:tensorflow:Assets written to: results/saved_models/ddpg_default_best_critic_saved_model/assets
INFO:OptimizedDDPG:发现更好的模型 (奖励: -0.11)，已保存到 results/saved_models/ddpg_default_best
INFO:tensorflow:Assets written to: results/saved_models/ddpg_default_best_actor_saved_model/assets
INFO:tensorflow:Assets written to: results/saved_models/ddpg_default_best_critic_saved_model/assets
INFO:OptimizedDDPG:发现更好的模型 (奖励: -0.09)，已保存到 results/saved_models/ddpg_default_best
INFO:OptimizedDDPG:回合 160/1500 - 奖励: -0.13, 延迟: 49.6672s, 能耗: 0.0304J, 成功率: 62.0%, 步数: 1, 时间: 0.1s
INFO:tensorflow:Assets written to: results/saved_models/ddpg_default_best_actor_saved_model/assets
INFO:tensorflow:Assets written to: results/saved_models/ddpg_default_best_critic_saved_model/assets
INFO:OptimizedDDPG:发现更好的模型 (奖励: -0.08)，已保存到 results/saved_models/ddpg_default_best
INFO:OptimizedDDPG:回合 170/1500 - 奖励: -0.20, 延迟: 64.9010s, 能耗: 0.0000J, 成功率: 44.0%, 步数: 1, 时间: 0.1s
INFO:OptimizedDDPG:回合 180/1500 - 奖励: -0.20, 延迟: 64.9010s, 能耗: 0.0000J, 成功率: 44.0%, 步数: 1, 时间: 0.1s
INFO:OptimizedDDPG:回合 190/1500 - 奖励: -0.13, 延迟: 43.4604s, 能耗: 0.0327J, 成功率: 64.0%, 步数: 1, 时间: 0.1s
INFO:tensorflow:Assets written to: results/saved_models/ddpg_default_best_actor_saved_model/assets
INFO:tensorflow:Assets written to: results/saved_models/ddpg_default_best_critic_saved_model/assets
INFO:OptimizedDDPG:发现更好的模型 (奖励: -0.06)，已保存到 results/saved_models/ddpg_default_best
INFO:OptimizedDDPG:回合 200/1500 - 奖励: -0.20, 延迟: 64.9010s, 能耗: 0.0000J, 成功率: 44.0%, 步数: 1, 时间: 0.1s
INFO:tensorflow:Assets written to: results/saved_models/ddpg_default_ep200_actor_saved_model/assets
INFO:tensorflow:Assets written to: results/saved_models/ddpg_default_ep200_critic_saved_model/assets
INFO:OptimizedDDPG:检查点已保存到 results/saved_models/ddpg_default_ep200
INFO:OptimizedDDPG:回合 210/1500 - 奖励: -0.12, 延迟: 45.9592s, 能耗: 0.0311J, 成功率: 66.0%, 步数: 1, 时间: 0.1s
INFO:OptimizedDDPG:回合 220/1500 - 奖励: -0.20, 延迟: 64.9010s, 能耗: 0.0000J, 成功率: 44.0%, 步数: 1, 时间: 0.1s
INFO:OptimizedDDPG:回合 230/1500 - 奖励: -0.20, 延迟: 64.9010s, 能耗: 0.0000J, 成功率: 44.0%, 步数: 1, 时间: 0.1s
INFO:OptimizedDDPG:回合 240/1500 - 奖励: -0.11, 延迟: 39.3880s, 能耗: 0.0341J, 成功率: 70.0%, 步数: 1, 时间: 0.1s
INFO:OptimizedDDPG:回合 250/1500 - 奖励: -0.12, 延迟: 42.3098s, 能耗: 0.0316J, 成功率: 66.0%, 步数: 1, 时间: 0.1s
INFO:OptimizedDDPG:回合 260/1500 - 奖励: -0.09, 延迟: 34.6290s, 能耗: 0.0387J, 成功率: 76.0%, 步数: 1, 时间: 0.1s
INFO:OptimizedDDPG:回合 270/1500 - 奖励: -0.20, 延迟: 64.9010s, 能耗: 0.0000J, 成功率: 44.0%, 步数: 1, 时间: 0.1s
INFO:OptimizedDDPG:回合 280/1500 - 奖励: -0.20, 延迟: 64.9010s, 能耗: 0.0000J, 成功率: 44.0%, 步数: 1, 时间: 0.1s
INFO:OptimizedDDPG:回合 290/1500 - 奖励: -0.20, 延迟: 64.9010s, 能耗: 0.0000J, 成功率: 44.0%, 步数: 1, 时间: 0.1s
INFO:OptimizedDDPG:回合 300/1500 - 奖励: -0.09, 延迟: 35.9235s, 能耗: 0.0387J, 成功率: 76.0%, 步数: 1, 时间: 0.1s
INFO:tensorflow:Assets written to: results/saved_models/ddpg_default_ep300_actor_saved_model/assets
INFO:tensorflow:Assets written to: results/saved_models/ddpg_default_ep300_critic_saved_model/assets
INFO:OptimizedDDPG:检查点已保存到 results/saved_models/ddpg_default_ep300
INFO:OptimizedDDPG:回合 310/1500 - 奖励: -0.20, 延迟: 64.9010s, 能耗: 0.0000J, 成功率: 44.0%, 步数: 1, 时间: 0.1s
INFO:OptimizedDDPG:回合 320/1500 - 奖励: -0.20, 延迟: 64.9010s, 能耗: 0.0000J, 成功率: 44.0%, 步数: 1, 时间: 0.1s
INFO:OptimizedDDPG:回合 330/1500 - 奖励: -0.20, 延迟: 64.9010s, 能耗: 0.0000J, 成功率: 44.0%, 步数: 1, 时间: 0.1s
INFO:OptimizedDDPG:回合 340/1500 - 奖励: -0.09, 延迟: 39.8577s, 能耗: 0.0388J, 成功率: 74.0%, 步数: 1, 时间: 0.1s
INFO:OptimizedDDPG:回合 350/1500 - 奖励: -0.12, 延迟: 41.4618s, 能耗: 0.0301J, 成功率: 66.0%, 步数: 1, 时间: 0.1s
INFO:OptimizedDDPG:回合 360/1500 - 奖励: -0.11, 延迟: 40.9788s, 能耗: 0.0292J, 成功率: 70.0%, 步数: 1, 时间: 0.1s
INFO:OptimizedDDPG:回合 370/1500 - 奖励: -0.20, 延迟: 64.9010s, 能耗: 0.0000J, 成功率: 44.0%, 步数: 1, 时间: 0.1s
INFO:OptimizedDDPG:回合 380/1500 - 奖励: -0.20, 延迟: 64.9010s, 能耗: 0.0000J, 成功率: 44.0%, 步数: 1, 时间: 0.1s
INFO:OptimizedDDPG:回合 390/1500 - 奖励: -0.20, 延迟: 64.9010s, 能耗: 0.0000J, 成功率: 44.0%, 步数: 1, 时间: 0.1s
INFO:OptimizedDDPG:回合 400/1500 - 奖励: -0.09, 延迟: 36.4101s, 能耗: 0.0478J, 成功率: 76.0%, 步数: 1, 时间: 0.1s
INFO:tensorflow:Assets written to: results/saved_models/ddpg_default_ep400_actor_saved_model/assets
INFO:tensorflow:Assets written to: results/saved_models/ddpg_default_ep400_critic_saved_model/assets
INFO:OptimizedDDPG:检查点已保存到 results/saved_models/ddpg_default_ep400
INFO:OptimizedDDPG:回合 410/1500 - 奖励: -0.06, 延迟: 32.7747s, 能耗: 0.0400J, 成功率: 82.0%, 步数: 1, 时间: 0.1s
INFO:OptimizedDDPG:回合 420/1500 - 奖励: -0.09, 延迟: 33.8356s, 能耗: 0.0361J, 成功率: 74.0%, 步数: 1, 时间: 0.1s
INFO:OptimizedDDPG:回合 430/1500 - 奖励: -0.20, 延迟: 64.9010s, 能耗: 0.0000J, 成功率: 44.0%, 步数: 1, 时间: 0.1s
INFO:OptimizedDDPG:回合 440/1500 - 奖励: -0.06, 延迟: 34.8558s, 能耗: 0.0370J, 成功率: 82.0%, 步数: 1, 时间: 0.1s
INFO:OptimizedDDPG:回合 450/1500 - 奖励: -0.11, 延迟: 42.6413s, 能耗: 0.0229J, 成功率: 68.0%, 步数: 1, 时间: 0.1s
INFO:OptimizedDDPG:回合 460/1500 - 奖励: -0.20, 延迟: 64.9010s, 能耗: 0.0000J, 成功率: 44.0%, 步数: 1, 时间: 0.0s
INFO:OptimizedDDPG:回合 470/1500 - 奖励: -0.20, 延迟: 64.9010s, 能耗: 0.0000J, 成功率: 44.0%, 步数: 1, 时间: 0.1s
INFO:OptimizedDDPG:回合 480/1500 - 奖励: -0.20, 延迟: 64.9010s, 能耗: 0.0000J, 成功率: 44.0%, 步数: 1, 时间: 0.1s
INFO:OptimizedDDPG:回合 490/1500 - 奖励: -0.20, 延迟: 64.9010s, 能耗: 0.0000J, 成功率: 44.0%, 步数: 1, 时间: 0.1s
INFO:OptimizedDDPG:回合 500/1500 - 奖励: -0.20, 延迟: 64.9010s, 能耗: 0.0000J, 成功率: 44.0%, 步数: 1, 时间: 0.1s
INFO:tensorflow:Assets written to: results/saved_models/ddpg_default_ep500_actor_saved_model/assets
INFO:tensorflow:Assets written to: results/saved_models/ddpg_default_ep500_critic_saved_model/assets
INFO:OptimizedDDPG:检查点已保存到 results/saved_models/ddpg_default_ep500
INFO:OptimizedDDPG:回合 510/1500 - 奖励: -0.09, 延迟: 36.9693s, 能耗: 0.0370J, 成功率: 76.0%, 步数: 1, 时间: 0.1s
INFO:OptimizedDDPG:回合 520/1500 - 奖励: -0.20, 延迟: 64.9010s, 能耗: 0.0000J, 成功率: 44.0%, 步数: 1, 时间: 0.1s
INFO:OptimizedDDPG:回合 530/1500 - 奖励: -0.20, 延迟: 64.9010s, 能耗: 0.0000J, 成功率: 44.0%, 步数: 1, 时间: 0.1s
INFO:OptimizedDDPG:回合 540/1500 - 奖励: -0.08, 延迟: 32.4717s, 能耗: 0.0380J, 成功率: 78.0%, 步数: 1, 时间: 0.1s
INFO:OptimizedDDPG:回合 550/1500 - 奖励: -0.09, 延迟: 36.5135s, 能耗: 0.0362J, 成功率: 76.0%, 步数: 1, 时间: 0.1s
INFO:OptimizedDDPG:回合 560/1500 - 奖励: -0.09, 延迟: 37.5370s, 能耗: 0.0419J, 成功率: 74.0%, 步数: 1, 时间: 0.1s
INFO:OptimizedDDPG:回合 570/1500 - 奖励: -0.13, 延迟: 46.1813s, 能耗: 0.0373J, 成功率: 64.0%, 步数: 1, 时间: 0.1s
INFO:OptimizedDDPG:回合 580/1500 - 奖励: -0.07, 延迟: 32.2904s, 能耗: 0.0428J, 成功率: 80.0%, 步数: 1, 时间: 0.1s
INFO:OptimizedDDPG:回合 590/1500 - 奖励: -0.20, 延迟: 64.9010s, 能耗: 0.0000J, 成功率: 44.0%, 步数: 1, 时间: 0.1s
INFO:OptimizedDDPG:回合 600/1500 - 奖励: -0.11, 延迟: 41.3157s, 能耗: 0.0290J, 成功率: 68.0%, 步数: 1, 时间: 0.1s
INFO:tensorflow:Assets written to: results/saved_models/ddpg_default_ep600_actor_saved_model/assets
INFO:tensorflow:Assets written to: results/saved_models/ddpg_default_ep600_critic_saved_model/assets
INFO:OptimizedDDPG:检查点已保存到 results/saved_models/ddpg_default_ep600
INFO:OptimizedDDPG:回合 610/1500 - 奖励: -0.20, 延迟: 64.9010s, 能耗: 0.0000J, 成功率: 44.0%, 步数: 1, 时间: 0.1s
INFO:OptimizedDDPG:回合 620/1500 - 奖励: -0.09, 延迟: 36.7849s, 能耗: 0.0402J, 成功率: 76.0%, 步数: 1, 时间: 0.1s
INFO:OptimizedDDPG:回合 630/1500 - 奖励: -0.20, 延迟: 64.9010s, 能耗: 0.0000J, 成功率: 44.0%, 步数: 1, 时间: 0.0s
INFO:OptimizedDDPG:回合 640/1500 - 奖励: -0.20, 延迟: 64.9010s, 能耗: 0.0000J, 成功率: 44.0%, 步数: 1, 时间: 0.1s
INFO:OptimizedDDPG:回合 650/1500 - 奖励: -0.11, 延迟: 45.9497s, 能耗: 0.0265J, 成功率: 70.0%, 步数: 1, 时间: 0.1s
INFO:OptimizedDDPG:回合 660/1500 - 奖励: -0.08, 延迟: 37.9427s, 能耗: 0.0287J, 成功率: 78.0%, 步数: 1, 时间: 0.1s
INFO:OptimizedDDPG:回合 670/1500 - 奖励: -0.09, 延迟: 34.9071s, 能耗: 0.0377J, 成功率: 76.0%, 步数: 1, 时间: 0.1s
INFO:OptimizedDDPG:回合 680/1500 - 奖励: -0.20, 延迟: 64.9010s, 能耗: 0.0000J, 成功率: 44.0%, 步数: 1, 时间: 0.1s
INFO:tensorflow:Assets written to: results/saved_models/ddpg_default_best_actor_saved_model/assets
INFO:tensorflow:Assets written to: results/saved_models/ddpg_default_best_critic_saved_model/assets
INFO:OptimizedDDPG:发现更好的模型 (奖励: -0.05)，已保存到 results/saved_models/ddpg_default_best
INFO:OptimizedDDPG:回合 690/1500 - 奖励: -0.20, 延迟: 64.9010s, 能耗: 0.0000J, 成功率: 44.0%, 步数: 1, 时间: 0.1s
INFO:OptimizedDDPG:回合 700/1500 - 奖励: -0.20, 延迟: 64.9010s, 能耗: 0.0000J, 成功率: 44.0%, 步数: 1, 时间: 0.1s
INFO:tensorflow:Assets written to: results/saved_models/ddpg_default_ep700_actor_saved_model/assets
INFO:tensorflow:Assets written to: results/saved_models/ddpg_default_ep700_critic_saved_model/assets
INFO:OptimizedDDPG:检查点已保存到 results/saved_models/ddpg_default_ep700
INFO:OptimizedDDPG:回合 710/1500 - 奖励: -0.10, 延迟: 38.5409s, 能耗: 0.0401J, 成功率: 72.0%, 步数: 1, 时间: 0.1s
INFO:OptimizedDDPG:回合 720/1500 - 奖励: -0.09, 延迟: 34.6659s, 能耗: 0.0455J, 成功率: 74.0%, 步数: 1, 时间: 0.1s
INFO:OptimizedDDPG:回合 730/1500 - 奖励: -0.20, 延迟: 64.9010s, 能耗: 0.0000J, 成功率: 44.0%, 步数: 1, 时间: 0.1s
INFO:OptimizedDDPG:回合 740/1500 - 奖励: -0.20, 延迟: 64.9010s, 能耗: 0.0000J, 成功率: 44.0%, 步数: 1, 时间: 0.1s
INFO:OptimizedDDPG:回合 750/1500 - 奖励: -0.20, 延迟: 64.9010s, 能耗: 0.0000J, 成功率: 44.0%, 步数: 1, 时间: 0.1s
INFO:OptimizedDDPG:回合 760/1500 - 奖励: -0.10, 延迟: 38.7574s, 能耗: 0.0302J, 成功率: 72.0%, 步数: 1, 时间: 0.1s
INFO:OptimizedDDPG:回合 770/1500 - 奖励: -0.20, 延迟: 64.9010s, 能耗: 0.0000J, 成功率: 44.0%, 步数: 1, 时间: 0.1s
INFO:OptimizedDDPG:回合 780/1500 - 奖励: -0.20, 延迟: 64.9010s, 能耗: 0.0000J, 成功率: 44.0%, 步数: 1, 时间: 0.1s
INFO:OptimizedDDPG:回合 790/1500 - 奖励: -0.20, 延迟: 64.9010s, 能耗: 0.0000J, 成功率: 44.0%, 步数: 1, 时间: 0.0s
INFO:OptimizedDDPG:回合 800/1500 - 奖励: -0.20, 延迟: 64.9010s, 能耗: 0.0000J, 成功率: 44.0%, 步数: 1, 时间: 0.0s
INFO:tensorflow:Assets written to: results/saved_models/ddpg_default_ep800_actor_saved_model/assets
INFO:tensorflow:Assets written to: results/saved_models/ddpg_default_ep800_critic_saved_model/assets
INFO:OptimizedDDPG:检查点已保存到 results/saved_models/ddpg_default_ep800
INFO:OptimizedDDPG:回合 810/1500 - 奖励: -0.09, 延迟: 38.8588s, 能耗: 0.0320J, 成功率: 74.0%, 步数: 1, 时间: 0.1s
INFO:OptimizedDDPG:回合 820/1500 - 奖励: -0.13, 延迟: 45.6208s, 能耗: 0.0233J, 成功率: 64.0%, 步数: 1, 时间: 0.1s
INFO:OptimizedDDPG:回合 830/1500 - 奖励: -0.20, 延迟: 64.9010s, 能耗: 0.0000J, 成功率: 44.0%, 步数: 1, 时间: 0.0s
INFO:OptimizedDDPG:回合 840/1500 - 奖励: -0.07, 延迟: 30.5966s, 能耗: 0.0458J, 成功率: 80.0%, 步数: 1, 时间: 0.1s
INFO:tensorflow:Assets written to: results/saved_models/ddpg_default_best_actor_saved_model/assets
INFO:tensorflow:Assets written to: results/saved_models/ddpg_default_best_critic_saved_model/assets
INFO:OptimizedDDPG:发现更好的模型 (奖励: -0.05)，已保存到 results/saved_models/ddpg_default_best
INFO:OptimizedDDPG:回合 850/1500 - 奖励: -0.20, 延迟: 64.9010s, 能耗: 0.0000J, 成功率: 44.0%, 步数: 1, 时间: 0.1s
INFO:OptimizedDDPG:回合 860/1500 - 奖励: -0.09, 延迟: 36.8957s, 能耗: 0.0434J, 成功率: 76.0%, 步数: 1, 时间: 0.1s
INFO:OptimizedDDPG:回合 870/1500 - 奖励: -0.20, 延迟: 64.9010s, 能耗: 0.0000J, 成功率: 44.0%, 步数: 1, 时间: 0.1s
INFO:OptimizedDDPG:回合 880/1500 - 奖励: -0.12, 延迟: 42.0160s, 能耗: 0.0384J, 成功率: 66.0%, 步数: 1, 时间: 0.1s
INFO:OptimizedDDPG:回合 890/1500 - 奖励: -0.10, 延迟: 36.9676s, 能耗: 0.0354J, 成功率: 72.0%, 步数: 1, 时间: 0.1s
INFO:OptimizedDDPG:回合 900/1500 - 奖励: -0.06, 延迟: 31.1931s, 能耗: 0.0490J, 成功率: 84.0%, 步数: 1, 时间: 0.1s
INFO:tensorflow:Assets written to: results/saved_models/ddpg_default_ep900_actor_saved_model/assets
INFO:tensorflow:Assets written to: results/saved_models/ddpg_default_ep900_critic_saved_model/assets
INFO:OptimizedDDPG:检查点已保存到 results/saved_models/ddpg_default_ep900
INFO:OptimizedDDPG:回合 910/1500 - 奖励: -0.09, 延迟: 37.0389s, 能耗: 0.0297J, 成功率: 74.0%, 步数: 1, 时间: 0.1s
INFO:OptimizedDDPG:回合 920/1500 - 奖励: -0.06, 延迟: 28.9291s, 能耗: 0.0457J, 成功率: 84.0%, 步数: 1, 时间: 0.1s
INFO:OptimizedDDPG:回合 930/1500 - 奖励: -0.05, 延迟: 26.1916s, 能耗: 0.0415J, 成功率: 86.0%, 步数: 1, 时间: 0.1s
INFO:OptimizedDDPG:回合 940/1500 - 奖励: -0.20, 延迟: 64.9010s, 能耗: 0.0000J, 成功率: 44.0%, 步数: 1, 时间: 0.1s
INFO:OptimizedDDPG:回合 950/1500 - 奖励: -0.10, 延迟: 34.7181s, 能耗: 0.0406J, 成功率: 72.0%, 步数: 1, 时间: 0.1s
INFO:OptimizedDDPG:回合 960/1500 - 奖励: -0.09, 延迟: 34.1075s, 能耗: 0.0460J, 成功率: 74.0%, 步数: 1, 时间: 0.1s
INFO:OptimizedDDPG:回合 970/1500 - 奖励: -0.09, 延迟: 38.0738s, 能耗: 0.0431J, 成功率: 74.0%, 步数: 1, 时间: 0.1s
INFO:OptimizedDDPG:回合 980/1500 - 奖励: -0.20, 延迟: 64.9010s, 能耗: 0.0000J, 成功率: 44.0%, 步数: 1, 时间: 0.1s
INFO:OptimizedDDPG:回合 990/1500 - 奖励: -0.09, 延迟: 36.9491s, 能耗: 0.0350J, 成功率: 74.0%, 步数: 1, 时间: 0.1s
INFO:OptimizedDDPG:回合 1000/1500 - 奖励: -0.09, 延迟: 36.7899s, 能耗: 0.0336J, 成功率: 74.0%, 步数: 1, 时间: 0.1s
INFO:tensorflow:Assets written to: results/saved_models/ddpg_default_ep1000_actor_saved_model/assets
INFO:tensorflow:Assets written to: results/saved_models/ddpg_default_ep1000_critic_saved_model/assets
INFO:OptimizedDDPG:检查点已保存到 results/saved_models/ddpg_default_ep1000
INFO:OptimizedDDPG:回合 1010/1500 - 奖励: -0.20, 延迟: 64.9010s, 能耗: 0.0000J, 成功率: 44.0%, 步数: 1, 时间: 0.1s
INFO:OptimizedDDPG:回合 1020/1500 - 奖励: -0.20, 延迟: 64.9010s, 能耗: 0.0000J, 成功率: 44.0%, 步数: 1, 时间: 0.1s
INFO:OptimizedDDPG:回合 1030/1500 - 奖励: -0.20, 延迟: 64.9010s, 能耗: 0.0000J, 成功率: 44.0%, 步数: 1, 时间: 0.1s
INFO:OptimizedDDPG:回合 1040/1500 - 奖励: -0.20, 延迟: 64.9010s, 能耗: 0.0000J, 成功率: 44.0%, 步数: 1, 时间: 0.1s
INFO:OptimizedDDPG:回合 1050/1500 - 奖励: -0.20, 延迟: 64.9010s, 能耗: 0.0000J, 成功率: 44.0%, 步数: 1, 时间: 0.1s
INFO:OptimizedDDPG:回合 1060/1500 - 奖励: -0.13, 延迟: 45.8373s, 能耗: 0.0388J, 成功率: 62.0%, 步数: 1, 时间: 0.1s
INFO:OptimizedDDPG:回合 1070/1500 - 奖励: -0.09, 延迟: 37.7151s, 能耗: 0.0333J, 成功率: 74.0%, 步数: 1, 时间: 0.1s
INFO:OptimizedDDPG:回合 1080/1500 - 奖励: -0.12, 延迟: 45.2674s, 能耗: 0.0288J, 成功率: 66.0%, 步数: 1, 时间: 0.1s
INFO:OptimizedDDPG:回合 1090/1500 - 奖励: -0.09, 延迟: 38.3152s, 能耗: 0.0386J, 成功率: 74.0%, 步数: 1, 时间: 0.1s
INFO:OptimizedDDPG:回合 1100/1500 - 奖励: -0.11, 延迟: 40.8001s, 能耗: 0.0308J, 成功率: 70.0%, 步数: 1, 时间: 0.1s
INFO:tensorflow:Assets written to: results/saved_models/ddpg_default_ep1100_actor_saved_model/assets
INFO:tensorflow:Assets written to: results/saved_models/ddpg_default_ep1100_critic_saved_model/assets
INFO:OptimizedDDPG:检查点已保存到 results/saved_models/ddpg_default_ep1100
INFO:OptimizedDDPG:回合 1110/1500 - 奖励: -0.09, 延迟: 32.4305s, 能耗: 0.0456J, 成功率: 76.0%, 步数: 1, 时间: 0.1s
INFO:OptimizedDDPG:回合 1120/1500 - 奖励: -0.12, 延迟: 39.7127s, 能耗: 0.0394J, 成功率: 66.0%, 步数: 1, 时间: 0.1s
INFO:OptimizedDDPG:回合 1130/1500 - 奖励: -0.11, 延迟: 38.0439s, 能耗: 0.0431J, 成功率: 70.0%, 步数: 1, 时间: 0.1s
INFO:OptimizedDDPG:回合 1140/1500 - 奖励: -0.20, 延迟: 64.9010s, 能耗: 0.0000J, 成功率: 44.0%, 步数: 1, 时间: 0.1s
INFO:OptimizedDDPG:回合 1150/1500 - 奖励: -0.09, 延迟: 36.4868s, 能耗: 0.0390J, 成功率: 76.0%, 步数: 1, 时间: 0.1s
INFO:OptimizedDDPG:回合 1160/1500 - 奖励: -0.11, 延迟: 42.2986s, 能耗: 0.0292J, 成功率: 68.0%, 步数: 1, 时间: 0.1s
INFO:OptimizedDDPG:回合 1170/1500 - 奖励: -0.08, 延迟: 38.1558s, 能耗: 0.0298J, 成功率: 76.0%, 步数: 1, 时间: 0.1s
INFO:OptimizedDDPG:回合 1180/1500 - 奖励: -0.10, 延迟: 34.5012s, 能耗: 0.0431J, 成功率: 72.0%, 步数: 1, 时间: 0.1s
INFO:OptimizedDDPG:回合 1190/1500 - 奖励: -0.20, 延迟: 64.9010s, 能耗: 0.0000J, 成功率: 44.0%, 步数: 1, 时间: 0.1s
INFO:OptimizedDDPG:回合 1200/1500 - 奖励: -0.20, 延迟: 64.9010s, 能耗: 0.0000J, 成功率: 44.0%, 步数: 1, 时间: 0.1s
INFO:tensorflow:Assets written to: results/saved_models/ddpg_default_ep1200_actor_saved_model/assets
INFO:tensorflow:Assets written to: results/saved_models/ddpg_default_ep1200_critic_saved_model/assets
INFO:OptimizedDDPG:检查点已保存到 results/saved_models/ddpg_default_ep1200
INFO:OptimizedDDPG:回合 1210/1500 - 奖励: -0.10, 延迟: 40.1692s, 能耗: 0.0339J, 成功率: 72.0%, 步数: 1, 时间: 0.1s
INFO:OptimizedDDPG:回合 1220/1500 - 奖励: -0.09, 延迟: 39.0261s, 能耗: 0.0370J, 成功率: 76.0%, 步数: 1, 时间: 0.1s
INFO:OptimizedDDPG:回合 1230/1500 - 奖励: -0.20, 延迟: 64.9010s, 能耗: 0.0000J, 成功率: 44.0%, 步数: 1, 时间: 0.1s
INFO:OptimizedDDPG:回合 1240/1500 - 奖励: -0.08, 延迟: 37.3481s, 能耗: 0.0443J, 成功率: 78.0%, 步数: 1, 时间: 0.1s
INFO:OptimizedDDPG:回合 1250/1500 - 奖励: -0.10, 延迟: 42.3686s, 能耗: 0.0265J, 成功率: 72.0%, 步数: 1, 时间: 0.1s
INFO:OptimizedDDPG:回合 1260/1500 - 奖励: -0.20, 延迟: 64.9010s, 能耗: 0.0000J, 成功率: 44.0%, 步数: 1, 时间: 0.1s
INFO:OptimizedDDPG:回合 1270/1500 - 奖励: -0.09, 延迟: 38.8894s, 能耗: 0.0339J, 成功率: 74.0%, 步数: 1, 时间: 0.1s
INFO:OptimizedDDPG:回合 1280/1500 - 奖励: -0.09, 延迟: 34.1358s, 能耗: 0.0421J, 成功率: 76.0%, 步数: 1, 时间: 0.1s
INFO:OptimizedDDPG:回合 1290/1500 - 奖励: -0.10, 延迟: 38.8299s, 能耗: 0.0367J, 成功率: 72.0%, 步数: 1, 时间: 0.1s
INFO:OptimizedDDPG:回合 1300/1500 - 奖励: -0.13, 延迟: 42.6663s, 能耗: 0.0299J, 成功率: 64.0%, 步数: 1, 时间: 0.1s
INFO:tensorflow:Assets written to: results/saved_models/ddpg_default_ep1300_actor_saved_model/assets
INFO:tensorflow:Assets written to: results/saved_models/ddpg_default_ep1300_critic_saved_model/assets
INFO:OptimizedDDPG:检查点已保存到 results/saved_models/ddpg_default_ep1300
INFO:OptimizedDDPG:回合 1310/1500 - 奖励: -0.09, 延迟: 36.4622s, 能耗: 0.0391J, 成功率: 74.0%, 步数: 1, 时间: 0.1s
INFO:OptimizedDDPG:回合 1320/1500 - 奖励: -0.11, 延迟: 39.2871s, 能耗: 0.0293J, 成功率: 70.0%, 步数: 1, 时间: 0.1s
INFO:OptimizedDDPG:回合 1330/1500 - 奖励: -0.12, 延迟: 41.6381s, 能耗: 0.0266J, 成功率: 66.0%, 步数: 1, 时间: 0.1s
INFO:OptimizedDDPG:回合 1340/1500 - 奖励: -0.09, 延迟: 36.9992s, 能耗: 0.0406J, 成功率: 76.0%, 步数: 1, 时间: 0.1s
INFO:OptimizedDDPG:回合 1350/1500 - 奖励: -0.13, 延迟: 42.6539s, 能耗: 0.0263J, 成功率: 64.0%, 步数: 1, 时间: 0.1s
INFO:OptimizedDDPG:回合 1360/1500 - 奖励: -0.10, 延迟: 39.0355s, 能耗: 0.0312J, 成功率: 72.0%, 步数: 1, 时间: 0.1s
INFO:OptimizedDDPG:回合 1370/1500 - 奖励: -0.12, 延迟: 48.5988s, 能耗: 0.0259J, 成功率: 66.0%, 步数: 1, 时间: 0.1s
INFO:OptimizedDDPG:回合 1380/1500 - 奖励: -0.12, 延迟: 44.6372s, 能耗: 0.0356J, 成功率: 66.0%, 步数: 1, 时间: 0.1s
INFO:OptimizedDDPG:回合 1390/1500 - 奖励: -0.09, 延迟: 38.7611s, 能耗: 0.0393J, 成功率: 74.0%, 步数: 1, 时间: 0.1s
INFO:OptimizedDDPG:回合 1400/1500 - 奖励: -0.09, 延迟: 34.0780s, 能耗: 0.0443J, 成功率: 74.0%, 步数: 1, 时间: 0.1s
INFO:tensorflow:Assets written to: results/saved_models/ddpg_default_ep1400_actor_saved_model/assets
INFO:tensorflow:Assets written to: results/saved_models/ddpg_default_ep1400_critic_saved_model/assets
INFO:OptimizedDDPG:检查点已保存到 results/saved_models/ddpg_default_ep1400
INFO:OptimizedDDPG:回合 1410/1500 - 奖励: -0.08, 延迟: 32.7500s, 能耗: 0.0420J, 成功率: 78.0%, 步数: 1, 时间: 0.1s
INFO:OptimizedDDPG:回合 1420/1500 - 奖励: -0.11, 延迟: 41.2536s, 能耗: 0.0341J, 成功率: 70.0%, 步数: 1, 时间: 0.1s
INFO:OptimizedDDPG:回合 1430/1500 - 奖励: -0.20, 延迟: 64.9010s, 能耗: 0.0000J, 成功率: 44.0%, 步数: 1, 时间: 0.1s
INFO:OptimizedDDPG:回合 1440/1500 - 奖励: -0.20, 延迟: 64.9010s, 能耗: 0.0000J, 成功率: 44.0%, 步数: 1, 时间: 0.1s
INFO:OptimizedDDPG:回合 1450/1500 - 奖励: -0.08, 延迟: 37.2875s, 能耗: 0.0362J, 成功率: 78.0%, 步数: 1, 时间: 0.1s
INFO:OptimizedDDPG:回合 1460/1500 - 奖励: -0.07, 延迟: 32.7883s, 能耗: 0.0471J, 成功率: 80.0%, 步数: 1, 时间: 0.1s
INFO:OptimizedDDPG:回合 1470/1500 - 奖励: -0.20, 延迟: 64.9010s, 能耗: 0.0000J, 成功率: 44.0%, 步数: 1, 时间: 0.1s
INFO:OptimizedDDPG:回合 1480/1500 - 奖励: -0.09, 延迟: 38.2465s, 能耗: 0.0342J, 成功率: 74.0%, 步数: 1, 时间: 0.1s
INFO:OptimizedDDPG:回合 1490/1500 - 奖励: -0.20, 延迟: 64.9010s, 能耗: 0.0000J, 成功率: 44.0%, 步数: 1, 时间: 0.1s
INFO:OptimizedDDPG:回合 1500/1500 - 奖励: -0.20, 延迟: 64.9010s, 能耗: 0.0000J, 成功率: 44.0%, 步数: 1, 时间: 0.1s
INFO:tensorflow:Assets written to: results/saved_models/ddpg_default_ep1500_actor_saved_model/assets
INFO:tensorflow:Assets written to: results/saved_models/ddpg_default_ep1500_critic_saved_model/assets
INFO:OptimizedDDPG:检查点已保存到 results/saved_models/ddpg_default_ep1500
INFO:tensorflow:Assets written to: results/saved_models/ddpg_default_final_actor_saved_model/assets
INFO:tensorflow:Assets written to: results/saved_models/ddpg_default_final_critic_saved_model/assets
INFO:OptimizedDDPG:最终模型已保存到 results/saved_models/ddpg_default_final
INFO:OptimizedDDPG:训练结果已保存到 results
